pair_id,source,control_id,control_family,control_name,control_desc,n_atoms,atom_keys,atoms_text,passage_id,passage_section,passage_text,covered_atoms,evidence,label_manual,confidence,note,label_prior
M1.1.3__clientname-IS-POL-00-Asset Management Policy 6_passage_1,retrieval,M1.1.3,M1,Roles and Responsibilities,The entity shall ensure that the responsibilities and authorities of roles for information security are assigned and communicated.,5,"a,b,c,d,e","a: Top management shall assign the responsibility and the authority for:
b: ensuring that the information security implemented in the entity conforms to the requirements of the
c: reporting on the performance of information security to top management Top management shall ensure that
d: an Information Security Manager is appointed to take overall responsibility for the establishment, implementation, maintenance and continual improvement of information security
e: an Information Security Committee is established that oversees and governs the establishment, implementation, maintenance and continual improvement of information security in the entity, and that integrates information security in the entity",clientname-IS-POL-00-Asset Management Policy 6_passage_1,Passage 1,"<CLIENT>-IS-POL-00X

<!-- image -->

Abstract

This Policy defines the requirements for secure management of the assets owned and used by <CLIENT>, throughout its lifecycle.

**STATEMENT OF CONFIDENTIALITY**

All information in this document is <CLIENT> PRIVILEGED and for INTERNAL USE ONLY.

The information in this document may contain <CLIENT> proprietary trade secrets and confidential information, the disclosure of which could substantially benefit competitors. As a result, this document should not be disclosed, used or duplicated – in whole or in part without the explicit authorization of <CLIENT> management.

The information is intended solely for the use of authorized recipients. If you are not the intended recipient, you are prohibited from reading, using, disseminating, distributing and copying this document.

In accessing the document, the reader warrants that the information contained herein shall only be treated for internal use. No content of an
<CLIENT>-IS-POL-00X

<!-- image -->

Abstract

This Policy defines the requirements for secure management of the assets owned and used by <CLIENT>, throughout its lifecycle.

**STATEMENT OF CONFIDENTIALITY**

All information in this document is <CLIENT> PRIVILEGED and for INTERNAL USE ONLY.

The information in this document may contain <CLIENT> proprietary trade secrets and confidential information, the disclosure of which could substantially benefit competitors. As a result, this document should not be disclosed, used or duplicated – in whole or in part without the explicit authorization of <CLIENT> management.

The information is intended solely for the use of authorized recipients. If you are not the intended recipient, you are prohibited from reading, using, disseminating, distributing and copying this document.

In accessing the document, the reader warrants that the information contained herein shall only be treated for internal use. No content of an",,,,,,
M1.4.3__clientname-IS-POL-00-Asset Management Policy 6_passage_1,retrieval,M1.4.3,M1,Documentation,"The entity shall maintain, protect and control documentation of its information security controls and their implementation.",12,"a,b,c,d,e,f,g,h,i,j,k,l","a: The entity shall ensure that
b: documents are approved prior to issue
c: documents are reviewed and updated as necessary
d: changes and the current revision status of documents are identified
e: documents remain legible and readily identifiable
f: documents are available to those who need them, are transferred, and stored in accordance with the procedures applicable to their classification
g: documents are disposed of in accordance with the procedures applicable to their classification
h: documents of external origin are identified
i: the distribution of documents is controlled
j: the unintended use of obsolete documents is prevented, and that up to date versions are available
k: suitable identification is applied to documents if they are retained for any purpose The entity shall document the compliance with the “mandatory” controls in a way that allows unique reference to the requirements of this Regulatio
l: (Sample Compliance Template may be provided by TRA in this regard).",clientname-IS-POL-00-Asset Management Policy 6_passage_1,Passage 1,"<CLIENT>-IS-POL-00X

<!-- image -->

Abstract

This Policy defines the requirements for secure management of the assets owned and used by <CLIENT>, throughout its lifecycle.

**STATEMENT OF CONFIDENTIALITY**

All information in this document is <CLIENT> PRIVILEGED and for INTERNAL USE ONLY.

The information in this document may contain <CLIENT> proprietary trade secrets and confidential information, the disclosure of which could substantially benefit competitors. As a result, this document should not be disclosed, used or duplicated – in whole or in part without the explicit authorization of <CLIENT> management.

The information is intended solely for the use of authorized recipients. If you are not the intended recipient, you are prohibited from reading, using, disseminating, distributing and copying this document.

In accessing the document, the reader warrants that the information contained herein shall only be treated for internal use. No content of an
<CLIENT>-IS-POL-00X

<!-- image -->

Abstract

This Policy defines the requirements for secure management of the assets owned and used by <CLIENT>, throughout its lifecycle.

**STATEMENT OF CONFIDENTIALITY**

All information in this document is <CLIENT> PRIVILEGED and for INTERNAL USE ONLY.

The information in this document may contain <CLIENT> proprietary trade secrets and confidential information, the disclosure of which could substantially benefit competitors. As a result, this document should not be disclosed, used or duplicated – in whole or in part without the explicit authorization of <CLIENT> management.

The information is intended solely for the use of authorized recipients. If you are not the intended recipient, you are prohibited from reading, using, disseminating, distributing and copying this document.

In accessing the document, the reader warrants that the information contained herein shall only be treated for internal use. No content of an",,,,,,
M2.2.2__clientname-IS-POL-00-Asset Management Policy 6_passage_1,retrieval,M2.2.2,M2,Information Security Risk,The entity shall analyze its information security risks.,5,"a,b,c,d,e","a: The entity shall:
b: assess the potential consequences that would result if the identified risks were to materialize by assessing the consequences of losses of confidentiality, integrity or availability
c: assess the realistic likelihood of the occurrence of the identified risks based on the existing controls, identified vulnerabilities and threats
d: determine the levels of risk
e: document the results of the risk analysis",clientname-IS-POL-00-Asset Management Policy 6_passage_1,Passage 1,"<CLIENT>-IS-POL-00X

<!-- image -->

Abstract

This Policy defines the requirements for secure management of the assets owned and used by <CLIENT>, throughout its lifecycle.

**STATEMENT OF CONFIDENTIALITY**

All information in this document is <CLIENT> PRIVILEGED and for INTERNAL USE ONLY.

The information in this document may contain <CLIENT> proprietary trade secrets and confidential information, the disclosure of which could substantially benefit competitors. As a result, this document should not be disclosed, used or duplicated – in whole or in part without the explicit authorization of <CLIENT> management.

The information is intended solely for the use of authorized recipients. If you are not the intended recipient, you are prohibited from reading, using, disseminating, distributing and copying this document.

In accessing the document, the reader warrants that the information contained herein shall only be treated for internal use. No content of an
<CLIENT>-IS-POL-00X

<!-- image -->

Abstract

This Policy defines the requirements for secure management of the assets owned and used by <CLIENT>, throughout its lifecycle.

**STATEMENT OF CONFIDENTIALITY**

All information in this document is <CLIENT> PRIVILEGED and for INTERNAL USE ONLY.

The information in this document may contain <CLIENT> proprietary trade secrets and confidential information, the disclosure of which could substantially benefit competitors. As a result, this document should not be disclosed, used or duplicated – in whole or in part without the explicit authorization of <CLIENT> management.

The information is intended solely for the use of authorized recipients. If you are not the intended recipient, you are prohibited from reading, using, disseminating, distributing and copying this document.

In accessing the document, the reader warrants that the information contained herein shall only be treated for internal use. No content of an",,,,,,
M2.3.4__clientname-IS-POL-00-Asset Management Policy 6_passage_1,retrieval,M2.3.4,M2,Unknown,"has been overlooked. It is important to be aware of that the list of identified controls is very likely to contain sensitive information. Therefore, appropriate care should be taken when making the summary of controls available to both internal and external recipients.",0,,(no sub-controls — judge on description),clientname-IS-POL-00-Asset Management Policy 6_passage_1,Passage 1,"<CLIENT>-IS-POL-00X

<!-- image -->

Abstract

This Policy defines the requirements for secure management of the assets owned and used by <CLIENT>, throughout its lifecycle.

**STATEMENT OF CONFIDENTIALITY**

All information in this document is <CLIENT> PRIVILEGED and for INTERNAL USE ONLY.

The information in this document may contain <CLIENT> proprietary trade secrets and confidential information, the disclosure of which could substantially benefit competitors. As a result, this document should not be disclosed, used or duplicated – in whole or in part without the explicit authorization of <CLIENT> management.

The information is intended solely for the use of authorized recipients. If you are not the intended recipient, you are prohibited from reading, using, disseminating, distributing and copying this document.

In accessing the document, the reader warrants that the information contained herein shall only be treated for internal use. No content of an
<CLIENT>-IS-POL-00X

<!-- image -->

Abstract

This Policy defines the requirements for secure management of the assets owned and used by <CLIENT>, throughout its lifecycle.

**STATEMENT OF CONFIDENTIALITY**

All information in this document is <CLIENT> PRIVILEGED and for INTERNAL USE ONLY.

The information in this document may contain <CLIENT> proprietary trade secrets and confidential information, the disclosure of which could substantially benefit competitors. As a result, this document should not be disclosed, used or duplicated – in whole or in part without the explicit authorization of <CLIENT> management.

The information is intended solely for the use of authorized recipients. If you are not the intended recipient, you are prohibited from reading, using, disseminating, distributing and copying this document.

In accessing the document, the reader warrants that the information contained herein shall only be treated for internal use. No content of an",,,,,,
M2.4.1__clientname-IS-POL-00-Asset Management Policy 6_passage_1,retrieval,M2.4.1,M2,Information Security Risk,The entity shall plan and document the process for the review and update of the risk assessment and treatment; this shall include planned reviews and updates as well as ad hoc updates if significant changes occur.,11,"b,c,d,e,f,g,h,i,j,k,l","b: The entity’s monitoring and review processes shall encompass all aspects of the risk management process and shall take account of changes in:
c: the entity itself
d: technology used
e: business objectives and processes
f: risk criteria and the risk assessment process
g: assets and consequences of losses of confidentiality, integrity or availability
h: identified threats;
i: identified vulnerabilities
j: effectiveness of the implemented controls
k: external events, such as changes to the legal or regulatory environment, changed contractual obligations, and changes in social climate
l: the entity shall monitor security incidents (see",clientname-IS-POL-00-Asset Management Policy 6_passage_1,Passage 1,"<CLIENT>-IS-POL-00X

<!-- image -->

Abstract

This Policy defines the requirements for secure management of the assets owned and used by <CLIENT>, throughout its lifecycle.

**STATEMENT OF CONFIDENTIALITY**

All information in this document is <CLIENT> PRIVILEGED and for INTERNAL USE ONLY.

The information in this document may contain <CLIENT> proprietary trade secrets and confidential information, the disclosure of which could substantially benefit competitors. As a result, this document should not be disclosed, used or duplicated – in whole or in part without the explicit authorization of <CLIENT> management.

The information is intended solely for the use of authorized recipients. If you are not the intended recipient, you are prohibited from reading, using, disseminating, distributing and copying this document.

In accessing the document, the reader warrants that the information contained herein shall only be treated for internal use. No content of an
<CLIENT>-IS-POL-00X

<!-- image -->

Abstract

This Policy defines the requirements for secure management of the assets owned and used by <CLIENT>, throughout its lifecycle.

**STATEMENT OF CONFIDENTIALITY**

All information in this document is <CLIENT> PRIVILEGED and for INTERNAL USE ONLY.

The information in this document may contain <CLIENT> proprietary trade secrets and confidential information, the disclosure of which could substantially benefit competitors. As a result, this document should not be disclosed, used or duplicated – in whole or in part without the explicit authorization of <CLIENT> management.

The information is intended solely for the use of authorized recipients. If you are not the intended recipient, you are prohibited from reading, using, disseminating, distributing and copying this document.

In accessing the document, the reader warrants that the information contained herein shall only be treated for internal use. No content of an",,,,,,
M5.2.7__clientname-IS-POL-00-Asset Management Policy 6_passage_1,retrieval,M5.2.7,M5,Liability to the Information,"The entity shall ensure that liability issues and remediation are clarified, understood and approved by all members of an information sharing community, to address situations in which information is intentionally or unintentionally disclosed.",4,"a,b,c,d","a: The entity shall:
b: identify any liability issues and remediation requirements regarding unauthorized disclosure of information in all information sharing communities in which the entity participates
c: define specific remediation procedures for each relevant information sharing community
d: communicate to the relevant information sharing community any issues identified regarding remediation procedures",clientname-IS-POL-00-Asset Management Policy 6_passage_1,Passage 1,"<CLIENT>-IS-POL-00X

<!-- image -->

Abstract

This Policy defines the requirements for secure management of the assets owned and used by <CLIENT>, throughout its lifecycle.

**STATEMENT OF CONFIDENTIALITY**

All information in this document is <CLIENT> PRIVILEGED and for INTERNAL USE ONLY.

The information in this document may contain <CLIENT> proprietary trade secrets and confidential information, the disclosure of which could substantially benefit competitors. As a result, this document should not be disclosed, used or duplicated – in whole or in part without the explicit authorization of <CLIENT> management.

The information is intended solely for the use of authorized recipients. If you are not the intended recipient, you are prohibited from reading, using, disseminating, distributing and copying this document.

In accessing the document, the reader warrants that the information contained herein shall only be treated for internal use. No content of an
<CLIENT>-IS-POL-00X

<!-- image -->

Abstract

This Policy defines the requirements for secure management of the assets owned and used by <CLIENT>, throughout its lifecycle.

**STATEMENT OF CONFIDENTIALITY**

All information in this document is <CLIENT> PRIVILEGED and for INTERNAL USE ONLY.

The information in this document may contain <CLIENT> proprietary trade secrets and confidential information, the disclosure of which could substantially benefit competitors. As a result, this document should not be disclosed, used or duplicated – in whole or in part without the explicit authorization of <CLIENT> management.

The information is intended solely for the use of authorized recipients. If you are not the intended recipient, you are prohibited from reading, using, disseminating, distributing and copying this document.

In accessing the document, the reader warrants that the information contained herein shall only be treated for internal use. No content of an",,,,,,
M6.2.2__clientname-IS-POL-00-Asset Management Policy 6_passage_1,retrieval,M6.2.2,M6,Internal Audits,The entity shall plan and conduct internal audits of the information security in place.,12,"a,b,c,d,e,f,g,h,i,j,k,l","a: The entity shall:
b: define the audit criteria, scope and audit plan for each audit
c: select auditors and conduct audits to ensure objectivity and the impartiality of the audit process
d: ensure that the results of the audits are reported to relevant management
e: document the audit program and the audit results
f: ensure that the internal audit is effectively implemented and maintained The internal audits shall:
g: be planned, established, implemented and maintained, including the frequency, methods, responsibilities, planning requirements, and reporting of the internal audits
h: take account of the importance of the processes concerned and the results of previous audits
i: ensure that entity’s information security conforms to:
j: the entity’s own requirements for information security
k: the requirements of this Regulation
l: any applicable requirements from the entity’s sector, national or regulatory environment",clientname-IS-POL-00-Asset Management Policy 6_passage_1,Passage 1,"<CLIENT>-IS-POL-00X

<!-- image -->

Abstract

This Policy defines the requirements for secure management of the assets owned and used by <CLIENT>, throughout its lifecycle.

**STATEMENT OF CONFIDENTIALITY**

All information in this document is <CLIENT> PRIVILEGED and for INTERNAL USE ONLY.

The information in this document may contain <CLIENT> proprietary trade secrets and confidential information, the disclosure of which could substantially benefit competitors. As a result, this document should not be disclosed, used or duplicated – in whole or in part without the explicit authorization of <CLIENT> management.

The information is intended solely for the use of authorized recipients. If you are not the intended recipient, you are prohibited from reading, using, disseminating, distributing and copying this document.

In accessing the document, the reader warrants that the information contained herein shall only be treated for internal use. No content of an
<CLIENT>-IS-POL-00X

<!-- image -->

Abstract

This Policy defines the requirements for secure management of the assets owned and used by <CLIENT>, throughout its lifecycle.

**STATEMENT OF CONFIDENTIALITY**

All information in this document is <CLIENT> PRIVILEGED and for INTERNAL USE ONLY.

The information in this document may contain <CLIENT> proprietary trade secrets and confidential information, the disclosure of which could substantially benefit competitors. As a result, this document should not be disclosed, used or duplicated – in whole or in part without the explicit authorization of <CLIENT> management.

The information is intended solely for the use of authorized recipients. If you are not the intended recipient, you are prohibited from reading, using, disseminating, distributing and copying this document.

In accessing the document, the reader warrants that the information contained herein shall only be treated for internal use. No content of an",,,,,,
T1.4.2__clientname-IS-POL-00-Asset Management Policy 6_passage_1,retrieval,T1.4.2,T1,Disposal of Media,The entity shall dispose media when no longer needed.,5,"a,b,c,d,e","a: The entity shall:
b: establish procedures for secure disposal of media containing confidential information based on the sensitivity of that information
c: destroy media, both paper and digital, when no longer serving the entity
d: keep records for disposed media (containing or used to contain confidential informatio
e: when no longer needed",clientname-IS-POL-00-Asset Management Policy 6_passage_1,Passage 1,"<CLIENT>-IS-POL-00X

<!-- image -->

Abstract

This Policy defines the requirements for secure management of the assets owned and used by <CLIENT>, throughout its lifecycle.

**STATEMENT OF CONFIDENTIALITY**

All information in this document is <CLIENT> PRIVILEGED and for INTERNAL USE ONLY.

The information in this document may contain <CLIENT> proprietary trade secrets and confidential information, the disclosure of which could substantially benefit competitors. As a result, this document should not be disclosed, used or duplicated – in whole or in part without the explicit authorization of <CLIENT> management.

The information is intended solely for the use of authorized recipients. If you are not the intended recipient, you are prohibited from reading, using, disseminating, distributing and copying this document.

In accessing the document, the reader warrants that the information contained herein shall only be treated for internal use. No content of an
<CLIENT>-IS-POL-00X

<!-- image -->

Abstract

This Policy defines the requirements for secure management of the assets owned and used by <CLIENT>, throughout its lifecycle.

**STATEMENT OF CONFIDENTIALITY**

All information in this document is <CLIENT> PRIVILEGED and for INTERNAL USE ONLY.

The information in this document may contain <CLIENT> proprietary trade secrets and confidential information, the disclosure of which could substantially benefit competitors. As a result, this document should not be disclosed, used or duplicated – in whole or in part without the explicit authorization of <CLIENT> management.

The information is intended solely for the use of authorized recipients. If you are not the intended recipient, you are prohibited from reading, using, disseminating, distributing and copying this document.

In accessing the document, the reader warrants that the information contained herein shall only be treated for internal use. No content of an",,,,,,
T2.2.2__clientname-IS-POL-00-Asset Management Policy 6_passage_1,retrieval,T2.2.2,T2,Physical Entry Controls,The entity shall protect secure areas by appropriate entry controls to ensure that only authorized personnel are allowed access.,6,"a,b,c,d,e,f","a: The entity shall:
b: authenticate all persons accessing secure areas
c: document the access to secure areas
d: ensure that all persons wear some form of visible identification within the entity’s premises
e: update and monitor access logs
f: in case of contractors/third parties, they shall be always escorted, unless the area is explicitly designated for them with no escort requirement",clientname-IS-POL-00-Asset Management Policy 6_passage_1,Passage 1,"<CLIENT>-IS-POL-00X

<!-- image -->

Abstract

This Policy defines the requirements for secure management of the assets owned and used by <CLIENT>, throughout its lifecycle.

**STATEMENT OF CONFIDENTIALITY**

All information in this document is <CLIENT> PRIVILEGED and for INTERNAL USE ONLY.

The information in this document may contain <CLIENT> proprietary trade secrets and confidential information, the disclosure of which could substantially benefit competitors. As a result, this document should not be disclosed, used or duplicated – in whole or in part without the explicit authorization of <CLIENT> management.

The information is intended solely for the use of authorized recipients. If you are not the intended recipient, you are prohibited from reading, using, disseminating, distributing and copying this document.

In accessing the document, the reader warrants that the information contained herein shall only be treated for internal use. No content of an
<CLIENT>-IS-POL-00X

<!-- image -->

Abstract

This Policy defines the requirements for secure management of the assets owned and used by <CLIENT>, throughout its lifecycle.

**STATEMENT OF CONFIDENTIALITY**

All information in this document is <CLIENT> PRIVILEGED and for INTERNAL USE ONLY.

The information in this document may contain <CLIENT> proprietary trade secrets and confidential information, the disclosure of which could substantially benefit competitors. As a result, this document should not be disclosed, used or duplicated – in whole or in part without the explicit authorization of <CLIENT> management.

The information is intended solely for the use of authorized recipients. If you are not the intended recipient, you are prohibited from reading, using, disseminating, distributing and copying this document.

In accessing the document, the reader warrants that the information contained herein shall only be treated for internal use. No content of an",,,,,,
T3.2.1__clientname-IS-POL-00-Asset Management Policy 6_passage_1,retrieval,T3.2.1,T3,"by developing a series of images and secure storage servers for hosting these standard images. Commercial and/or free configuration management tools can then be employed to measure the settings operating system and applications of managed machines to look for deviations from these image configurations used by the entity. Some configuration management tools require that an agent be installed on each managed system, while others remotely log in to each managed machine using administrator credentials. Either approach or a combination of the two approaches can provide the information needed for this control. Relevant Threats and • Illegal processing of data Vulnerabilities • Abuse of system access/privileges • Equipment malfunction T3.2.1 Common Systems",The entity shall develop recommended configuration settings for common information technology products.,3,"a,b,c","a: The guidelines shall:
b: identify common information technology products used within the entity
c: define minimum security configurations to be employed in each product",clientname-IS-POL-00-Asset Management Policy 6_passage_1,Passage 1,"<CLIENT>-IS-POL-00X

<!-- image -->

Abstract

This Policy defines the requirements for secure management of the assets owned and used by <CLIENT>, throughout its lifecycle.

**STATEMENT OF CONFIDENTIALITY**

All information in this document is <CLIENT> PRIVILEGED and for INTERNAL USE ONLY.

The information in this document may contain <CLIENT> proprietary trade secrets and confidential information, the disclosure of which could substantially benefit competitors. As a result, this document should not be disclosed, used or duplicated – in whole or in part without the explicit authorization of <CLIENT> management.

The information is intended solely for the use of authorized recipients. If you are not the intended recipient, you are prohibited from reading, using, disseminating, distributing and copying this document.

In accessing the document, the reader warrants that the information contained herein shall only be treated for internal use. No content of an
<CLIENT>-IS-POL-00X

<!-- image -->

Abstract

This Policy defines the requirements for secure management of the assets owned and used by <CLIENT>, throughout its lifecycle.

**STATEMENT OF CONFIDENTIALITY**

All information in this document is <CLIENT> PRIVILEGED and for INTERNAL USE ONLY.

The information in this document may contain <CLIENT> proprietary trade secrets and confidential information, the disclosure of which could substantially benefit competitors. As a result, this document should not be disclosed, used or duplicated – in whole or in part without the explicit authorization of <CLIENT> management.

The information is intended solely for the use of authorized recipients. If you are not the intended recipient, you are prohibited from reading, using, disseminating, distributing and copying this document.

In accessing the document, the reader warrants that the information contained herein shall only be treated for internal use. No content of an",,,,,,
T5.4.1__clientname-IS-POL-00-Asset Management Policy 6_passage_1,retrieval,T5.4.1,T5,Policy on Use of Network,The entity shall provide access to users only to the services that they have been specifically authorized to use.,4,"a,b,c,d","a: The entity shall:
b: establish a policy for the use of network services that is appropriate to the entity
c: develop the framework for managing the network services and ensure the right level of protection provided against unauthorized access
d: limit user access to the required network services and in line with the developed framework",clientname-IS-POL-00-Asset Management Policy 6_passage_1,Passage 1,"<CLIENT>-IS-POL-00X

<!-- image -->

Abstract

This Policy defines the requirements for secure management of the assets owned and used by <CLIENT>, throughout its lifecycle.

**STATEMENT OF CONFIDENTIALITY**

All information in this document is <CLIENT> PRIVILEGED and for INTERNAL USE ONLY.

The information in this document may contain <CLIENT> proprietary trade secrets and confidential information, the disclosure of which could substantially benefit competitors. As a result, this document should not be disclosed, used or duplicated – in whole or in part without the explicit authorization of <CLIENT> management.

The information is intended solely for the use of authorized recipients. If you are not the intended recipient, you are prohibited from reading, using, disseminating, distributing and copying this document.

In accessing the document, the reader warrants that the information contained herein shall only be treated for internal use. No content of an
<CLIENT>-IS-POL-00X

<!-- image -->

Abstract

This Policy defines the requirements for secure management of the assets owned and used by <CLIENT>, throughout its lifecycle.

**STATEMENT OF CONFIDENTIALITY**

All information in this document is <CLIENT> PRIVILEGED and for INTERNAL USE ONLY.

The information in this document may contain <CLIENT> proprietary trade secrets and confidential information, the disclosure of which could substantially benefit competitors. As a result, this document should not be disclosed, used or duplicated – in whole or in part without the explicit authorization of <CLIENT> management.

The information is intended solely for the use of authorized recipients. If you are not the intended recipient, you are prohibited from reading, using, disseminating, distributing and copying this document.

In accessing the document, the reader warrants that the information contained herein shall only be treated for internal use. No content of an",,,,,,
T7.1.1__clientname-IS-POL-00-Asset Management Policy 6_passage_1,retrieval,T7.1.1,T7,"Information Systems Acquisition,","The entity shall establish an information systems acquisition, development, and maintenance policy.",8,"a,b,c,d,e,f,g,h","a: The information systems acquisition, development, and maintenance policy shall:
b: be appropriate to the relationship of the entity and all internal and external parties involved in the process
c: include statement of the management commitment, purpose, objective and scope of the policy
d: outline the roles and responsibilities
e: provide the framework for setting information security objectives and/or include information security objectives to be used when engaging in the process
f: be documented and communicated to all users
g: be read and acknowledged formally by all users
h: be maintained, reviewed and updated at planned intervals or if significant changes occur",clientname-IS-POL-00-Asset Management Policy 6_passage_1,Passage 1,"<CLIENT>-IS-POL-00X

<!-- image -->

Abstract

This Policy defines the requirements for secure management of the assets owned and used by <CLIENT>, throughout its lifecycle.

**STATEMENT OF CONFIDENTIALITY**

All information in this document is <CLIENT> PRIVILEGED and for INTERNAL USE ONLY.

The information in this document may contain <CLIENT> proprietary trade secrets and confidential information, the disclosure of which could substantially benefit competitors. As a result, this document should not be disclosed, used or duplicated – in whole or in part without the explicit authorization of <CLIENT> management.

The information is intended solely for the use of authorized recipients. If you are not the intended recipient, you are prohibited from reading, using, disseminating, distributing and copying this document.

In accessing the document, the reader warrants that the information contained herein shall only be treated for internal use. No content of an
<CLIENT>-IS-POL-00X

<!-- image -->

Abstract

This Policy defines the requirements for secure management of the assets owned and used by <CLIENT>, throughout its lifecycle.

**STATEMENT OF CONFIDENTIALITY**

All information in this document is <CLIENT> PRIVILEGED and for INTERNAL USE ONLY.

The information in this document may contain <CLIENT> proprietary trade secrets and confidential information, the disclosure of which could substantially benefit competitors. As a result, this document should not be disclosed, used or duplicated – in whole or in part without the explicit authorization of <CLIENT> management.

The information is intended solely for the use of authorized recipients. If you are not the intended recipient, you are prohibited from reading, using, disseminating, distributing and copying this document.

In accessing the document, the reader warrants that the information contained herein shall only be treated for internal use. No content of an",,,,,,
T2.2.5__clientname-IS-POL-00-Asset Management Policy 6_passage_1,neg_sample,T2.2.5,T2,Working in Secure Areas,The entity shall design physical protection and guidelines for working in secure areas.,5,"a,b,c,d,e","a: The entity shall:
b: establish guidelines for working in secure areas
c: make sure all personnel accessing secure areas is aware and accepts rules and guidelines
d: supervise activities in secure areas
e: control access of devices to secure areas (See also",clientname-IS-POL-00-Asset Management Policy 6_passage_1,Passage 1,"<CLIENT>-IS-POL-00X

<!-- image -->

Abstract

This Policy defines the requirements for secure management of the assets owned and used by <CLIENT>, throughout its lifecycle.

**STATEMENT OF CONFIDENTIALITY**

All information in this document is <CLIENT> PRIVILEGED and for INTERNAL USE ONLY.

The information in this document may contain <CLIENT> proprietary trade secrets and confidential information, the disclosure of which could substantially benefit competitors. As a result, this document should not be disclosed, used or duplicated – in whole or in part without the explicit authorization of <CLIENT> management.

The information is intended solely for the use of authorized recipients. If you are not the intended recipient, you are prohibited from reading, using, disseminating, distributing and copying this document.

In accessing the document, the reader warrants that the information contained herein shall only be treated for internal use. No content of an
<CLIENT>-IS-POL-00X

<!-- image -->

Abstract

This Policy defines the requirements for secure management of the assets owned and used by <CLIENT>, throughout its lifecycle.

**STATEMENT OF CONFIDENTIALITY**

All information in this document is <CLIENT> PRIVILEGED and for INTERNAL USE ONLY.

The information in this document may contain <CLIENT> proprietary trade secrets and confidential information, the disclosure of which could substantially benefit competitors. As a result, this document should not be disclosed, used or duplicated – in whole or in part without the explicit authorization of <CLIENT> management.

The information is intended solely for the use of authorized recipients. If you are not the intended recipient, you are prohibited from reading, using, disseminating, distributing and copying this document.

In accessing the document, the reader warrants that the information contained herein shall only be treated for internal use. No content of an",,,,,,
T7.3.1__clientname-IS-POL-00-Asset Management Policy 6_passage_1,neg_sample,T7.3.1,T7,Input Data Validation,The entity shall validate data input to applications to ensure that this data is correct and appropriate.,4,"a,b,c,d","a: The entity shall:
b: define a set of guidelines or parameters to be used to validate data input into applications
c: define a set of values for each guideline or parameter to identify acceptable and unacceptable values
d: provide guidance on how to validate each guideline or parameter",clientname-IS-POL-00-Asset Management Policy 6_passage_1,Passage 1,"<CLIENT>-IS-POL-00X

<!-- image -->

Abstract

This Policy defines the requirements for secure management of the assets owned and used by <CLIENT>, throughout its lifecycle.

**STATEMENT OF CONFIDENTIALITY**

All information in this document is <CLIENT> PRIVILEGED and for INTERNAL USE ONLY.

The information in this document may contain <CLIENT> proprietary trade secrets and confidential information, the disclosure of which could substantially benefit competitors. As a result, this document should not be disclosed, used or duplicated – in whole or in part without the explicit authorization of <CLIENT> management.

The information is intended solely for the use of authorized recipients. If you are not the intended recipient, you are prohibited from reading, using, disseminating, distributing and copying this document.

In accessing the document, the reader warrants that the information contained herein shall only be treated for internal use. No content of an
<CLIENT>-IS-POL-00X

<!-- image -->

Abstract

This Policy defines the requirements for secure management of the assets owned and used by <CLIENT>, throughout its lifecycle.

**STATEMENT OF CONFIDENTIALITY**

All information in this document is <CLIENT> PRIVILEGED and for INTERNAL USE ONLY.

The information in this document may contain <CLIENT> proprietary trade secrets and confidential information, the disclosure of which could substantially benefit competitors. As a result, this document should not be disclosed, used or duplicated – in whole or in part without the explicit authorization of <CLIENT> management.

The information is intended solely for the use of authorized recipients. If you are not the intended recipient, you are prohibited from reading, using, disseminating, distributing and copying this document.

In accessing the document, the reader warrants that the information contained herein shall only be treated for internal use. No content of an",,,,,,
M1.2.1__clientname-IS-POL-00-Asset Management Policy 6_passage_10,prediction,M1.2.1,M1,Information,The entity’s top management shall establish a policy for information security in the entity.,3,"a,b,c","a: The information security policy shall:
b: be appropriate to the purpose of the entity
c: provide the framework for setting information security objectives and/or include information security objectives (refer to",clientname-IS-POL-00-Asset Management Policy 6_passage_10,5.4 Asset Handling,"<CLIENT> shall:
            5.4.1 Develop procedures for handling, processing, storing, and communicating information consistent with its classification level. The following items should be considered, at a minimum:
            5.4.2 Access restrictions supporting the protection requirements for each level of classification.
            5.4.3 Protection of temporary or permanent copies of information to a level consistent with the protection of the original information.
            5.4.4 Storage of IT assets in accordance with manufacturers' specifications.
            5.4.5 Safeguard information in accordance with the established procedures.
            5.4.6 Ensure appropriate awareness is provided to employees and third-party users regarding the information handling procedures.",,,,,,
M1.4.3__clientname-IS-POL-00-Asset Management Policy 6_passage_10,prediction+retrieval,M1.4.3,M1,Documentation,"The entity shall maintain, protect and control documentation of its information security controls and their implementation.",12,"a,b,c,d,e,f,g,h,i,j,k,l","a: The entity shall ensure that
b: documents are approved prior to issue
c: documents are reviewed and updated as necessary
d: changes and the current revision status of documents are identified
e: documents remain legible and readily identifiable
f: documents are available to those who need them, are transferred, and stored in accordance with the procedures applicable to their classification
g: documents are disposed of in accordance with the procedures applicable to their classification
h: documents of external origin are identified
i: the distribution of documents is controlled
j: the unintended use of obsolete documents is prevented, and that up to date versions are available
k: suitable identification is applied to documents if they are retained for any purpose The entity shall document the compliance with the “mandatory” controls in a way that allows unique reference to the requirements of this Regulatio
l: (Sample Compliance Template may be provided by TRA in this regard).",clientname-IS-POL-00-Asset Management Policy 6_passage_10,5.4 Asset Handling,"<CLIENT> shall:
            5.4.1 Develop procedures for handling, processing, storing, and communicating information consistent with its classification level. The following items should be considered, at a minimum:
            5.4.2 Access restrictions supporting the protection requirements for each level of classification.
            5.4.3 Protection of temporary or permanent copies of information to a level consistent with the protection of the original information.
            5.4.4 Storage of IT assets in accordance with manufacturers' specifications.
            5.4.5 Safeguard information in accordance with the established procedures.
            5.4.6 Ensure appropriate awareness is provided to employees and third-party users regarding the information handling procedures.",,,,,,
M2.2.2__clientname-IS-POL-00-Asset Management Policy 6_passage_10,prediction,M2.2.2,M2,Information Security Risk,The entity shall analyze its information security risks.,5,"a,b,c,d,e","a: The entity shall:
b: assess the potential consequences that would result if the identified risks were to materialize by assessing the consequences of losses of confidentiality, integrity or availability
c: assess the realistic likelihood of the occurrence of the identified risks based on the existing controls, identified vulnerabilities and threats
d: determine the levels of risk
e: document the results of the risk analysis",clientname-IS-POL-00-Asset Management Policy 6_passage_10,5.4 Asset Handling,"<CLIENT> shall:
            5.4.1 Develop procedures for handling, processing, storing, and communicating information consistent with its classification level. The following items should be considered, at a minimum:
            5.4.2 Access restrictions supporting the protection requirements for each level of classification.
            5.4.3 Protection of temporary or permanent copies of information to a level consistent with the protection of the original information.
            5.4.4 Storage of IT assets in accordance with manufacturers' specifications.
            5.4.5 Safeguard information in accordance with the established procedures.
            5.4.6 Ensure appropriate awareness is provided to employees and third-party users regarding the information handling procedures.",,,,,,
M5.5.1__clientname-IS-POL-00-Asset Management Policy 6_passage_10,prediction,M5.5.1,M5,Information Systems Audit,The entity shall ensure that audit requirements and activities involving checks on operational systems are carefully planned and agreed to minimize the risk of disruptions to business processes.,5,"a,b,c,d,e","a: The entity shall:
b: assign responsibilities for internal audits of information system controls to an appropriate authority
c: define audit requirements for information system controls
d: outline an audit plan to meet audit requirements for information system controls
e: highlight measures taken to ensure audit activities minimize the risk of disruptions to business processes",clientname-IS-POL-00-Asset Management Policy 6_passage_10,5.4 Asset Handling,"<CLIENT> shall:
            5.4.1 Develop procedures for handling, processing, storing, and communicating information consistent with its classification level. The following items should be considered, at a minimum:
            5.4.2 Access restrictions supporting the protection requirements for each level of classification.
            5.4.3 Protection of temporary or permanent copies of information to a level consistent with the protection of the original information.
            5.4.4 Storage of IT assets in accordance with manufacturers' specifications.
            5.4.5 Safeguard information in accordance with the established procedures.
            5.4.6 Ensure appropriate awareness is provided to employees and third-party users regarding the information handling procedures.",,,,,,
T1.1.1__clientname-IS-POL-00-Asset Management Policy 6_passage_10,prediction,T1.1.1,T1,Asset Management Policy,The entity shall establish an asset management policy.,9,"a,b,c,d,e,f,g,h,i","a: The asset management policy shall:
b: be appropriate to the complexity of the entity and to the assets managed by the entity
c: include statement of the management commitment, purpose, objective and scope of the policy
d: outline the roles and responsibilities
e: provide the framework for managing the entity’s assets, including assignment of owners
f: provide the framework for managing Bring Your Own Device (BYOD) arrangements
g: be documented and communicated to all users
h: be read and acknowledged formally by all users
i: be maintained, reviewed and updated at planned intervals or if significant changes occur",clientname-IS-POL-00-Asset Management Policy 6_passage_10,5.4 Asset Handling,"<CLIENT> shall:
            5.4.1 Develop procedures for handling, processing, storing, and communicating information consistent with its classification level. The following items should be considered, at a minimum:
            5.4.2 Access restrictions supporting the protection requirements for each level of classification.
            5.4.3 Protection of temporary or permanent copies of information to a level consistent with the protection of the original information.
            5.4.4 Storage of IT assets in accordance with manufacturers' specifications.
            5.4.5 Safeguard information in accordance with the established procedures.
            5.4.6 Ensure appropriate awareness is provided to employees and third-party users regarding the information handling procedures.",,,,,,
T1.3.1__clientname-IS-POL-00-Asset Management Policy 6_passage_10,prediction,T1.3.1,T1,Classification of Information A.7.2.1 RA-2 7.2.1 AM.3,,0,,(no sub-controls — judge on description),clientname-IS-POL-00-Asset Management Policy 6_passage_10,5.4 Asset Handling,"<CLIENT> shall:
            5.4.1 Develop procedures for handling, processing, storing, and communicating information consistent with its classification level. The following items should be considered, at a minimum:
            5.4.2 Access restrictions supporting the protection requirements for each level of classification.
            5.4.3 Protection of temporary or permanent copies of information to a level consistent with the protection of the original information.
            5.4.4 Storage of IT assets in accordance with manufacturers' specifications.
            5.4.5 Safeguard information in accordance with the established procedures.
            5.4.6 Ensure appropriate awareness is provided to employees and third-party users regarding the information handling procedures.",,,,,,
T1.3.2__clientname-IS-POL-00-Asset Management Policy 6_passage_10,prediction,T1.3.2,T1,Labeling of Information,The entity shall label information in accordance with the classification scheme adopted by the entity.,3,"a,b,c","a: The entity shall:
b: establish a procedure for labeling of information and its related assets in physical or electronic formats to reflect their attributed classification
c: apply the appropriate label on information",clientname-IS-POL-00-Asset Management Policy 6_passage_10,5.4 Asset Handling,"<CLIENT> shall:
            5.4.1 Develop procedures for handling, processing, storing, and communicating information consistent with its classification level. The following items should be considered, at a minimum:
            5.4.2 Access restrictions supporting the protection requirements for each level of classification.
            5.4.3 Protection of temporary or permanent copies of information to a level consistent with the protection of the original information.
            5.4.4 Storage of IT assets in accordance with manufacturers' specifications.
            5.4.5 Safeguard information in accordance with the established procedures.
            5.4.6 Ensure appropriate awareness is provided to employees and third-party users regarding the information handling procedures.",,,,,,
T1.3.3__clientname-IS-POL-00-Asset Management Policy 6_passage_10,golden+retrieval,T1.3.3,T1,Handling of Information,The entity shall handle assets in accordance with the information classification scheme adopted by the entity.,3,"a,b,c","a: The entity shall:
b: develop handling procedures for processing, storing and communicating information consistent with its classification and its attached label
c: safeguard the information in accordance with the established procedures",clientname-IS-POL-00-Asset Management Policy 6_passage_10,5.4 Asset Handling,"<CLIENT> shall:
            5.4.1 Develop procedures for handling, processing, storing, and communicating information consistent with its classification level. The following items should be considered, at a minimum:
            5.4.2 Access restrictions supporting the protection requirements for each level of classification.
            5.4.3 Protection of temporary or permanent copies of information to a level consistent with the protection of the original information.
            5.4.4 Storage of IT assets in accordance with manufacturers' specifications.
            5.4.5 Safeguard information in accordance with the established procedures.
            5.4.6 Ensure appropriate awareness is provided to employees and third-party users regarding the information handling procedures.",,,,,,Not Addressed
T2.2.3__clientname-IS-POL-00-Asset Management Policy 6_passage_10,prediction,T2.2.3,T2,"Securing Offices, Rooms","The entity shall design and apply physical security for offices, rooms, and facilities.",3,"a,b,c","a: The entity shall:
b: establish rules to avoid access by the public to key facilities in line with the physical and environmental policy
c: avoid obvious signs that indicates the type of information or activities in the secure areas",clientname-IS-POL-00-Asset Management Policy 6_passage_10,5.4 Asset Handling,"<CLIENT> shall:
            5.4.1 Develop procedures for handling, processing, storing, and communicating information consistent with its classification level. The following items should be considered, at a minimum:
            5.4.2 Access restrictions supporting the protection requirements for each level of classification.
            5.4.3 Protection of temporary or permanent copies of information to a level consistent with the protection of the original information.
            5.4.4 Storage of IT assets in accordance with manufacturers' specifications.
            5.4.5 Safeguard information in accordance with the established procedures.
            5.4.6 Ensure appropriate awareness is provided to employees and third-party users regarding the information handling procedures.",,,,,,
T2.3.1__clientname-IS-POL-00-Asset Management Policy 6_passage_10,prediction,T2.3.1,T2,Equipment Siting and,The entity shall site and protect equipment. The entity shall:,2,"b,c","b: establish guidelines for the physical protection of equipment against unauthorized access
c: monitor the environmental conditions and alert in case of a potential threat",clientname-IS-POL-00-Asset Management Policy 6_passage_10,5.4 Asset Handling,"<CLIENT> shall:
            5.4.1 Develop procedures for handling, processing, storing, and communicating information consistent with its classification level. The following items should be considered, at a minimum:
            5.4.2 Access restrictions supporting the protection requirements for each level of classification.
            5.4.3 Protection of temporary or permanent copies of information to a level consistent with the protection of the original information.
            5.4.4 Storage of IT assets in accordance with manufacturers' specifications.
            5.4.5 Safeguard information in accordance with the established procedures.
            5.4.6 Ensure appropriate awareness is provided to employees and third-party users regarding the information handling procedures.",,,,,,
T2.3.2__clientname-IS-POL-00-Asset Management Policy 6_passage_10,prediction,T2.3.2,T2,Supporting Utilities,The entity shall protect equipment from disruptions caused by failures in supporting utilities.,5,"a,b,c,d,e","a: Supporting utilities shall:
b: be tested for any malfunctioning
c: ensure protection and uninterrupted power supply on information systems
d: provide emergency lighting in case of main power failure
e: have up-to-date utilities maintenance logs",clientname-IS-POL-00-Asset Management Policy 6_passage_10,5.4 Asset Handling,"<CLIENT> shall:
            5.4.1 Develop procedures for handling, processing, storing, and communicating information consistent with its classification level. The following items should be considered, at a minimum:
            5.4.2 Access restrictions supporting the protection requirements for each level of classification.
            5.4.3 Protection of temporary or permanent copies of information to a level consistent with the protection of the original information.
            5.4.4 Storage of IT assets in accordance with manufacturers' specifications.
            5.4.5 Safeguard information in accordance with the established procedures.
            5.4.6 Ensure appropriate awareness is provided to employees and third-party users regarding the information handling procedures.",,,,,,
T2.3.4__clientname-IS-POL-00-Asset Management Policy 6_passage_10,prediction,T2.3.4,T2,Equipment Maintenance,The entity shall maintain its equipment. The entity shall:,3,"b,c,d","b: document suppliers recommendations for the maintenance of equipment and make them available to maintenance personnel
c: establish policies and procedures for decommissioning and commissioning of equipment to ensure protection of sensitive data
d: keep maintenance logs for all equipment",clientname-IS-POL-00-Asset Management Policy 6_passage_10,5.4 Asset Handling,"<CLIENT> shall:
            5.4.1 Develop procedures for handling, processing, storing, and communicating information consistent with its classification level. The following items should be considered, at a minimum:
            5.4.2 Access restrictions supporting the protection requirements for each level of classification.
            5.4.3 Protection of temporary or permanent copies of information to a level consistent with the protection of the original information.
            5.4.4 Storage of IT assets in accordance with manufacturers' specifications.
            5.4.5 Safeguard information in accordance with the established procedures.
            5.4.6 Ensure appropriate awareness is provided to employees and third-party users regarding the information handling procedures.",,,,,,
T2.3.8__clientname-IS-POL-00-Asset Management Policy 6_passage_10,prediction,T2.3.8,T2,"Unattended User Equipment A.11.3.2 AC-11, IA-2, PE-3, PE- 11.3.2 PE.3 5, PE-18, SC-10",,0,,(no sub-controls — judge on description),clientname-IS-POL-00-Asset Management Policy 6_passage_10,5.4 Asset Handling,"<CLIENT> shall:
            5.4.1 Develop procedures for handling, processing, storing, and communicating information consistent with its classification level. The following items should be considered, at a minimum:
            5.4.2 Access restrictions supporting the protection requirements for each level of classification.
            5.4.3 Protection of temporary or permanent copies of information to a level consistent with the protection of the original information.
            5.4.4 Storage of IT assets in accordance with manufacturers' specifications.
            5.4.5 Safeguard information in accordance with the established procedures.
            5.4.6 Ensure appropriate awareness is provided to employees and third-party users regarding the information handling procedures.",,,,,,
T3.3.1__clientname-IS-POL-00-Asset Management Policy 6_passage_10,prediction,T3.3.1,T3,Capacity Management,The entity shall manage the required capacity.,4,"a,b,c,d","a: The entity shall:
b: have the ability to measure capacity of current systems and estimate capacity requirements of planned systems
c: integrate capacity management controls into relevant demand management and software / system development lifecycle processes
d: make necessary adjustments to capacity to maintain required system performance",clientname-IS-POL-00-Asset Management Policy 6_passage_10,5.4 Asset Handling,"<CLIENT> shall:
            5.4.1 Develop procedures for handling, processing, storing, and communicating information consistent with its classification level. The following items should be considered, at a minimum:
            5.4.2 Access restrictions supporting the protection requirements for each level of classification.
            5.4.3 Protection of temporary or permanent copies of information to a level consistent with the protection of the original information.
            5.4.4 Storage of IT assets in accordance with manufacturers' specifications.
            5.4.5 Safeguard information in accordance with the established procedures.
            5.4.6 Ensure appropriate awareness is provided to employees and third-party users regarding the information handling procedures.",,,,,,
T3.5.1__clientname-IS-POL-00-Asset Management Policy 6_passage_10,prediction+retrieval,T3.5.1,T3,Information Backup,The entity shall backup copies of its information and software.,5,"a,b,c,d,e","a: The entity shall:
b: establish guidelines for determining what information and software requires backup and how often
c: establish and document clear backup procedures and system capabilities for all applicable backup requirements
d: ensure backed up information and software is routinely tested for reliability
e: ensure IT staff have the skills and qualification to conduct the backup procedures (refer to",clientname-IS-POL-00-Asset Management Policy 6_passage_10,5.4 Asset Handling,"<CLIENT> shall:
            5.4.1 Develop procedures for handling, processing, storing, and communicating information consistent with its classification level. The following items should be considered, at a minimum:
            5.4.2 Access restrictions supporting the protection requirements for each level of classification.
            5.4.3 Protection of temporary or permanent copies of information to a level consistent with the protection of the original information.
            5.4.4 Storage of IT assets in accordance with manufacturers' specifications.
            5.4.5 Safeguard information in accordance with the established procedures.
            5.4.6 Ensure appropriate awareness is provided to employees and third-party users regarding the information handling procedures.",,,,,,
T4.2.1__clientname-IS-POL-00-Asset Management Policy 6_passage_10,prediction,T4.2.1,T4,Information Transfer,The entity shall develop formal transfer procedures and controls should be in place to protect the exchange of information.,6,"a,b,c,d,e,f","a: The entity shall:
b: Establish information transfer procedures The procedures shall:
c: outline conditions under which the transfer of information must be protected
d: identify specific controls to be put in place to ensure information is adequately protected during transfer
e: identify actions to be taken when issues arise regarding the transfer of information
f: be documented, maintained, reviewed and updated at planned intervals or if significant changes occur",clientname-IS-POL-00-Asset Management Policy 6_passage_10,5.4 Asset Handling,"<CLIENT> shall:
            5.4.1 Develop procedures for handling, processing, storing, and communicating information consistent with its classification level. The following items should be considered, at a minimum:
            5.4.2 Access restrictions supporting the protection requirements for each level of classification.
            5.4.3 Protection of temporary or permanent copies of information to a level consistent with the protection of the original information.
            5.4.4 Storage of IT assets in accordance with manufacturers' specifications.
            5.4.5 Safeguard information in accordance with the established procedures.
            5.4.6 Ensure appropriate awareness is provided to employees and third-party users regarding the information handling procedures.",,,,,,
T4.2.3__clientname-IS-POL-00-Asset Management Policy 6_passage_10,prediction,T4.2.3,T4,Physical Media in Transit,The entity shall protect physical media containing information during transportation.,6,"a,b,c,d,e,f","a: The entity shall:
b: identify physical media carrying sensitive information
c: define labeling requirements for physical media carrying sensitive information
d: ensure physical media in transit carrying sensitive information is tracked sufficiently in accordance with the sensitivity of the information it contains
e: define measures to be taken in the event of loss of physical media in transit carrying sensitive information
f: keep a log of all transitions",clientname-IS-POL-00-Asset Management Policy 6_passage_10,5.4 Asset Handling,"<CLIENT> shall:
            5.4.1 Develop procedures for handling, processing, storing, and communicating information consistent with its classification level. The following items should be considered, at a minimum:
            5.4.2 Access restrictions supporting the protection requirements for each level of classification.
            5.4.3 Protection of temporary or permanent copies of information to a level consistent with the protection of the original information.
            5.4.4 Storage of IT assets in accordance with manufacturers' specifications.
            5.4.5 Safeguard information in accordance with the established procedures.
            5.4.6 Ensure appropriate awareness is provided to employees and third-party users regarding the information handling procedures.",,,,,,
T4.4.1__clientname-IS-POL-00-Asset Management Policy 6_passage_10,prediction,T4.4.1,T4,T8.3.1 Collection of Evidence Platforms Information Released into Information,,0,,(no sub-controls — judge on description),clientname-IS-POL-00-Asset Management Policy 6_passage_10,5.4 Asset Handling,"<CLIENT> shall:
            5.4.1 Develop procedures for handling, processing, storing, and communicating information consistent with its classification level. The following items should be considered, at a minimum:
            5.4.2 Access restrictions supporting the protection requirements for each level of classification.
            5.4.3 Protection of temporary or permanent copies of information to a level consistent with the protection of the original information.
            5.4.4 Storage of IT assets in accordance with manufacturers' specifications.
            5.4.5 Safeguard information in accordance with the established procedures.
            5.4.6 Ensure appropriate awareness is provided to employees and third-party users regarding the information handling procedures.",,,,,,
T5.2.2__clientname-IS-POL-00-Asset Management Policy 6_passage_10,prediction,T5.2.2,T5,Privilege Management,The entity shall restrict and control the allocation and use of privileges.,7,"a,b,c,d,e,g,h","a: The entity shall:
b: maintain a record of all allocated privileges
c: never grant users with domain or local administrative privileges
d: ensure that administrator accounts are used only for system administration activities (e.
e: no email or web surfin
g: use two-factor authentication for all administrative access
h: ensure that all administrative access are logged and audited",clientname-IS-POL-00-Asset Management Policy 6_passage_10,5.4 Asset Handling,"<CLIENT> shall:
            5.4.1 Develop procedures for handling, processing, storing, and communicating information consistent with its classification level. The following items should be considered, at a minimum:
            5.4.2 Access restrictions supporting the protection requirements for each level of classification.
            5.4.3 Protection of temporary or permanent copies of information to a level consistent with the protection of the original information.
            5.4.4 Storage of IT assets in accordance with manufacturers' specifications.
            5.4.5 Safeguard information in accordance with the established procedures.
            5.4.6 Ensure appropriate awareness is provided to employees and third-party users regarding the information handling procedures.",,,,,,
T5.2.3__clientname-IS-POL-00-Asset Management Policy 6_passage_10,prediction,T5.2.3,T5,User Security Credentials,The entity shall control the allocation of user security credentials.,8,"a,b,c,e,f,g,h,i","a: The entity shall:
b: establish a user security credential management policy for users and administrators that is appropriate to the purpose of the entity
c: ensure that the policy includes a secure process to provide users with security credentials; policy should also include credential revocation procedure and credential re-allocatio
e: in case of use of security credentials (i.
f: password
g: change default security credentials of all systems and applications
h: in case of credentials, always store them in a well-hashed (including “salting”) or encrypted format
i: for accessing critical resources/assets, implement credential systems based on multi-factor authentication",clientname-IS-POL-00-Asset Management Policy 6_passage_10,5.4 Asset Handling,"<CLIENT> shall:
            5.4.1 Develop procedures for handling, processing, storing, and communicating information consistent with its classification level. The following items should be considered, at a minimum:
            5.4.2 Access restrictions supporting the protection requirements for each level of classification.
            5.4.3 Protection of temporary or permanent copies of information to a level consistent with the protection of the original information.
            5.4.4 Storage of IT assets in accordance with manufacturers' specifications.
            5.4.5 Safeguard information in accordance with the established procedures.
            5.4.6 Ensure appropriate awareness is provided to employees and third-party users regarding the information handling procedures.",,,,,,
T5.6.1__clientname-IS-POL-00-Asset Management Policy 6_passage_10,prediction,T5.6.1,T5,Information Access,The entity shall restrict access to information and application system functions in accordance with the access control policy.,5,"a,b,c,d,e","a: The entity shall:
b: ensure access to information and application system functions is restricted
c: ensure access restriction is based on user’s roles and responsibilities
d: assign the appropriate level of access rights to information and application functions
e: for each user and support personnel, adjust their access control based on specific business needs",clientname-IS-POL-00-Asset Management Policy 6_passage_10,5.4 Asset Handling,"<CLIENT> shall:
            5.4.1 Develop procedures for handling, processing, storing, and communicating information consistent with its classification level. The following items should be considered, at a minimum:
            5.4.2 Access restrictions supporting the protection requirements for each level of classification.
            5.4.3 Protection of temporary or permanent copies of information to a level consistent with the protection of the original information.
            5.4.4 Storage of IT assets in accordance with manufacturers' specifications.
            5.4.5 Safeguard information in accordance with the established procedures.
            5.4.6 Ensure appropriate awareness is provided to employees and third-party users regarding the information handling procedures.",,,,,,
T5.7.2__clientname-IS-POL-00-Asset Management Policy 6_passage_10,prediction,T5.7.2,T5,Teleworking,"The entity shall implement security measures to protect information accessed, processed or stored on teleworking sites.",3,"a,b,c","a: The entity shall:
b: establish security measures for using teleworking in line with the access control policy
c: authorize the usage of teleworking in accordance with the established security measures",clientname-IS-POL-00-Asset Management Policy 6_passage_10,5.4 Asset Handling,"<CLIENT> shall:
            5.4.1 Develop procedures for handling, processing, storing, and communicating information consistent with its classification level. The following items should be considered, at a minimum:
            5.4.2 Access restrictions supporting the protection requirements for each level of classification.
            5.4.3 Protection of temporary or permanent copies of information to a level consistent with the protection of the original information.
            5.4.4 Storage of IT assets in accordance with manufacturers' specifications.
            5.4.5 Safeguard information in accordance with the established procedures.
            5.4.6 Ensure appropriate awareness is provided to employees and third-party users regarding the information handling procedures.",,,,,,
T6.3.1__clientname-IS-POL-00-Asset Management Policy 6_passage_10,prediction,T6.3.1,T6,Information Security,"The entity shall define information security requirements covering the retention, processing, and storage of data in cloud environments.",7,"a,b,c,d,e,f,g","a: The entity shall:
b: perform necessary due diligence to determine requirements and restrictions relevant to information processing, storage and retention in the cloud environment
c: include the cloud environment (and, where possible, its component
d: into the risk assessment process
e: develop and maintain information governance policies and procedures to ensure compliance with identified requirements and risk mitigation strategies
f: ensure information about security incidents that happen at the cloud service provider are communicated
g: where possible, reserve a right to audit the security arrangements in place at cloud service provider",clientname-IS-POL-00-Asset Management Policy 6_passage_10,5.4 Asset Handling,"<CLIENT> shall:
            5.4.1 Develop procedures for handling, processing, storing, and communicating information consistent with its classification level. The following items should be considered, at a minimum:
            5.4.2 Access restrictions supporting the protection requirements for each level of classification.
            5.4.3 Protection of temporary or permanent copies of information to a level consistent with the protection of the original information.
            5.4.4 Storage of IT assets in accordance with manufacturers' specifications.
            5.4.5 Safeguard information in accordance with the established procedures.
            5.4.6 Ensure appropriate awareness is provided to employees and third-party users regarding the information handling procedures.",,,,,,
T7.1.1__clientname-IS-POL-00-Asset Management Policy 6_passage_10,prediction,T7.1.1,T7,"Information Systems Acquisition,","The entity shall establish an information systems acquisition, development, and maintenance policy.",8,"a,b,c,d,e,f,g,h","a: The information systems acquisition, development, and maintenance policy shall:
b: be appropriate to the relationship of the entity and all internal and external parties involved in the process
c: include statement of the management commitment, purpose, objective and scope of the policy
d: outline the roles and responsibilities
e: provide the framework for setting information security objectives and/or include information security objectives to be used when engaging in the process
f: be documented and communicated to all users
g: be read and acknowledged formally by all users
h: be maintained, reviewed and updated at planned intervals or if significant changes occur",clientname-IS-POL-00-Asset Management Policy 6_passage_10,5.4 Asset Handling,"<CLIENT> shall:
            5.4.1 Develop procedures for handling, processing, storing, and communicating information consistent with its classification level. The following items should be considered, at a minimum:
            5.4.2 Access restrictions supporting the protection requirements for each level of classification.
            5.4.3 Protection of temporary or permanent copies of information to a level consistent with the protection of the original information.
            5.4.4 Storage of IT assets in accordance with manufacturers' specifications.
            5.4.5 Safeguard information in accordance with the established procedures.
            5.4.6 Ensure appropriate awareness is provided to employees and third-party users regarding the information handling procedures.",,,,,,
T7.2.1__clientname-IS-POL-00-Asset Management Policy 6_passage_10,prediction,T7.2.1,T7,Security Requirements,The entity shall develop information security requirements for new information systems or enhancements to existing information systems.,6,"a,b,c,d,e,f","a: The security requirements shall:
b: be used for new information systems or enhancements to existing information systems
c: be approved by the appropriate business manager or equivalent
d: address all requirements for security controls identified during the risk assessment
e: outline how to verify that the requirements for security controls have been met
f: be included in the statement of business and technical requirements",clientname-IS-POL-00-Asset Management Policy 6_passage_10,5.4 Asset Handling,"<CLIENT> shall:
            5.4.1 Develop procedures for handling, processing, storing, and communicating information consistent with its classification level. The following items should be considered, at a minimum:
            5.4.2 Access restrictions supporting the protection requirements for each level of classification.
            5.4.3 Protection of temporary or permanent copies of information to a level consistent with the protection of the original information.
            5.4.4 Storage of IT assets in accordance with manufacturers' specifications.
            5.4.5 Safeguard information in accordance with the established procedures.
            5.4.6 Ensure appropriate awareness is provided to employees and third-party users regarding the information handling procedures.",,,,,,
T7.2.2__clientname-IS-POL-00-Asset Management Policy 6_passage_10,prediction,T7.2.2,T7,Developer-Provided,"The entity shall require the developer of the information system, system component, or information system service to provide the trainings needed.",2,"a,b","a: The entity shall require the developer to:
b: identify training requirements based on implemented security functions and in line with the Awareness and Training Policy (refer to",clientname-IS-POL-00-Asset Management Policy 6_passage_10,5.4 Asset Handling,"<CLIENT> shall:
            5.4.1 Develop procedures for handling, processing, storing, and communicating information consistent with its classification level. The following items should be considered, at a minimum:
            5.4.2 Access restrictions supporting the protection requirements for each level of classification.
            5.4.3 Protection of temporary or permanent copies of information to a level consistent with the protection of the original information.
            5.4.4 Storage of IT assets in accordance with manufacturers' specifications.
            5.4.5 Safeguard information in accordance with the established procedures.
            5.4.6 Ensure appropriate awareness is provided to employees and third-party users regarding the information handling procedures.",,,,,,
T7.8.1__clientname-IS-POL-00-Asset Management Policy 6_passage_10,prediction,T7.8.1,T7,Supply Chain Protection Strategy T7.8.2 Supplier Reviews T8 – Information Security Incident Management T8.1 – Information Security Incident Management Policy,,0,,(no sub-controls — judge on description),clientname-IS-POL-00-Asset Management Policy 6_passage_10,5.4 Asset Handling,"<CLIENT> shall:
            5.4.1 Develop procedures for handling, processing, storing, and communicating information consistent with its classification level. The following items should be considered, at a minimum:
            5.4.2 Access restrictions supporting the protection requirements for each level of classification.
            5.4.3 Protection of temporary or permanent copies of information to a level consistent with the protection of the original information.
            5.4.4 Storage of IT assets in accordance with manufacturers' specifications.
            5.4.5 Safeguard information in accordance with the established procedures.
            5.4.6 Ensure appropriate awareness is provided to employees and third-party users regarding the information handling procedures.",,,,,,
T7.8.4__clientname-IS-POL-00-Asset Management Policy 6_passage_10,prediction,T7.8.4,T7,Supply Chain Operations,The entity shall employ security controls to protect supply chain operations.,4,"a,b,c,d","a: The entity shall:
b: evaluate risks to its own information systems/services operations considering also threats/vulnerabilities relate to suppliers
c: work with suppliers to align controls and have them reported in the service contract
d: define how controls implemented by suppliers will be monitored by the entity",clientname-IS-POL-00-Asset Management Policy 6_passage_10,5.4 Asset Handling,"<CLIENT> shall:
            5.4.1 Develop procedures for handling, processing, storing, and communicating information consistent with its classification level. The following items should be considered, at a minimum:
            5.4.2 Access restrictions supporting the protection requirements for each level of classification.
            5.4.3 Protection of temporary or permanent copies of information to a level consistent with the protection of the original information.
            5.4.4 Storage of IT assets in accordance with manufacturers' specifications.
            5.4.5 Safeguard information in accordance with the established procedures.
            5.4.6 Ensure appropriate awareness is provided to employees and third-party users regarding the information handling procedures.",,,,,,
T7.8.5__clientname-IS-POL-00-Asset Management Policy 6_passage_10,prediction,T7.8.5,T7,Reliable Delivery,The entity shall ensure a reliable delivery of information systems or system components.,3,"a,b,c","a: The entity shall:
b: ensure information systems and components received are genuine
c: verify software delivered has not being altered",clientname-IS-POL-00-Asset Management Policy 6_passage_10,5.4 Asset Handling,"<CLIENT> shall:
            5.4.1 Develop procedures for handling, processing, storing, and communicating information consistent with its classification level. The following items should be considered, at a minimum:
            5.4.2 Access restrictions supporting the protection requirements for each level of classification.
            5.4.3 Protection of temporary or permanent copies of information to a level consistent with the protection of the original information.
            5.4.4 Storage of IT assets in accordance with manufacturers' specifications.
            5.4.5 Safeguard information in accordance with the established procedures.
            5.4.6 Ensure appropriate awareness is provided to employees and third-party users regarding the information handling procedures.",,,,,,
T7.8.7__clientname-IS-POL-00-Asset Management Policy 6_passage_10,prediction,T7.8.7,T7,Supply of Critical Information System NONE SA-12 NONE NONE Components,,0,,(no sub-controls — judge on description),clientname-IS-POL-00-Asset Management Policy 6_passage_10,5.4 Asset Handling,"<CLIENT> shall:
            5.4.1 Develop procedures for handling, processing, storing, and communicating information consistent with its classification level. The following items should be considered, at a minimum:
            5.4.2 Access restrictions supporting the protection requirements for each level of classification.
            5.4.3 Protection of temporary or permanent copies of information to a level consistent with the protection of the original information.
            5.4.4 Storage of IT assets in accordance with manufacturers' specifications.
            5.4.5 Safeguard information in accordance with the established procedures.
            5.4.6 Ensure appropriate awareness is provided to employees and third-party users regarding the information handling procedures.",,,,,,
T9.3.1__clientname-IS-POL-00-Asset Management Policy 6_passage_10,prediction,T9.3.1,T9,"Testing, Maintaining and Re-","The entity shall test, maintain and re-assess its information systems continuity plans.",3,"a,b,c","a: The entity shall:
b: periodically test the continuity plan for the information systems following the established procedures to determine the effectiveness of the plan and the organizational readiness to execute the plan
c: establish lessons learned and update the information systems continuity plans to ensure they are always up-to-date",clientname-IS-POL-00-Asset Management Policy 6_passage_10,5.4 Asset Handling,"<CLIENT> shall:
            5.4.1 Develop procedures for handling, processing, storing, and communicating information consistent with its classification level. The following items should be considered, at a minimum:
            5.4.2 Access restrictions supporting the protection requirements for each level of classification.
            5.4.3 Protection of temporary or permanent copies of information to a level consistent with the protection of the original information.
            5.4.4 Storage of IT assets in accordance with manufacturers' specifications.
            5.4.5 Safeguard information in accordance with the established procedures.
            5.4.6 Ensure appropriate awareness is provided to employees and third-party users regarding the information handling procedures.",,,,,,
M1.3.5__clientname-IS-POL-00-Asset Management Policy 6_passage_10,retrieval,M1.3.5,M1,Identification of Risks,The entity shall identify and properly manage the risks related to its information and information systems from business processes involving external parties,5,"a,b,c,d,e","a: The entity shall:
b: identify risks to its information and information systems and implement the appropriate controls before granting access to any external party
c: define an external party access policy
d: identify and adopt proper controls to limit physical and logical access to information assets and entity information systems
e: monitor external party access to entity information and entity information systems",clientname-IS-POL-00-Asset Management Policy 6_passage_10,5.4 Asset Handling,"<CLIENT> shall:
            5.4.1 Develop procedures for handling, processing, storing, and communicating information consistent with its classification level. The following items should be considered, at a minimum:
            5.4.2 Access restrictions supporting the protection requirements for each level of classification.
            5.4.3 Protection of temporary or permanent copies of information to a level consistent with the protection of the original information.
            5.4.4 Storage of IT assets in accordance with manufacturers' specifications.
            5.4.5 Safeguard information in accordance with the established procedures.
            5.4.6 Ensure appropriate awareness is provided to employees and third-party users regarding the information handling procedures.",,,,,,
M5.5.2__clientname-IS-POL-00-Asset Management Policy 6_passage_10,retrieval,M5.5.2,M5,Protection of Information,The entity shall protect access to information systems audit tools to prevent any possible misuse or compromise.,4,"a,b,c,d","a: The entity shall:
b: identify all information systems audit tools
c: identify the types and classification levels of information stored in information systems audit tools
d: define minimum security requirements for information systems audit tools commensurate to the classification levels of the information held",clientname-IS-POL-00-Asset Management Policy 6_passage_10,5.4 Asset Handling,"<CLIENT> shall:
            5.4.1 Develop procedures for handling, processing, storing, and communicating information consistent with its classification level. The following items should be considered, at a minimum:
            5.4.2 Access restrictions supporting the protection requirements for each level of classification.
            5.4.3 Protection of temporary or permanent copies of information to a level consistent with the protection of the original information.
            5.4.4 Storage of IT assets in accordance with manufacturers' specifications.
            5.4.5 Safeguard information in accordance with the established procedures.
            5.4.6 Ensure appropriate awareness is provided to employees and third-party users regarding the information handling procedures.",,,,,,
T1.2.4__clientname-IS-POL-00-Asset Management Policy 6_passage_10,retrieval,T1.2.4,T1,Acceptable Bring Your Own,The entity shall develop rules for the acceptable use of information assets associated with BYOD arrangements.,5,"a,b,c,d,e","a: The entity shall:
b: establish the rules for the acceptable use of personal assets that are used on the entity’s environment
c: adapt rules to the different roles (management, users, administrators, operators, contractors, etc.)
d: ensure circulation and acceptance of the rules by employees, contractors and third parties
e: measure compliance with these rules",clientname-IS-POL-00-Asset Management Policy 6_passage_10,5.4 Asset Handling,"<CLIENT> shall:
            5.4.1 Develop procedures for handling, processing, storing, and communicating information consistent with its classification level. The following items should be considered, at a minimum:
            5.4.2 Access restrictions supporting the protection requirements for each level of classification.
            5.4.3 Protection of temporary or permanent copies of information to a level consistent with the protection of the original information.
            5.4.4 Storage of IT assets in accordance with manufacturers' specifications.
            5.4.5 Safeguard information in accordance with the established procedures.
            5.4.6 Ensure appropriate awareness is provided to employees and third-party users regarding the information handling procedures.",,,,,,
T1.4.1__clientname-IS-POL-00-Asset Management Policy 6_passage_10,retrieval,T1.4.1,T1,Management of,The entity shall manage the removable media in accordance with the classification scheme adopted by the entity.,5,"a,b,d,e,f","a: The entity shall:
b: establish media management procedures along its lifecycle (setup, distribution, utilization and disposa
d: identify the needed protection levels in accordance with the classification scheme
e: inhibit the use of removable media in those information systems that do not require it
f: control users of removable media",clientname-IS-POL-00-Asset Management Policy 6_passage_10,5.4 Asset Handling,"<CLIENT> shall:
            5.4.1 Develop procedures for handling, processing, storing, and communicating information consistent with its classification level. The following items should be considered, at a minimum:
            5.4.2 Access restrictions supporting the protection requirements for each level of classification.
            5.4.3 Protection of temporary or permanent copies of information to a level consistent with the protection of the original information.
            5.4.4 Storage of IT assets in accordance with manufacturers' specifications.
            5.4.5 Safeguard information in accordance with the established procedures.
            5.4.6 Ensure appropriate awareness is provided to employees and third-party users regarding the information handling procedures.",,,,,,
T3.6.4__clientname-IS-POL-00-Asset Management Policy 6_passage_10,retrieval,T3.6.4,T3,Protection of Log,The entity shall protect log information against tampering and unauthorized access.,3,"a,b,c","a: The entity shall:
b: identify the log information across all information systems that shall be protected
c: ensure log information are protected commensurate to the sensitivity of the content of the logs",clientname-IS-POL-00-Asset Management Policy 6_passage_10,5.4 Asset Handling,"<CLIENT> shall:
            5.4.1 Develop procedures for handling, processing, storing, and communicating information consistent with its classification level. The following items should be considered, at a minimum:
            5.4.2 Access restrictions supporting the protection requirements for each level of classification.
            5.4.3 Protection of temporary or permanent copies of information to a level consistent with the protection of the original information.
            5.4.4 Storage of IT assets in accordance with manufacturers' specifications.
            5.4.5 Safeguard information in accordance with the established procedures.
            5.4.6 Ensure appropriate awareness is provided to employees and third-party users regarding the information handling procedures.",,,,,,
T4.2.5__clientname-IS-POL-00-Asset Management Policy 6_passage_10,retrieval,T4.2.5,T4,Business Information,The entity shall develop policies and procedures to protect information transferred across business information systems.,5,"a,b,c,d,e","a: The policies and procedures shall:
b: identify all points of interconnection between business information systems
c: identify the types of information to be protected regarding the identified interconnections
d: identify appropriate security measures to be taken to protect each type of information
e: be documented, maintained, reviewed and updated at planned intervals or if significant changes occur",clientname-IS-POL-00-Asset Management Policy 6_passage_10,5.4 Asset Handling,"<CLIENT> shall:
            5.4.1 Develop procedures for handling, processing, storing, and communicating information consistent with its classification level. The following items should be considered, at a minimum:
            5.4.2 Access restrictions supporting the protection requirements for each level of classification.
            5.4.3 Protection of temporary or permanent copies of information to a level consistent with the protection of the original information.
            5.4.4 Storage of IT assets in accordance with manufacturers' specifications.
            5.4.5 Safeguard information in accordance with the established procedures.
            5.4.6 Ensure appropriate awareness is provided to employees and third-party users regarding the information handling procedures.",,,,,,
T4.5.4__clientname-IS-POL-00-Asset Management Policy 6_passage_10,retrieval,T4.5.4,T4,Security of Wireless,The entity shall ensure that all wireless networks are adequately secured.,5,"a,b,c,d,e","a: The entity shall:
b: undertake and document a site survey to determine the optimal physical locations to avoid stray signal leaking too far outside of the entity’s physical perimeter
c: identify criteria for grouping information services, users, and information systems into different groups that facilitate segregation on wireless networks
d: for each wireless network, identify the security controls that should be in place based on the required protection level of the information services, users, and information systems it supports
e: periodically evaluate the effectiveness of implemented segregation strategies and identify areas for improvement",clientname-IS-POL-00-Asset Management Policy 6_passage_10,5.4 Asset Handling,"<CLIENT> shall:
            5.4.1 Develop procedures for handling, processing, storing, and communicating information consistent with its classification level. The following items should be considered, at a minimum:
            5.4.2 Access restrictions supporting the protection requirements for each level of classification.
            5.4.3 Protection of temporary or permanent copies of information to a level consistent with the protection of the original information.
            5.4.4 Storage of IT assets in accordance with manufacturers' specifications.
            5.4.5 Safeguard information in accordance with the established procedures.
            5.4.6 Ensure appropriate awareness is provided to employees and third-party users regarding the information handling procedures.",,,,,,
T5.4.1__clientname-IS-POL-00-Asset Management Policy 6_passage_10,retrieval,T5.4.1,T5,Policy on Use of Network,The entity shall provide access to users only to the services that they have been specifically authorized to use.,4,"a,b,c,d","a: The entity shall:
b: establish a policy for the use of network services that is appropriate to the entity
c: develop the framework for managing the network services and ensure the right level of protection provided against unauthorized access
d: limit user access to the required network services and in line with the developed framework",clientname-IS-POL-00-Asset Management Policy 6_passage_10,5.4 Asset Handling,"<CLIENT> shall:
            5.4.1 Develop procedures for handling, processing, storing, and communicating information consistent with its classification level. The following items should be considered, at a minimum:
            5.4.2 Access restrictions supporting the protection requirements for each level of classification.
            5.4.3 Protection of temporary or permanent copies of information to a level consistent with the protection of the original information.
            5.4.4 Storage of IT assets in accordance with manufacturers' specifications.
            5.4.5 Safeguard information in accordance with the established procedures.
            5.4.6 Ensure appropriate awareness is provided to employees and third-party users regarding the information handling procedures.",,,,,,
T5.5.1__clientname-IS-POL-00-Asset Management Policy 6_passage_10,retrieval,T5.5.1,T5,Secure Log-On Procedures,The entity shall control access to systems and applications using a secure log-on and log-off procedure.,6,"a,b,c,d,e,f","a: The entity shall:
b: identify the systems, applications and services that require user authentication
c: classify the identified systems, application and services based on the level of protection needed
d: establish the appropriate log-on and log-off procedures to minimize the opportunity for unauthorized access
e: set a maximum session time for logged on users for sensitive systems and applications
f: terminate inactive sessions after a predefined period of inactivity",clientname-IS-POL-00-Asset Management Policy 6_passage_10,5.4 Asset Handling,"<CLIENT> shall:
            5.4.1 Develop procedures for handling, processing, storing, and communicating information consistent with its classification level. The following items should be considered, at a minimum:
            5.4.2 Access restrictions supporting the protection requirements for each level of classification.
            5.4.3 Protection of temporary or permanent copies of information to a level consistent with the protection of the original information.
            5.4.4 Storage of IT assets in accordance with manufacturers' specifications.
            5.4.5 Safeguard information in accordance with the established procedures.
            5.4.6 Ensure appropriate awareness is provided to employees and third-party users regarding the information handling procedures.",,,,,,
T4.5.2__clientname-IS-POL-00-Asset Management Policy 6_passage_10,neg_sample,T4.5.2,T4,Security of Network,"The entity shall identify the security features, service levels, and management requirements of all network services and include these requirements in any network services agreement, whether these services are provided in-house or outsourced.",5,"a,b,c,d,e","a: The entity shall:
b: specify which network services are subject to specific security requirements
c: define minimum security requirements for each identified service
d: ensure minimum security requirements are captured in service level agreements for network services
e: ensure minimum security requirements are implemented in network services",clientname-IS-POL-00-Asset Management Policy 6_passage_10,5.4 Asset Handling,"<CLIENT> shall:
            5.4.1 Develop procedures for handling, processing, storing, and communicating information consistent with its classification level. The following items should be considered, at a minimum:
            5.4.2 Access restrictions supporting the protection requirements for each level of classification.
            5.4.3 Protection of temporary or permanent copies of information to a level consistent with the protection of the original information.
            5.4.4 Storage of IT assets in accordance with manufacturers' specifications.
            5.4.5 Safeguard information in accordance with the established procedures.
            5.4.6 Ensure appropriate awareness is provided to employees and third-party users regarding the information handling procedures.",,,,,,
M4.2.1__clientname-IS-POL-00-Asset Management Policy 6_passage_11,prediction,M4.2.1,M4,Screening,"The entity shall perform background verification checks on all candidates for employment, contractors, and third party users",3,"a,b,c","a: The entity shall:
b: define a background verification check process in accordance with relevant laws, and ethics, and proportional to the business requirements, the classification of the information to be accessed, and the perceived risks
c: perform background verification checks for all candidates for employment, contractors and third party personnel",clientname-IS-POL-00-Asset Management Policy 6_passage_11,5.5 Removable Media Management,"<CLIENT> shall:
            5.5.1 Ensure that all information is stored only in organization authorized media.
            5.5.2 Ensure that contents of any re-usable media that are to be removed from the organization is made unrecoverable when no longer required.
            5.5.3 Ensure that appropriate authorization is obtained for media removed from the organization and a record of such removals is kept in order to maintain an audit trail.
            5.5.4 Store all media in a safe and secure environment in accordance with manufacturers' specifications.
            5.5.5 Apply cryptographic techniques to protect data on removable media.
            5.5.6 Ensure that all removable media is scanned for malware before utilization.
            5.5.7 Ensure transfer of data to fresh media before it gets unreadable.
            5.5.8 Securely store/backup multiple copies of valuable data on separate media to further reduce the risk of incidental and/or accidental data damage or loss.
            5.5.9 Restrict and monitor the usage of removable media to limit the opportunity for data loss.
            5.5.10 Ensure that any organization-controlled media with data is not sent to the manufacturer for any repair purposes to avoid leakage of residual confidential information.",,,,,,
M5.2.5__clientname-IS-POL-00-Asset Management Policy 6_passage_11,prediction,M5.2.5,M5,"Prevention of Misuse of Information A.15.1.5 AC-8, AU-6, PL-4, PS- 11.5.1 NONE Systems 6, PS-8, SA-7",,0,,(no sub-controls — judge on description),clientname-IS-POL-00-Asset Management Policy 6_passage_11,5.5 Removable Media Management,"<CLIENT> shall:
            5.5.1 Ensure that all information is stored only in organization authorized media.
            5.5.2 Ensure that contents of any re-usable media that are to be removed from the organization is made unrecoverable when no longer required.
            5.5.3 Ensure that appropriate authorization is obtained for media removed from the organization and a record of such removals is kept in order to maintain an audit trail.
            5.5.4 Store all media in a safe and secure environment in accordance with manufacturers' specifications.
            5.5.5 Apply cryptographic techniques to protect data on removable media.
            5.5.6 Ensure that all removable media is scanned for malware before utilization.
            5.5.7 Ensure transfer of data to fresh media before it gets unreadable.
            5.5.8 Securely store/backup multiple copies of valuable data on separate media to further reduce the risk of incidental and/or accidental data damage or loss.
            5.5.9 Restrict and monitor the usage of removable media to limit the opportunity for data loss.
            5.5.10 Ensure that any organization-controlled media with data is not sent to the manufacturer for any repair purposes to avoid leakage of residual confidential information.",,,,,,
T1.4.1__clientname-IS-POL-00-Asset Management Policy 6_passage_11,golden+retrieval,T1.4.1,T1,Management of,The entity shall manage the removable media in accordance with the classification scheme adopted by the entity.,5,"a,b,d,e,f","a: The entity shall:
b: establish media management procedures along its lifecycle (setup, distribution, utilization and disposa
d: identify the needed protection levels in accordance with the classification scheme
e: inhibit the use of removable media in those information systems that do not require it
f: control users of removable media",clientname-IS-POL-00-Asset Management Policy 6_passage_11,5.5 Removable Media Management,"<CLIENT> shall:
            5.5.1 Ensure that all information is stored only in organization authorized media.
            5.5.2 Ensure that contents of any re-usable media that are to be removed from the organization is made unrecoverable when no longer required.
            5.5.3 Ensure that appropriate authorization is obtained for media removed from the organization and a record of such removals is kept in order to maintain an audit trail.
            5.5.4 Store all media in a safe and secure environment in accordance with manufacturers' specifications.
            5.5.5 Apply cryptographic techniques to protect data on removable media.
            5.5.6 Ensure that all removable media is scanned for malware before utilization.
            5.5.7 Ensure transfer of data to fresh media before it gets unreadable.
            5.5.8 Securely store/backup multiple copies of valuable data on separate media to further reduce the risk of incidental and/or accidental data damage or loss.
            5.5.9 Restrict and monitor the usage of removable media to limit the opportunity for data loss.
            5.5.10 Ensure that any organization-controlled media with data is not sent to the manufacturer for any repair purposes to avoid leakage of residual confidential information.",,,,,,Not Addressed
T1.4.2__clientname-IS-POL-00-Asset Management Policy 6_passage_11,prediction+retrieval,T1.4.2,T1,Disposal of Media,The entity shall dispose media when no longer needed.,5,"a,b,c,d,e","a: The entity shall:
b: establish procedures for secure disposal of media containing confidential information based on the sensitivity of that information
c: destroy media, both paper and digital, when no longer serving the entity
d: keep records for disposed media (containing or used to contain confidential informatio
e: when no longer needed",clientname-IS-POL-00-Asset Management Policy 6_passage_11,5.5 Removable Media Management,"<CLIENT> shall:
            5.5.1 Ensure that all information is stored only in organization authorized media.
            5.5.2 Ensure that contents of any re-usable media that are to be removed from the organization is made unrecoverable when no longer required.
            5.5.3 Ensure that appropriate authorization is obtained for media removed from the organization and a record of such removals is kept in order to maintain an audit trail.
            5.5.4 Store all media in a safe and secure environment in accordance with manufacturers' specifications.
            5.5.5 Apply cryptographic techniques to protect data on removable media.
            5.5.6 Ensure that all removable media is scanned for malware before utilization.
            5.5.7 Ensure transfer of data to fresh media before it gets unreadable.
            5.5.8 Securely store/backup multiple copies of valuable data on separate media to further reduce the risk of incidental and/or accidental data damage or loss.
            5.5.9 Restrict and monitor the usage of removable media to limit the opportunity for data loss.
            5.5.10 Ensure that any organization-controlled media with data is not sent to the manufacturer for any repair purposes to avoid leakage of residual confidential information.",,,,,,
T3.6.2__clientname-IS-POL-00-Asset Management Policy 6_passage_11,prediction,T3.6.2,T3,Audit Logging,"The entity shall produce and keep audit logs recording user activities, exceptions, and information security events.",6,"a,b,c,d,e,f","a: The entity shall:
b: identify all activities to be captured in audit logs for all hardware devices, operating systems and installed applications
c: identify minimum information requirements for each activity to be captured
d: define minimum frequency requirements for reviewing audit logs
e: ensure audit logs are reviewed by personnel with appropriate training and skills
f: define minimum time requirements for maintaining audit logs",clientname-IS-POL-00-Asset Management Policy 6_passage_11,5.5 Removable Media Management,"<CLIENT> shall:
            5.5.1 Ensure that all information is stored only in organization authorized media.
            5.5.2 Ensure that contents of any re-usable media that are to be removed from the organization is made unrecoverable when no longer required.
            5.5.3 Ensure that appropriate authorization is obtained for media removed from the organization and a record of such removals is kept in order to maintain an audit trail.
            5.5.4 Store all media in a safe and secure environment in accordance with manufacturers' specifications.
            5.5.5 Apply cryptographic techniques to protect data on removable media.
            5.5.6 Ensure that all removable media is scanned for malware before utilization.
            5.5.7 Ensure transfer of data to fresh media before it gets unreadable.
            5.5.8 Securely store/backup multiple copies of valuable data on separate media to further reduce the risk of incidental and/or accidental data damage or loss.
            5.5.9 Restrict and monitor the usage of removable media to limit the opportunity for data loss.
            5.5.10 Ensure that any organization-controlled media with data is not sent to the manufacturer for any repair purposes to avoid leakage of residual confidential information.",,,,,,
T4.2.5__clientname-IS-POL-00-Asset Management Policy 6_passage_11,prediction,T4.2.5,T4,Business Information,The entity shall develop policies and procedures to protect information transferred across business information systems.,5,"a,b,c,d,e","a: The policies and procedures shall:
b: identify all points of interconnection between business information systems
c: identify the types of information to be protected regarding the identified interconnections
d: identify appropriate security measures to be taken to protect each type of information
e: be documented, maintained, reviewed and updated at planned intervals or if significant changes occur",clientname-IS-POL-00-Asset Management Policy 6_passage_11,5.5 Removable Media Management,"<CLIENT> shall:
            5.5.1 Ensure that all information is stored only in organization authorized media.
            5.5.2 Ensure that contents of any re-usable media that are to be removed from the organization is made unrecoverable when no longer required.
            5.5.3 Ensure that appropriate authorization is obtained for media removed from the organization and a record of such removals is kept in order to maintain an audit trail.
            5.5.4 Store all media in a safe and secure environment in accordance with manufacturers' specifications.
            5.5.5 Apply cryptographic techniques to protect data on removable media.
            5.5.6 Ensure that all removable media is scanned for malware before utilization.
            5.5.7 Ensure transfer of data to fresh media before it gets unreadable.
            5.5.8 Securely store/backup multiple copies of valuable data on separate media to further reduce the risk of incidental and/or accidental data damage or loss.
            5.5.9 Restrict and monitor the usage of removable media to limit the opportunity for data loss.
            5.5.10 Ensure that any organization-controlled media with data is not sent to the manufacturer for any repair purposes to avoid leakage of residual confidential information.",,,,,,
T4.3.1__clientname-IS-POL-00-Asset Management Policy 6_passage_11,prediction,T4.3.1,T4,Electronic Commerce,"The entity shall protect information involved in electronic commerce passing over public networks from fraudulent activity, contract dispute, and unauthorized disclosure and modification.",5,"a,b,c,d,e","a: The entity shall:
b: identify all instances of electronic commerce within the entity that require passing information over public networks
c: identify appropriate security measures for information passing over public networks based on the risk assessment
d: ensure security requirements are captured in service agreements with e-commerce partners
e: monitor e-commerce activities for on-going compliance with security requirements",clientname-IS-POL-00-Asset Management Policy 6_passage_11,5.5 Removable Media Management,"<CLIENT> shall:
            5.5.1 Ensure that all information is stored only in organization authorized media.
            5.5.2 Ensure that contents of any re-usable media that are to be removed from the organization is made unrecoverable when no longer required.
            5.5.3 Ensure that appropriate authorization is obtained for media removed from the organization and a record of such removals is kept in order to maintain an audit trail.
            5.5.4 Store all media in a safe and secure environment in accordance with manufacturers' specifications.
            5.5.5 Apply cryptographic techniques to protect data on removable media.
            5.5.6 Ensure that all removable media is scanned for malware before utilization.
            5.5.7 Ensure transfer of data to fresh media before it gets unreadable.
            5.5.8 Securely store/backup multiple copies of valuable data on separate media to further reduce the risk of incidental and/or accidental data damage or loss.
            5.5.9 Restrict and monitor the usage of removable media to limit the opportunity for data loss.
            5.5.10 Ensure that any organization-controlled media with data is not sent to the manufacturer for any repair purposes to avoid leakage of residual confidential information.",,,,,,
T4.3.2__clientname-IS-POL-00-Asset Management Policy 6_passage_11,prediction,T4.3.2,T4,On-Line Transactions,"The entity shall protect information involved in on-line transactions against incomplete transmission, mis-routing, unauthorized message alteration, unauthorized disclosure, unauthorized message duplication or replay.",5,"a,b,c,d,e","a: The entity shall:
b: identify all information used in on-line transactions
c: identify appropriate security measures for information used in on- line transactions based on the risk assessment
d: ensure security requirements are captured in service agreements with all partners involved in on-line transactions
e: monitor on-line transactions for on-going compliance with security requirements",clientname-IS-POL-00-Asset Management Policy 6_passage_11,5.5 Removable Media Management,"<CLIENT> shall:
            5.5.1 Ensure that all information is stored only in organization authorized media.
            5.5.2 Ensure that contents of any re-usable media that are to be removed from the organization is made unrecoverable when no longer required.
            5.5.3 Ensure that appropriate authorization is obtained for media removed from the organization and a record of such removals is kept in order to maintain an audit trail.
            5.5.4 Store all media in a safe and secure environment in accordance with manufacturers' specifications.
            5.5.5 Apply cryptographic techniques to protect data on removable media.
            5.5.6 Ensure that all removable media is scanned for malware before utilization.
            5.5.7 Ensure transfer of data to fresh media before it gets unreadable.
            5.5.8 Securely store/backup multiple copies of valuable data on separate media to further reduce the risk of incidental and/or accidental data damage or loss.
            5.5.9 Restrict and monitor the usage of removable media to limit the opportunity for data loss.
            5.5.10 Ensure that any organization-controlled media with data is not sent to the manufacturer for any repair purposes to avoid leakage of residual confidential information.",,,,,,
T4.5.1__clientname-IS-POL-00-Asset Management Policy 6_passage_11,prediction,T4.5.1,T4,Network Controls,"The entity shall ensure that all networks are adequately managed, controlled, and protected.",6,"a,b,c,d,e,f","a: The entity shall:
b: identify all network components and interconnectivity between them
c: document and maintain network diagram that includes all network components as well as their connections
d: perform a risk assessment on individual network components and the network as a whole to identify vulnerabilities requiring action
e: identify and implement specific network controls needed to mitigate the vulnerabilities identified
f: continually monitor the in-place controls for efficiency and effectiveness",clientname-IS-POL-00-Asset Management Policy 6_passage_11,5.5 Removable Media Management,"<CLIENT> shall:
            5.5.1 Ensure that all information is stored only in organization authorized media.
            5.5.2 Ensure that contents of any re-usable media that are to be removed from the organization is made unrecoverable when no longer required.
            5.5.3 Ensure that appropriate authorization is obtained for media removed from the organization and a record of such removals is kept in order to maintain an audit trail.
            5.5.4 Store all media in a safe and secure environment in accordance with manufacturers' specifications.
            5.5.5 Apply cryptographic techniques to protect data on removable media.
            5.5.6 Ensure that all removable media is scanned for malware before utilization.
            5.5.7 Ensure transfer of data to fresh media before it gets unreadable.
            5.5.8 Securely store/backup multiple copies of valuable data on separate media to further reduce the risk of incidental and/or accidental data damage or loss.
            5.5.9 Restrict and monitor the usage of removable media to limit the opportunity for data loss.
            5.5.10 Ensure that any organization-controlled media with data is not sent to the manufacturer for any repair purposes to avoid leakage of residual confidential information.",,,,,,
T5.5.3__clientname-IS-POL-00-Asset Management Policy 6_passage_11,prediction,T5.5.3,T5,User Credentials,The entity shall implement a system for managing user credentials (i.e. passwords).,4,"a,b,c,d","a: The user credential management system shall:
b: automate the user credential change procedure ensuring the authenticity of the associate user identity
c: validate that the changed credentials have sufficient strength for their intended use to ensure quality secret authentication
d: set a maximum lifetime and reuse conditions",clientname-IS-POL-00-Asset Management Policy 6_passage_11,5.5 Removable Media Management,"<CLIENT> shall:
            5.5.1 Ensure that all information is stored only in organization authorized media.
            5.5.2 Ensure that contents of any re-usable media that are to be removed from the organization is made unrecoverable when no longer required.
            5.5.3 Ensure that appropriate authorization is obtained for media removed from the organization and a record of such removals is kept in order to maintain an audit trail.
            5.5.4 Store all media in a safe and secure environment in accordance with manufacturers' specifications.
            5.5.5 Apply cryptographic techniques to protect data on removable media.
            5.5.6 Ensure that all removable media is scanned for malware before utilization.
            5.5.7 Ensure transfer of data to fresh media before it gets unreadable.
            5.5.8 Securely store/backup multiple copies of valuable data on separate media to further reduce the risk of incidental and/or accidental data damage or loss.
            5.5.9 Restrict and monitor the usage of removable media to limit the opportunity for data loss.
            5.5.10 Ensure that any organization-controlled media with data is not sent to the manufacturer for any repair purposes to avoid leakage of residual confidential information.",,,,,,
T6.3.2__clientname-IS-POL-00-Asset Management Policy 6_passage_11,prediction,T6.3.2,T6,Service Delivery Agreements,The entity shall document relevant security requirements in service delivery agreements with cloud service providers.,4,"a,b,c,d","a: Each service delivery agreement for cloud services shall include provisions for:
b: understanding and maintaining awareness of where information with applicable restrictions will be stored or transmitted in the cloud environment
c: ensuring appropriate information migration plans at the end of the service period
d: ensuring all other cloud security requirements determined relevant by the entity are included in the service delivery agreement",clientname-IS-POL-00-Asset Management Policy 6_passage_11,5.5 Removable Media Management,"<CLIENT> shall:
            5.5.1 Ensure that all information is stored only in organization authorized media.
            5.5.2 Ensure that contents of any re-usable media that are to be removed from the organization is made unrecoverable when no longer required.
            5.5.3 Ensure that appropriate authorization is obtained for media removed from the organization and a record of such removals is kept in order to maintain an audit trail.
            5.5.4 Store all media in a safe and secure environment in accordance with manufacturers' specifications.
            5.5.5 Apply cryptographic techniques to protect data on removable media.
            5.5.6 Ensure that all removable media is scanned for malware before utilization.
            5.5.7 Ensure transfer of data to fresh media before it gets unreadable.
            5.5.8 Securely store/backup multiple copies of valuable data on separate media to further reduce the risk of incidental and/or accidental data damage or loss.
            5.5.9 Restrict and monitor the usage of removable media to limit the opportunity for data loss.
            5.5.10 Ensure that any organization-controlled media with data is not sent to the manufacturer for any repair purposes to avoid leakage of residual confidential information.",,,,,,
M1.3.5__clientname-IS-POL-00-Asset Management Policy 6_passage_11,retrieval,M1.3.5,M1,Identification of Risks,The entity shall identify and properly manage the risks related to its information and information systems from business processes involving external parties,5,"a,b,c,d,e","a: The entity shall:
b: identify risks to its information and information systems and implement the appropriate controls before granting access to any external party
c: define an external party access policy
d: identify and adopt proper controls to limit physical and logical access to information assets and entity information systems
e: monitor external party access to entity information and entity information systems",clientname-IS-POL-00-Asset Management Policy 6_passage_11,5.5 Removable Media Management,"<CLIENT> shall:
            5.5.1 Ensure that all information is stored only in organization authorized media.
            5.5.2 Ensure that contents of any re-usable media that are to be removed from the organization is made unrecoverable when no longer required.
            5.5.3 Ensure that appropriate authorization is obtained for media removed from the organization and a record of such removals is kept in order to maintain an audit trail.
            5.5.4 Store all media in a safe and secure environment in accordance with manufacturers' specifications.
            5.5.5 Apply cryptographic techniques to protect data on removable media.
            5.5.6 Ensure that all removable media is scanned for malware before utilization.
            5.5.7 Ensure transfer of data to fresh media before it gets unreadable.
            5.5.8 Securely store/backup multiple copies of valuable data on separate media to further reduce the risk of incidental and/or accidental data damage or loss.
            5.5.9 Restrict and monitor the usage of removable media to limit the opportunity for data loss.
            5.5.10 Ensure that any organization-controlled media with data is not sent to the manufacturer for any repair purposes to avoid leakage of residual confidential information.",,,,,,
M5.5.1__clientname-IS-POL-00-Asset Management Policy 6_passage_11,retrieval,M5.5.1,M5,Information Systems Audit,The entity shall ensure that audit requirements and activities involving checks on operational systems are carefully planned and agreed to minimize the risk of disruptions to business processes.,5,"a,b,c,d,e","a: The entity shall:
b: assign responsibilities for internal audits of information system controls to an appropriate authority
c: define audit requirements for information system controls
d: outline an audit plan to meet audit requirements for information system controls
e: highlight measures taken to ensure audit activities minimize the risk of disruptions to business processes",clientname-IS-POL-00-Asset Management Policy 6_passage_11,5.5 Removable Media Management,"<CLIENT> shall:
            5.5.1 Ensure that all information is stored only in organization authorized media.
            5.5.2 Ensure that contents of any re-usable media that are to be removed from the organization is made unrecoverable when no longer required.
            5.5.3 Ensure that appropriate authorization is obtained for media removed from the organization and a record of such removals is kept in order to maintain an audit trail.
            5.5.4 Store all media in a safe and secure environment in accordance with manufacturers' specifications.
            5.5.5 Apply cryptographic techniques to protect data on removable media.
            5.5.6 Ensure that all removable media is scanned for malware before utilization.
            5.5.7 Ensure transfer of data to fresh media before it gets unreadable.
            5.5.8 Securely store/backup multiple copies of valuable data on separate media to further reduce the risk of incidental and/or accidental data damage or loss.
            5.5.9 Restrict and monitor the usage of removable media to limit the opportunity for data loss.
            5.5.10 Ensure that any organization-controlled media with data is not sent to the manufacturer for any repair purposes to avoid leakage of residual confidential information.",,,,,,
M5.5.2__clientname-IS-POL-00-Asset Management Policy 6_passage_11,retrieval,M5.5.2,M5,Protection of Information,The entity shall protect access to information systems audit tools to prevent any possible misuse or compromise.,4,"a,b,c,d","a: The entity shall:
b: identify all information systems audit tools
c: identify the types and classification levels of information stored in information systems audit tools
d: define minimum security requirements for information systems audit tools commensurate to the classification levels of the information held",clientname-IS-POL-00-Asset Management Policy 6_passage_11,5.5 Removable Media Management,"<CLIENT> shall:
            5.5.1 Ensure that all information is stored only in organization authorized media.
            5.5.2 Ensure that contents of any re-usable media that are to be removed from the organization is made unrecoverable when no longer required.
            5.5.3 Ensure that appropriate authorization is obtained for media removed from the organization and a record of such removals is kept in order to maintain an audit trail.
            5.5.4 Store all media in a safe and secure environment in accordance with manufacturers' specifications.
            5.5.5 Apply cryptographic techniques to protect data on removable media.
            5.5.6 Ensure that all removable media is scanned for malware before utilization.
            5.5.7 Ensure transfer of data to fresh media before it gets unreadable.
            5.5.8 Securely store/backup multiple copies of valuable data on separate media to further reduce the risk of incidental and/or accidental data damage or loss.
            5.5.9 Restrict and monitor the usage of removable media to limit the opportunity for data loss.
            5.5.10 Ensure that any organization-controlled media with data is not sent to the manufacturer for any repair purposes to avoid leakage of residual confidential information.",,,,,,
T3.4.1__clientname-IS-POL-00-Asset Management Policy 6_passage_11,retrieval,T3.4.1,T3,Controls Against Malware,The entity shall protect its information assets from malware.,9,"a,b,c,d,e,f,g,h,j","a: The entity shall:
b: employ anti-malware protection mechanisms for the network as well as servers, workstations, laptops and other devices connected to it
c: ensure that all anti-malware protection are up-to-date
d: periodically scan all information systems files as well as files downloaded from public networks
e: scan all email attachments before reaching user’s inbox
f: scan removable media for malware every time they are connected to the information systems
g: configure servers, workstations, laptops so that they don’t “auto-run” contents from removable media
h: monitor anti-malware protection tools for malware detection events that should be logged and a notification should be sent to the administrators (refer to T.3.6.
j: ensure that users are aware of malware risks, behaviors and preventative actions (refer to M.3.2.1)",clientname-IS-POL-00-Asset Management Policy 6_passage_11,5.5 Removable Media Management,"<CLIENT> shall:
            5.5.1 Ensure that all information is stored only in organization authorized media.
            5.5.2 Ensure that contents of any re-usable media that are to be removed from the organization is made unrecoverable when no longer required.
            5.5.3 Ensure that appropriate authorization is obtained for media removed from the organization and a record of such removals is kept in order to maintain an audit trail.
            5.5.4 Store all media in a safe and secure environment in accordance with manufacturers' specifications.
            5.5.5 Apply cryptographic techniques to protect data on removable media.
            5.5.6 Ensure that all removable media is scanned for malware before utilization.
            5.5.7 Ensure transfer of data to fresh media before it gets unreadable.
            5.5.8 Securely store/backup multiple copies of valuable data on separate media to further reduce the risk of incidental and/or accidental data damage or loss.
            5.5.9 Restrict and monitor the usage of removable media to limit the opportunity for data loss.
            5.5.10 Ensure that any organization-controlled media with data is not sent to the manufacturer for any repair purposes to avoid leakage of residual confidential information.",,,,,,
T3.5.1__clientname-IS-POL-00-Asset Management Policy 6_passage_11,retrieval,T3.5.1,T3,Information Backup,The entity shall backup copies of its information and software.,5,"a,b,c,d,e","a: The entity shall:
b: establish guidelines for determining what information and software requires backup and how often
c: establish and document clear backup procedures and system capabilities for all applicable backup requirements
d: ensure backed up information and software is routinely tested for reliability
e: ensure IT staff have the skills and qualification to conduct the backup procedures (refer to",clientname-IS-POL-00-Asset Management Policy 6_passage_11,5.5 Removable Media Management,"<CLIENT> shall:
            5.5.1 Ensure that all information is stored only in organization authorized media.
            5.5.2 Ensure that contents of any re-usable media that are to be removed from the organization is made unrecoverable when no longer required.
            5.5.3 Ensure that appropriate authorization is obtained for media removed from the organization and a record of such removals is kept in order to maintain an audit trail.
            5.5.4 Store all media in a safe and secure environment in accordance with manufacturers' specifications.
            5.5.5 Apply cryptographic techniques to protect data on removable media.
            5.5.6 Ensure that all removable media is scanned for malware before utilization.
            5.5.7 Ensure transfer of data to fresh media before it gets unreadable.
            5.5.8 Securely store/backup multiple copies of valuable data on separate media to further reduce the risk of incidental and/or accidental data damage or loss.
            5.5.9 Restrict and monitor the usage of removable media to limit the opportunity for data loss.
            5.5.10 Ensure that any organization-controlled media with data is not sent to the manufacturer for any repair purposes to avoid leakage of residual confidential information.",,,,,,
T4.2.3__clientname-IS-POL-00-Asset Management Policy 6_passage_11,retrieval,T4.2.3,T4,Physical Media in Transit,The entity shall protect physical media containing information during transportation.,6,"a,b,c,d,e,f","a: The entity shall:
b: identify physical media carrying sensitive information
c: define labeling requirements for physical media carrying sensitive information
d: ensure physical media in transit carrying sensitive information is tracked sufficiently in accordance with the sensitivity of the information it contains
e: define measures to be taken in the event of loss of physical media in transit carrying sensitive information
f: keep a log of all transitions",clientname-IS-POL-00-Asset Management Policy 6_passage_11,5.5 Removable Media Management,"<CLIENT> shall:
            5.5.1 Ensure that all information is stored only in organization authorized media.
            5.5.2 Ensure that contents of any re-usable media that are to be removed from the organization is made unrecoverable when no longer required.
            5.5.3 Ensure that appropriate authorization is obtained for media removed from the organization and a record of such removals is kept in order to maintain an audit trail.
            5.5.4 Store all media in a safe and secure environment in accordance with manufacturers' specifications.
            5.5.5 Apply cryptographic techniques to protect data on removable media.
            5.5.6 Ensure that all removable media is scanned for malware before utilization.
            5.5.7 Ensure transfer of data to fresh media before it gets unreadable.
            5.5.8 Securely store/backup multiple copies of valuable data on separate media to further reduce the risk of incidental and/or accidental data damage or loss.
            5.5.9 Restrict and monitor the usage of removable media to limit the opportunity for data loss.
            5.5.10 Ensure that any organization-controlled media with data is not sent to the manufacturer for any repair purposes to avoid leakage of residual confidential information.",,,,,,
T4.5.4__clientname-IS-POL-00-Asset Management Policy 6_passage_11,retrieval,T4.5.4,T4,Security of Wireless,The entity shall ensure that all wireless networks are adequately secured.,5,"a,b,c,d,e","a: The entity shall:
b: undertake and document a site survey to determine the optimal physical locations to avoid stray signal leaking too far outside of the entity’s physical perimeter
c: identify criteria for grouping information services, users, and information systems into different groups that facilitate segregation on wireless networks
d: for each wireless network, identify the security controls that should be in place based on the required protection level of the information services, users, and information systems it supports
e: periodically evaluate the effectiveness of implemented segregation strategies and identify areas for improvement",clientname-IS-POL-00-Asset Management Policy 6_passage_11,5.5 Removable Media Management,"<CLIENT> shall:
            5.5.1 Ensure that all information is stored only in organization authorized media.
            5.5.2 Ensure that contents of any re-usable media that are to be removed from the organization is made unrecoverable when no longer required.
            5.5.3 Ensure that appropriate authorization is obtained for media removed from the organization and a record of such removals is kept in order to maintain an audit trail.
            5.5.4 Store all media in a safe and secure environment in accordance with manufacturers' specifications.
            5.5.5 Apply cryptographic techniques to protect data on removable media.
            5.5.6 Ensure that all removable media is scanned for malware before utilization.
            5.5.7 Ensure transfer of data to fresh media before it gets unreadable.
            5.5.8 Securely store/backup multiple copies of valuable data on separate media to further reduce the risk of incidental and/or accidental data damage or loss.
            5.5.9 Restrict and monitor the usage of removable media to limit the opportunity for data loss.
            5.5.10 Ensure that any organization-controlled media with data is not sent to the manufacturer for any repair purposes to avoid leakage of residual confidential information.",,,,,,
T5.5.1__clientname-IS-POL-00-Asset Management Policy 6_passage_11,retrieval,T5.5.1,T5,Secure Log-On Procedures,The entity shall control access to systems and applications using a secure log-on and log-off procedure.,6,"a,b,c,d,e,f","a: The entity shall:
b: identify the systems, applications and services that require user authentication
c: classify the identified systems, application and services based on the level of protection needed
d: establish the appropriate log-on and log-off procedures to minimize the opportunity for unauthorized access
e: set a maximum session time for logged on users for sensitive systems and applications
f: terminate inactive sessions after a predefined period of inactivity",clientname-IS-POL-00-Asset Management Policy 6_passage_11,5.5 Removable Media Management,"<CLIENT> shall:
            5.5.1 Ensure that all information is stored only in organization authorized media.
            5.5.2 Ensure that contents of any re-usable media that are to be removed from the organization is made unrecoverable when no longer required.
            5.5.3 Ensure that appropriate authorization is obtained for media removed from the organization and a record of such removals is kept in order to maintain an audit trail.
            5.5.4 Store all media in a safe and secure environment in accordance with manufacturers' specifications.
            5.5.5 Apply cryptographic techniques to protect data on removable media.
            5.5.6 Ensure that all removable media is scanned for malware before utilization.
            5.5.7 Ensure transfer of data to fresh media before it gets unreadable.
            5.5.8 Securely store/backup multiple copies of valuable data on separate media to further reduce the risk of incidental and/or accidental data damage or loss.
            5.5.9 Restrict and monitor the usage of removable media to limit the opportunity for data loss.
            5.5.10 Ensure that any organization-controlled media with data is not sent to the manufacturer for any repair purposes to avoid leakage of residual confidential information.",,,,,,
T7.5.2__clientname-IS-POL-00-Asset Management Policy 6_passage_11,retrieval,T7.5.2,T7,Protection of System Test,The entity shall ensure the protection of system test data.,5,"a,b,c,d,e","a: The entity shall:
b: use sample data sets to test data applications
c: limit the transfer of real data from production environment to the test environment, and to be done only after the appropriate authorization
d: erase any data from test applications immediately after testing is completed
e: keep track of any copy/erase of data between production and testing environment",clientname-IS-POL-00-Asset Management Policy 6_passage_11,5.5 Removable Media Management,"<CLIENT> shall:
            5.5.1 Ensure that all information is stored only in organization authorized media.
            5.5.2 Ensure that contents of any re-usable media that are to be removed from the organization is made unrecoverable when no longer required.
            5.5.3 Ensure that appropriate authorization is obtained for media removed from the organization and a record of such removals is kept in order to maintain an audit trail.
            5.5.4 Store all media in a safe and secure environment in accordance with manufacturers' specifications.
            5.5.5 Apply cryptographic techniques to protect data on removable media.
            5.5.6 Ensure that all removable media is scanned for malware before utilization.
            5.5.7 Ensure transfer of data to fresh media before it gets unreadable.
            5.5.8 Securely store/backup multiple copies of valuable data on separate media to further reduce the risk of incidental and/or accidental data damage or loss.
            5.5.9 Restrict and monitor the usage of removable media to limit the opportunity for data loss.
            5.5.10 Ensure that any organization-controlled media with data is not sent to the manufacturer for any repair purposes to avoid leakage of residual confidential information.",,,,,,
T7.6.5__clientname-IS-POL-00-Asset Management Policy 6_passage_11,retrieval,T7.6.5,T7,Outsourced Software,The entity shall supervise outsourced software development.,6,"a,b,c,d,e,f","a: The entity shall:
b: define a secure coding policy
c: define a Quality Assurance (QA) process
d: include in the software acquisition contract a clause to oblige third part to be compliant to Entity secure coding policy, to align to Entity QA process; contract shall also include the possibility to conduct audit on the third party
e: specify in the software development contract any requirement and information security functionality
f: conduct a source code review to identify potential vulnerabilities and/or malicious code or code that does not conform to the functionalities required",clientname-IS-POL-00-Asset Management Policy 6_passage_11,5.5 Removable Media Management,"<CLIENT> shall:
            5.5.1 Ensure that all information is stored only in organization authorized media.
            5.5.2 Ensure that contents of any re-usable media that are to be removed from the organization is made unrecoverable when no longer required.
            5.5.3 Ensure that appropriate authorization is obtained for media removed from the organization and a record of such removals is kept in order to maintain an audit trail.
            5.5.4 Store all media in a safe and secure environment in accordance with manufacturers' specifications.
            5.5.5 Apply cryptographic techniques to protect data on removable media.
            5.5.6 Ensure that all removable media is scanned for malware before utilization.
            5.5.7 Ensure transfer of data to fresh media before it gets unreadable.
            5.5.8 Securely store/backup multiple copies of valuable data on separate media to further reduce the risk of incidental and/or accidental data damage or loss.
            5.5.9 Restrict and monitor the usage of removable media to limit the opportunity for data loss.
            5.5.10 Ensure that any organization-controlled media with data is not sent to the manufacturer for any repair purposes to avoid leakage of residual confidential information.",,,,,,
M3.2.1__clientname-IS-POL-00-Asset Management Policy 6_passage_11,neg_sample,M3.2.1,M3,Awareness and Training,The entity shall develop an awareness and training program.,8,"a,b,c,d,e,f,g,h","a: The awareness and training program shall:
b: inform persons doing work under the entity of their contribution to the effectiveness of information security and the implications of not conforming to the information security requirements The entity shall:
c: determine the necessary competencies for personnel performing work effecting information security
d: provide training or taking other actions (e.
e: employing competent personne
f: to satisfy these needs
g: evaluate the effectiveness of the actions taken
h: maintain records of education, training, skills, experience and qualifications",clientname-IS-POL-00-Asset Management Policy 6_passage_11,5.5 Removable Media Management,"<CLIENT> shall:
            5.5.1 Ensure that all information is stored only in organization authorized media.
            5.5.2 Ensure that contents of any re-usable media that are to be removed from the organization is made unrecoverable when no longer required.
            5.5.3 Ensure that appropriate authorization is obtained for media removed from the organization and a record of such removals is kept in order to maintain an audit trail.
            5.5.4 Store all media in a safe and secure environment in accordance with manufacturers' specifications.
            5.5.5 Apply cryptographic techniques to protect data on removable media.
            5.5.6 Ensure that all removable media is scanned for malware before utilization.
            5.5.7 Ensure transfer of data to fresh media before it gets unreadable.
            5.5.8 Securely store/backup multiple copies of valuable data on separate media to further reduce the risk of incidental and/or accidental data damage or loss.
            5.5.9 Restrict and monitor the usage of removable media to limit the opportunity for data loss.
            5.5.10 Ensure that any organization-controlled media with data is not sent to the manufacturer for any repair purposes to avoid leakage of residual confidential information.",,,,,,
T1.3.2__clientname-IS-POL-00-Asset Management Policy 6_passage_11,neg_sample,T1.3.2,T1,Labeling of Information,The entity shall label information in accordance with the classification scheme adopted by the entity.,3,"a,b,c","a: The entity shall:
b: establish a procedure for labeling of information and its related assets in physical or electronic formats to reflect their attributed classification
c: apply the appropriate label on information",clientname-IS-POL-00-Asset Management Policy 6_passage_11,5.5 Removable Media Management,"<CLIENT> shall:
            5.5.1 Ensure that all information is stored only in organization authorized media.
            5.5.2 Ensure that contents of any re-usable media that are to be removed from the organization is made unrecoverable when no longer required.
            5.5.3 Ensure that appropriate authorization is obtained for media removed from the organization and a record of such removals is kept in order to maintain an audit trail.
            5.5.4 Store all media in a safe and secure environment in accordance with manufacturers' specifications.
            5.5.5 Apply cryptographic techniques to protect data on removable media.
            5.5.6 Ensure that all removable media is scanned for malware before utilization.
            5.5.7 Ensure transfer of data to fresh media before it gets unreadable.
            5.5.8 Securely store/backup multiple copies of valuable data on separate media to further reduce the risk of incidental and/or accidental data damage or loss.
            5.5.9 Restrict and monitor the usage of removable media to limit the opportunity for data loss.
            5.5.10 Ensure that any organization-controlled media with data is not sent to the manufacturer for any repair purposes to avoid leakage of residual confidential information.",,,,,,
T9.1.1__clientname-IS-POL-00-Asset Management Policy 6_passage_11,neg_sample,T9.1.1,T9,Information Systems,The entity shall establish an information systems continuity planning policy.,8,"a,b,c,d,e,f,g,h","a: The information systems continuity planning policy shall:
b: be appropriate to the purpose of the entity
c: include statement of the management commitment, purpose, objective and scope of the policy
d: outline roles and responsibilities
e: provide the framework for continuity of information in adverse situations in accordance with the entity overall business continuity and / or disaster recovery planning
f: be documented and communicated to all users
g: be read and acknowledged formally by all users
h: be maintained, reviewed, tested and updated at planned intervals or if significant changes occur",clientname-IS-POL-00-Asset Management Policy 6_passage_11,5.5 Removable Media Management,"<CLIENT> shall:
            5.5.1 Ensure that all information is stored only in organization authorized media.
            5.5.2 Ensure that contents of any re-usable media that are to be removed from the organization is made unrecoverable when no longer required.
            5.5.3 Ensure that appropriate authorization is obtained for media removed from the organization and a record of such removals is kept in order to maintain an audit trail.
            5.5.4 Store all media in a safe and secure environment in accordance with manufacturers' specifications.
            5.5.5 Apply cryptographic techniques to protect data on removable media.
            5.5.6 Ensure that all removable media is scanned for malware before utilization.
            5.5.7 Ensure transfer of data to fresh media before it gets unreadable.
            5.5.8 Securely store/backup multiple copies of valuable data on separate media to further reduce the risk of incidental and/or accidental data damage or loss.
            5.5.9 Restrict and monitor the usage of removable media to limit the opportunity for data loss.
            5.5.10 Ensure that any organization-controlled media with data is not sent to the manufacturer for any repair purposes to avoid leakage of residual confidential information.",,,,,,
M5.2.3__clientname-IS-POL-00-Asset Management Policy 6_passage_12,prediction,M5.2.3,M5,Protection of,"The entity shall protect important records from loss, destruction, and falsification, in accordance with statutory, regulatory, contractual, and business requirements.",5,"a,b,c,d,e","a: The entity shall:
b: define a process for identifying records with specific compliance requirements regarding loss, destruction, falsification, or other applicable characteristics
c: determine specific system requirements resulting from the identified requirements
d: define specific controls to ensure all record protection requirements are met
e: periodically review requirements and associated controls for completeness",clientname-IS-POL-00-Asset Management Policy 6_passage_12,5.6 Disposal of Media,"<CLIENT> shall:
            5.6.1 Establish procedures for secure disposal of media containing organizational information based on the sensitivity of that information.
            5.6.2 Ensure that the procedures are defined to identify media devices that might require secure disposal.
            5.6.3 Ensure that media, both paper and digital, are destroyed when no longer serving the organization.
            5.6.4 Ensure that records of disposed media (containing or used to contain confidential information) are kept when no longer needed.",,,,,,
M5.2.7__clientname-IS-POL-00-Asset Management Policy 6_passage_12,prediction,M5.2.7,M5,Liability to the Information,"The entity shall ensure that liability issues and remediation are clarified, understood and approved by all members of an information sharing community, to address situations in which information is intentionally or unintentionally disclosed.",4,"a,b,c,d","a: The entity shall:
b: identify any liability issues and remediation requirements regarding unauthorized disclosure of information in all information sharing communities in which the entity participates
c: define specific remediation procedures for each relevant information sharing community
d: communicate to the relevant information sharing community any issues identified regarding remediation procedures",clientname-IS-POL-00-Asset Management Policy 6_passage_12,5.6 Disposal of Media,"<CLIENT> shall:
            5.6.1 Establish procedures for secure disposal of media containing organizational information based on the sensitivity of that information.
            5.6.2 Ensure that the procedures are defined to identify media devices that might require secure disposal.
            5.6.3 Ensure that media, both paper and digital, are destroyed when no longer serving the organization.
            5.6.4 Ensure that records of disposed media (containing or used to contain confidential information) are kept when no longer needed.",,,,,,
T1.4.2__clientname-IS-POL-00-Asset Management Policy 6_passage_12,golden+prediction+retrieval,T1.4.2,T1,Disposal of Media,The entity shall dispose media when no longer needed.,5,"a,b,c,d,e","a: The entity shall:
b: establish procedures for secure disposal of media containing confidential information based on the sensitivity of that information
c: destroy media, both paper and digital, when no longer serving the entity
d: keep records for disposed media (containing or used to contain confidential informatio
e: when no longer needed",clientname-IS-POL-00-Asset Management Policy 6_passage_12,5.6 Disposal of Media,"<CLIENT> shall:
            5.6.1 Establish procedures for secure disposal of media containing organizational information based on the sensitivity of that information.
            5.6.2 Ensure that the procedures are defined to identify media devices that might require secure disposal.
            5.6.3 Ensure that media, both paper and digital, are destroyed when no longer serving the organization.
            5.6.4 Ensure that records of disposed media (containing or used to contain confidential information) are kept when no longer needed.",,,,,,Not Addressed
T2.2.1__clientname-IS-POL-00-Asset Management Policy 6_passage_12,prediction,T2.2.1,T2,Physical Security Perimeter,"The entity shall use security perimeters (barriers such as walls, card controlled entry gates or manned reception desks) to protect areas that contain information and information systems.",4,"a,b,c,d","a: The entity shall:
b: identify and classify security areas based on the assets and information they process or contain
c: define security perimeters for every classified security level to ensure the right level of protection is applied
d: ensure the right security countermeasures are adopted to protect areas that contain information and information systems",clientname-IS-POL-00-Asset Management Policy 6_passage_12,5.6 Disposal of Media,"<CLIENT> shall:
            5.6.1 Establish procedures for secure disposal of media containing organizational information based on the sensitivity of that information.
            5.6.2 Ensure that the procedures are defined to identify media devices that might require secure disposal.
            5.6.3 Ensure that media, both paper and digital, are destroyed when no longer serving the organization.
            5.6.4 Ensure that records of disposed media (containing or used to contain confidential information) are kept when no longer needed.",,,,,,
T2.3.6__clientname-IS-POL-00-Asset Management Policy 6_passage_12,prediction+retrieval,T2.3.6,T2,Secure Disposal or Re-Use,The entity shall ensure that any sensitive data and licensed software has been removed or securely overwritten prior to disposal.,3,"a,b,c","a: The entity shall:
b: establish procedures for secure disposal or re-use of equipment based on the sensitivity of stored information
c: keep record of disposed equipment when no longer needed",clientname-IS-POL-00-Asset Management Policy 6_passage_12,5.6 Disposal of Media,"<CLIENT> shall:
            5.6.1 Establish procedures for secure disposal of media containing organizational information based on the sensitivity of that information.
            5.6.2 Ensure that the procedures are defined to identify media devices that might require secure disposal.
            5.6.3 Ensure that media, both paper and digital, are destroyed when no longer serving the organization.
            5.6.4 Ensure that records of disposed media (containing or used to contain confidential information) are kept when no longer needed.",,,,,,
M5.5.1__clientname-IS-POL-00-Asset Management Policy 6_passage_12,retrieval,M5.5.1,M5,Information Systems Audit,The entity shall ensure that audit requirements and activities involving checks on operational systems are carefully planned and agreed to minimize the risk of disruptions to business processes.,5,"a,b,c,d,e","a: The entity shall:
b: assign responsibilities for internal audits of information system controls to an appropriate authority
c: define audit requirements for information system controls
d: outline an audit plan to meet audit requirements for information system controls
e: highlight measures taken to ensure audit activities minimize the risk of disruptions to business processes",clientname-IS-POL-00-Asset Management Policy 6_passage_12,5.6 Disposal of Media,"<CLIENT> shall:
            5.6.1 Establish procedures for secure disposal of media containing organizational information based on the sensitivity of that information.
            5.6.2 Ensure that the procedures are defined to identify media devices that might require secure disposal.
            5.6.3 Ensure that media, both paper and digital, are destroyed when no longer serving the organization.
            5.6.4 Ensure that records of disposed media (containing or used to contain confidential information) are kept when no longer needed.",,,,,,
T1.4.1__clientname-IS-POL-00-Asset Management Policy 6_passage_12,retrieval,T1.4.1,T1,Management of,The entity shall manage the removable media in accordance with the classification scheme adopted by the entity.,5,"a,b,d,e,f","a: The entity shall:
b: establish media management procedures along its lifecycle (setup, distribution, utilization and disposa
d: identify the needed protection levels in accordance with the classification scheme
e: inhibit the use of removable media in those information systems that do not require it
f: control users of removable media",clientname-IS-POL-00-Asset Management Policy 6_passage_12,5.6 Disposal of Media,"<CLIENT> shall:
            5.6.1 Establish procedures for secure disposal of media containing organizational information based on the sensitivity of that information.
            5.6.2 Ensure that the procedures are defined to identify media devices that might require secure disposal.
            5.6.3 Ensure that media, both paper and digital, are destroyed when no longer serving the organization.
            5.6.4 Ensure that records of disposed media (containing or used to contain confidential information) are kept when no longer needed.",,,,,,
T2.2.5__clientname-IS-POL-00-Asset Management Policy 6_passage_12,retrieval,T2.2.5,T2,Working in Secure Areas,The entity shall design physical protection and guidelines for working in secure areas.,5,"a,b,c,d,e","a: The entity shall:
b: establish guidelines for working in secure areas
c: make sure all personnel accessing secure areas is aware and accepts rules and guidelines
d: supervise activities in secure areas
e: control access of devices to secure areas (See also",clientname-IS-POL-00-Asset Management Policy 6_passage_12,5.6 Disposal of Media,"<CLIENT> shall:
            5.6.1 Establish procedures for secure disposal of media containing organizational information based on the sensitivity of that information.
            5.6.2 Ensure that the procedures are defined to identify media devices that might require secure disposal.
            5.6.3 Ensure that media, both paper and digital, are destroyed when no longer serving the organization.
            5.6.4 Ensure that records of disposed media (containing or used to contain confidential information) are kept when no longer needed.",,,,,,
T3.4.1__clientname-IS-POL-00-Asset Management Policy 6_passage_12,retrieval,T3.4.1,T3,Controls Against Malware,The entity shall protect its information assets from malware.,9,"a,b,c,d,e,f,g,h,j","a: The entity shall:
b: employ anti-malware protection mechanisms for the network as well as servers, workstations, laptops and other devices connected to it
c: ensure that all anti-malware protection are up-to-date
d: periodically scan all information systems files as well as files downloaded from public networks
e: scan all email attachments before reaching user’s inbox
f: scan removable media for malware every time they are connected to the information systems
g: configure servers, workstations, laptops so that they don’t “auto-run” contents from removable media
h: monitor anti-malware protection tools for malware detection events that should be logged and a notification should be sent to the administrators (refer to T.3.6.
j: ensure that users are aware of malware risks, behaviors and preventative actions (refer to M.3.2.1)",clientname-IS-POL-00-Asset Management Policy 6_passage_12,5.6 Disposal of Media,"<CLIENT> shall:
            5.6.1 Establish procedures for secure disposal of media containing organizational information based on the sensitivity of that information.
            5.6.2 Ensure that the procedures are defined to identify media devices that might require secure disposal.
            5.6.3 Ensure that media, both paper and digital, are destroyed when no longer serving the organization.
            5.6.4 Ensure that records of disposed media (containing or used to contain confidential information) are kept when no longer needed.",,,,,,
T3.6.4__clientname-IS-POL-00-Asset Management Policy 6_passage_12,retrieval,T3.6.4,T3,Protection of Log,The entity shall protect log information against tampering and unauthorized access.,3,"a,b,c","a: The entity shall:
b: identify the log information across all information systems that shall be protected
c: ensure log information are protected commensurate to the sensitivity of the content of the logs",clientname-IS-POL-00-Asset Management Policy 6_passage_12,5.6 Disposal of Media,"<CLIENT> shall:
            5.6.1 Establish procedures for secure disposal of media containing organizational information based on the sensitivity of that information.
            5.6.2 Ensure that the procedures are defined to identify media devices that might require secure disposal.
            5.6.3 Ensure that media, both paper and digital, are destroyed when no longer serving the organization.
            5.6.4 Ensure that records of disposed media (containing or used to contain confidential information) are kept when no longer needed.",,,,,,
T4.2.3__clientname-IS-POL-00-Asset Management Policy 6_passage_12,retrieval,T4.2.3,T4,Physical Media in Transit,The entity shall protect physical media containing information during transportation.,6,"a,b,c,d,e,f","a: The entity shall:
b: identify physical media carrying sensitive information
c: define labeling requirements for physical media carrying sensitive information
d: ensure physical media in transit carrying sensitive information is tracked sufficiently in accordance with the sensitivity of the information it contains
e: define measures to be taken in the event of loss of physical media in transit carrying sensitive information
f: keep a log of all transitions",clientname-IS-POL-00-Asset Management Policy 6_passage_12,5.6 Disposal of Media,"<CLIENT> shall:
            5.6.1 Establish procedures for secure disposal of media containing organizational information based on the sensitivity of that information.
            5.6.2 Ensure that the procedures are defined to identify media devices that might require secure disposal.
            5.6.3 Ensure that media, both paper and digital, are destroyed when no longer serving the organization.
            5.6.4 Ensure that records of disposed media (containing or used to contain confidential information) are kept when no longer needed.",,,,,,
T4.2.5__clientname-IS-POL-00-Asset Management Policy 6_passage_12,retrieval,T4.2.5,T4,Business Information,The entity shall develop policies and procedures to protect information transferred across business information systems.,5,"a,b,c,d,e","a: The policies and procedures shall:
b: identify all points of interconnection between business information systems
c: identify the types of information to be protected regarding the identified interconnections
d: identify appropriate security measures to be taken to protect each type of information
e: be documented, maintained, reviewed and updated at planned intervals or if significant changes occur",clientname-IS-POL-00-Asset Management Policy 6_passage_12,5.6 Disposal of Media,"<CLIENT> shall:
            5.6.1 Establish procedures for secure disposal of media containing organizational information based on the sensitivity of that information.
            5.6.2 Ensure that the procedures are defined to identify media devices that might require secure disposal.
            5.6.3 Ensure that media, both paper and digital, are destroyed when no longer serving the organization.
            5.6.4 Ensure that records of disposed media (containing or used to contain confidential information) are kept when no longer needed.",,,,,,
T4.5.4__clientname-IS-POL-00-Asset Management Policy 6_passage_12,retrieval,T4.5.4,T4,Security of Wireless,The entity shall ensure that all wireless networks are adequately secured.,5,"a,b,c,d,e","a: The entity shall:
b: undertake and document a site survey to determine the optimal physical locations to avoid stray signal leaking too far outside of the entity’s physical perimeter
c: identify criteria for grouping information services, users, and information systems into different groups that facilitate segregation on wireless networks
d: for each wireless network, identify the security controls that should be in place based on the required protection level of the information services, users, and information systems it supports
e: periodically evaluate the effectiveness of implemented segregation strategies and identify areas for improvement",clientname-IS-POL-00-Asset Management Policy 6_passage_12,5.6 Disposal of Media,"<CLIENT> shall:
            5.6.1 Establish procedures for secure disposal of media containing organizational information based on the sensitivity of that information.
            5.6.2 Ensure that the procedures are defined to identify media devices that might require secure disposal.
            5.6.3 Ensure that media, both paper and digital, are destroyed when no longer serving the organization.
            5.6.4 Ensure that records of disposed media (containing or used to contain confidential information) are kept when no longer needed.",,,,,,
T5.5.1__clientname-IS-POL-00-Asset Management Policy 6_passage_12,retrieval,T5.5.1,T5,Secure Log-On Procedures,The entity shall control access to systems and applications using a secure log-on and log-off procedure.,6,"a,b,c,d,e,f","a: The entity shall:
b: identify the systems, applications and services that require user authentication
c: classify the identified systems, application and services based on the level of protection needed
d: establish the appropriate log-on and log-off procedures to minimize the opportunity for unauthorized access
e: set a maximum session time for logged on users for sensitive systems and applications
f: terminate inactive sessions after a predefined period of inactivity",clientname-IS-POL-00-Asset Management Policy 6_passage_12,5.6 Disposal of Media,"<CLIENT> shall:
            5.6.1 Establish procedures for secure disposal of media containing organizational information based on the sensitivity of that information.
            5.6.2 Ensure that the procedures are defined to identify media devices that might require secure disposal.
            5.6.3 Ensure that media, both paper and digital, are destroyed when no longer serving the organization.
            5.6.4 Ensure that records of disposed media (containing or used to contain confidential information) are kept when no longer needed.",,,,,,
T7.6.5__clientname-IS-POL-00-Asset Management Policy 6_passage_12,retrieval,T7.6.5,T7,Outsourced Software,The entity shall supervise outsourced software development.,6,"a,b,c,d,e,f","a: The entity shall:
b: define a secure coding policy
c: define a Quality Assurance (QA) process
d: include in the software acquisition contract a clause to oblige third part to be compliant to Entity secure coding policy, to align to Entity QA process; contract shall also include the possibility to conduct audit on the third party
e: specify in the software development contract any requirement and information security functionality
f: conduct a source code review to identify potential vulnerabilities and/or malicious code or code that does not conform to the functionalities required",clientname-IS-POL-00-Asset Management Policy 6_passage_12,5.6 Disposal of Media,"<CLIENT> shall:
            5.6.1 Establish procedures for secure disposal of media containing organizational information based on the sensitivity of that information.
            5.6.2 Ensure that the procedures are defined to identify media devices that might require secure disposal.
            5.6.3 Ensure that media, both paper and digital, are destroyed when no longer serving the organization.
            5.6.4 Ensure that records of disposed media (containing or used to contain confidential information) are kept when no longer needed.",,,,,,
M2.2.1__clientname-IS-POL-00-Asset Management Policy 6_passage_12,neg_sample,M2.2.1,M2,"above). Finally, the likelihood of the threat to occur and the level of vulnerability are put together to determine the likelihood that this particular threat/vulnerability combination occurs. How exactly these values are put together has been defined in the Information Security Risk Management Policy (see",,0,,(no sub-controls — judge on description),clientname-IS-POL-00-Asset Management Policy 6_passage_12,5.6 Disposal of Media,"<CLIENT> shall:
            5.6.1 Establish procedures for secure disposal of media containing organizational information based on the sensitivity of that information.
            5.6.2 Ensure that the procedures are defined to identify media devices that might require secure disposal.
            5.6.3 Ensure that media, both paper and digital, are destroyed when no longer serving the organization.
            5.6.4 Ensure that records of disposed media (containing or used to contain confidential information) are kept when no longer needed.",,,,,,
T6.1.1__clientname-IS-POL-00-Asset Management Policy 6_passage_12,neg_sample,T6.1.1,T6,Third Party,The entity shall establish a third party security policy to facilitate the implementation of the associated controls.,8,"a,b,c,d,e,f,g,h","a: The third party security policy shall:
b: be appropriate to the relationship of the entity and the third party
c: include statement of the management commitment, purpose, objective and scope of the policy
d: outline the roles and responsibilities for managing third parties
e: provide the framework for setting information security objectives and/or include information security objectives to be used when engaging third parties
f: be documented and communicated to the third party
g: be read and acknowledged formally by the third party
h: be maintained, reviewed and updated at planned intervals or if significant changes occur",clientname-IS-POL-00-Asset Management Policy 6_passage_12,5.6 Disposal of Media,"<CLIENT> shall:
            5.6.1 Establish procedures for secure disposal of media containing organizational information based on the sensitivity of that information.
            5.6.2 Ensure that the procedures are defined to identify media devices that might require secure disposal.
            5.6.3 Ensure that media, both paper and digital, are destroyed when no longer serving the organization.
            5.6.4 Ensure that records of disposed media (containing or used to contain confidential information) are kept when no longer needed.",,,,,,
T8.2.6__clientname-IS-POL-00-Asset Management Policy 6_passage_12,neg_sample,T8.2.6,T8,Incident Response,The entity shall provide an incident response support resource to offer advice and assistance in case of an incident.,3,"a,b,c","a: The entity shall:
b: assign the appropriate resources needed to support employees and external party in handling and reporting of security incidents;
c: establish and make available the procedure to get in touch with the assigned personnel",clientname-IS-POL-00-Asset Management Policy 6_passage_12,5.6 Disposal of Media,"<CLIENT> shall:
            5.6.1 Establish procedures for secure disposal of media containing organizational information based on the sensitivity of that information.
            5.6.2 Ensure that the procedures are defined to identify media devices that might require secure disposal.
            5.6.3 Ensure that media, both paper and digital, are destroyed when no longer serving the organization.
            5.6.4 Ensure that records of disposed media (containing or used to contain confidential information) are kept when no longer needed.",,,,,,
M1.3.1__clientname-IS-POL-00-Asset Management Policy 6_passage_13,prediction,M1.3.1,M1,Authorization Process for,The entity shall establish a management authorization process for new information systems.,3,"a,b,c","a: The entity shall:
b: define and implement a management authorization process for new information systems
c: regulate the use of personal information systems for processing business information",clientname-IS-POL-00-Asset Management Policy 6_passage_13,5.7 Physical Media Transfer,"<CLIENT> shall:
            5.7.1 Utilize reliable transport or couriers for transportation of physical media between sites.
            5.7.2 Develop a list of authorized couriers that are approved by the management.
            5.7.3 Define labelling requirements for physical media carrying sensitive information. 
            5.7.4 Ensure that logs of the transfer are kept identifying the content of the media, protection applied, time(s) of transfer to the transit custodian(s), and the receipt at destination.
            5.7.5 Consider measures to be taken in the event of loss of physical media in transit carrying sensitive information.",,,,,,
M1.3.3__clientname-IS-POL-00-Asset Management Policy 6_passage_13,prediction,M1.3.3,M1,Contact with Authorities M1.3.4 Contact with Special Interest Groups M5 – Compliance M5.1 – Compliance Policy,,0,,(no sub-controls — judge on description),clientname-IS-POL-00-Asset Management Policy 6_passage_13,5.7 Physical Media Transfer,"<CLIENT> shall:
            5.7.1 Utilize reliable transport or couriers for transportation of physical media between sites.
            5.7.2 Develop a list of authorized couriers that are approved by the management.
            5.7.3 Define labelling requirements for physical media carrying sensitive information. 
            5.7.4 Ensure that logs of the transfer are kept identifying the content of the media, protection applied, time(s) of transfer to the transit custodian(s), and the receipt at destination.
            5.7.5 Consider measures to be taken in the event of loss of physical media in transit carrying sensitive information.",,,,,,
M1.4.2__clientname-IS-POL-00-Asset Management Policy 6_passage_13,prediction,M1.4.2,M1,Internal and External,The entity shall determine the plan and mechanism for internal and external communications in support of its information security.,8,"b,c,d,e,f,g,h,i","b: The entity shall determine:
c: on what to communicate
d: when to communicate
e: with whom to communicate
f: who shall communicate
g: the processes by which communication shall be effected
h: The entity shall ensure that adequate communication can be maintained with the designated UAE Government entities
i: The entity shall document the communication plan.",clientname-IS-POL-00-Asset Management Policy 6_passage_13,5.7 Physical Media Transfer,"<CLIENT> shall:
            5.7.1 Utilize reliable transport or couriers for transportation of physical media between sites.
            5.7.2 Develop a list of authorized couriers that are approved by the management.
            5.7.3 Define labelling requirements for physical media carrying sensitive information. 
            5.7.4 Ensure that logs of the transfer are kept identifying the content of the media, protection applied, time(s) of transfer to the transit custodian(s), and the receipt at destination.
            5.7.5 Consider measures to be taken in the event of loss of physical media in transit carrying sensitive information.",,,,,,
M3.1.1__clientname-IS-POL-00-Asset Management Policy 6_passage_13,prediction,M3.1.1,M3,Awareness and Training,The entity shall develop and maintain an awareness and training policy.,5,"a,b,c,d,e","a: The awareness and training policy shall:
b: be appropriate to the purpose of the entity
c: provide the framework for setting awareness and training objectives
d: facilitate the implementation of the associated controls
e: outline the roles and responsibilities of providers and recipients of awareness and training activities",clientname-IS-POL-00-Asset Management Policy 6_passage_13,5.7 Physical Media Transfer,"<CLIENT> shall:
            5.7.1 Utilize reliable transport or couriers for transportation of physical media between sites.
            5.7.2 Develop a list of authorized couriers that are approved by the management.
            5.7.3 Define labelling requirements for physical media carrying sensitive information. 
            5.7.4 Ensure that logs of the transfer are kept identifying the content of the media, protection applied, time(s) of transfer to the transit custodian(s), and the receipt at destination.
            5.7.5 Consider measures to be taken in the event of loss of physical media in transit carrying sensitive information.",,,,,,
M3.2.1__clientname-IS-POL-00-Asset Management Policy 6_passage_13,prediction,M3.2.1,M3,Awareness and Training,The entity shall develop an awareness and training program.,8,"a,b,c,d,e,f,g,h","a: The awareness and training program shall:
b: inform persons doing work under the entity of their contribution to the effectiveness of information security and the implications of not conforming to the information security requirements The entity shall:
c: determine the necessary competencies for personnel performing work effecting information security
d: provide training or taking other actions (e.
e: employing competent personne
f: to satisfy these needs
g: evaluate the effectiveness of the actions taken
h: maintain records of education, training, skills, experience and qualifications",clientname-IS-POL-00-Asset Management Policy 6_passage_13,5.7 Physical Media Transfer,"<CLIENT> shall:
            5.7.1 Utilize reliable transport or couriers for transportation of physical media between sites.
            5.7.2 Develop a list of authorized couriers that are approved by the management.
            5.7.3 Define labelling requirements for physical media carrying sensitive information. 
            5.7.4 Ensure that logs of the transfer are kept identifying the content of the media, protection applied, time(s) of transfer to the transit custodian(s), and the receipt at destination.
            5.7.5 Consider measures to be taken in the event of loss of physical media in transit carrying sensitive information.",,,,,,
M3.3.3__clientname-IS-POL-00-Asset Management Policy 6_passage_13,prediction,M3.3.3,M3,Unknown,,0,,(no sub-controls — judge on description),clientname-IS-POL-00-Asset Management Policy 6_passage_13,5.7 Physical Media Transfer,"<CLIENT> shall:
            5.7.1 Utilize reliable transport or couriers for transportation of physical media between sites.
            5.7.2 Develop a list of authorized couriers that are approved by the management.
            5.7.3 Define labelling requirements for physical media carrying sensitive information. 
            5.7.4 Ensure that logs of the transfer are kept identifying the content of the media, protection applied, time(s) of transfer to the transit custodian(s), and the receipt at destination.
            5.7.5 Consider measures to be taken in the event of loss of physical media in transit carrying sensitive information.",,,,,,
M3.3.4__clientname-IS-POL-00-Asset Management Policy 6_passage_13,prediction,M3.3.4,M3,Training Results,The entity shall measure and evaluate security training effectiveness.,4,"a,b,c,d","a: The entity shall:
b: measure the level of information security knowledge and skills in the entity before and after the training plan is implemented
c: ensure that the information security training solutions implemented are meeting the expected outcomes against the knowledge requirements of the entity
d: take corrective action to improve or replace training solutions that are not reaching the expected outcome",clientname-IS-POL-00-Asset Management Policy 6_passage_13,5.7 Physical Media Transfer,"<CLIENT> shall:
            5.7.1 Utilize reliable transport or couriers for transportation of physical media between sites.
            5.7.2 Develop a list of authorized couriers that are approved by the management.
            5.7.3 Define labelling requirements for physical media carrying sensitive information. 
            5.7.4 Ensure that logs of the transfer are kept identifying the content of the media, protection applied, time(s) of transfer to the transit custodian(s), and the receipt at destination.
            5.7.5 Consider measures to be taken in the event of loss of physical media in transit carrying sensitive information.",,,,,,
M3.4.1__clientname-IS-POL-00-Asset Management Policy 6_passage_13,prediction,M3.4.1,M3,Awareness Campaign,The entity shall plan and conduct a security awareness campaign.,6,"a,b,c,d,e,f","a: The entity shall:
b: define the scope of the awareness campaign in terms of targets and content based on security risks relevant to users’ activities
c: provide a timeline for deploying specific awareness campaigns to meet the program objectives
d: ensure that information security campaigns proceed according to the defined program timeline
e: identify alternative information security awareness campaigns if problems with the program timeline arise
f: ensure the updated information security awareness campaign satisfies all of the program objectives and needs identified",clientname-IS-POL-00-Asset Management Policy 6_passage_13,5.7 Physical Media Transfer,"<CLIENT> shall:
            5.7.1 Utilize reliable transport or couriers for transportation of physical media between sites.
            5.7.2 Develop a list of authorized couriers that are approved by the management.
            5.7.3 Define labelling requirements for physical media carrying sensitive information. 
            5.7.4 Ensure that logs of the transfer are kept identifying the content of the media, protection applied, time(s) of transfer to the transit custodian(s), and the receipt at destination.
            5.7.5 Consider measures to be taken in the event of loss of physical media in transit carrying sensitive information.",,,,,,
M6.2.2__clientname-IS-POL-00-Asset Management Policy 6_passage_13,prediction,M6.2.2,M6,Internal Audits,The entity shall plan and conduct internal audits of the information security in place.,12,"a,b,c,d,e,f,g,h,i,j,k,l","a: The entity shall:
b: define the audit criteria, scope and audit plan for each audit
c: select auditors and conduct audits to ensure objectivity and the impartiality of the audit process
d: ensure that the results of the audits are reported to relevant management
e: document the audit program and the audit results
f: ensure that the internal audit is effectively implemented and maintained The internal audits shall:
g: be planned, established, implemented and maintained, including the frequency, methods, responsibilities, planning requirements, and reporting of the internal audits
h: take account of the importance of the processes concerned and the results of previous audits
i: ensure that entity’s information security conforms to:
j: the entity’s own requirements for information security
k: the requirements of this Regulation
l: any applicable requirements from the entity’s sector, national or regulatory environment",clientname-IS-POL-00-Asset Management Policy 6_passage_13,5.7 Physical Media Transfer,"<CLIENT> shall:
            5.7.1 Utilize reliable transport or couriers for transportation of physical media between sites.
            5.7.2 Develop a list of authorized couriers that are approved by the management.
            5.7.3 Define labelling requirements for physical media carrying sensitive information. 
            5.7.4 Ensure that logs of the transfer are kept identifying the content of the media, protection applied, time(s) of transfer to the transit custodian(s), and the receipt at destination.
            5.7.5 Consider measures to be taken in the event of loss of physical media in transit carrying sensitive information.",,,,,,
T1.4.1__clientname-IS-POL-00-Asset Management Policy 6_passage_13,prediction+retrieval,T1.4.1,T1,Management of,The entity shall manage the removable media in accordance with the classification scheme adopted by the entity.,5,"a,b,d,e,f","a: The entity shall:
b: establish media management procedures along its lifecycle (setup, distribution, utilization and disposa
d: identify the needed protection levels in accordance with the classification scheme
e: inhibit the use of removable media in those information systems that do not require it
f: control users of removable media",clientname-IS-POL-00-Asset Management Policy 6_passage_13,5.7 Physical Media Transfer,"<CLIENT> shall:
            5.7.1 Utilize reliable transport or couriers for transportation of physical media between sites.
            5.7.2 Develop a list of authorized couriers that are approved by the management.
            5.7.3 Define labelling requirements for physical media carrying sensitive information. 
            5.7.4 Ensure that logs of the transfer are kept identifying the content of the media, protection applied, time(s) of transfer to the transit custodian(s), and the receipt at destination.
            5.7.5 Consider measures to be taken in the event of loss of physical media in transit carrying sensitive information.",,,,,,
T2.2.5__clientname-IS-POL-00-Asset Management Policy 6_passage_13,prediction,T2.2.5,T2,Working in Secure Areas,The entity shall design physical protection and guidelines for working in secure areas.,5,"a,b,c,d,e","a: The entity shall:
b: establish guidelines for working in secure areas
c: make sure all personnel accessing secure areas is aware and accepts rules and guidelines
d: supervise activities in secure areas
e: control access of devices to secure areas (See also",clientname-IS-POL-00-Asset Management Policy 6_passage_13,5.7 Physical Media Transfer,"<CLIENT> shall:
            5.7.1 Utilize reliable transport or couriers for transportation of physical media between sites.
            5.7.2 Develop a list of authorized couriers that are approved by the management.
            5.7.3 Define labelling requirements for physical media carrying sensitive information. 
            5.7.4 Ensure that logs of the transfer are kept identifying the content of the media, protection applied, time(s) of transfer to the transit custodian(s), and the receipt at destination.
            5.7.5 Consider measures to be taken in the event of loss of physical media in transit carrying sensitive information.",,,,,,
T3.1.1__clientname-IS-POL-00-Asset Management Policy 6_passage_13,prediction,T3.1.1,T3,Operations Management,The entity shall establish an operations management policy.,3,"a,b,c","a: The Operations Management Policy shall:
b: be appropriate to the purpose of the entity
c: provide the framework for managing the operations of systems, processes, and controls related to information security",clientname-IS-POL-00-Asset Management Policy 6_passage_13,5.7 Physical Media Transfer,"<CLIENT> shall:
            5.7.1 Utilize reliable transport or couriers for transportation of physical media between sites.
            5.7.2 Develop a list of authorized couriers that are approved by the management.
            5.7.3 Define labelling requirements for physical media carrying sensitive information. 
            5.7.4 Ensure that logs of the transfer are kept identifying the content of the media, protection applied, time(s) of transfer to the transit custodian(s), and the receipt at destination.
            5.7.5 Consider measures to be taken in the event of loss of physical media in transit carrying sensitive information.",,,,,,
T3.2.2__clientname-IS-POL-00-Asset Management Policy 6_passage_13,prediction,T3.2.2,T3,Documented Operating,The entity shall document operating procedures.,4,"a,b,c,d","a: The entity shall:
b: document operating procedures in a format that facilitates dissemination to all relevant stakeholders
c: ensure operating procedures are reviewed periodically
d: ensure all relevant stakeholders are aware of and have access to relevant operating procedures",clientname-IS-POL-00-Asset Management Policy 6_passage_13,5.7 Physical Media Transfer,"<CLIENT> shall:
            5.7.1 Utilize reliable transport or couriers for transportation of physical media between sites.
            5.7.2 Develop a list of authorized couriers that are approved by the management.
            5.7.3 Define labelling requirements for physical media carrying sensitive information. 
            5.7.4 Ensure that logs of the transfer are kept identifying the content of the media, protection applied, time(s) of transfer to the transit custodian(s), and the receipt at destination.
            5.7.5 Consider measures to be taken in the event of loss of physical media in transit carrying sensitive information.",,,,,,
T3.2.3__clientname-IS-POL-00-Asset Management Policy 6_passage_13,prediction,T3.2.3,T3,Change Management,The entity shall control the changes to information systems.,5,"a,b,c,d,e","a: The entity shall:
b: document a change management process
c: integrate specific process controls to ensure the change management process is executed correctly
d: define the systems to which the change management process applies
e: assign management responsibilities for control of changes to identified systems",clientname-IS-POL-00-Asset Management Policy 6_passage_13,5.7 Physical Media Transfer,"<CLIENT> shall:
            5.7.1 Utilize reliable transport or couriers for transportation of physical media between sites.
            5.7.2 Develop a list of authorized couriers that are approved by the management.
            5.7.3 Define labelling requirements for physical media carrying sensitive information. 
            5.7.4 Ensure that logs of the transfer are kept identifying the content of the media, protection applied, time(s) of transfer to the transit custodian(s), and the receipt at destination.
            5.7.5 Consider measures to be taken in the event of loss of physical media in transit carrying sensitive information.",,,,,,
T3.2.5__clientname-IS-POL-00-Asset Management Policy 6_passage_13,prediction,T3.2.5,T3,"Separation of Development,","The entity shall separate development, test, and operational environment.",4,"a,b,c,d","a: The entity shall:
b: identify the appropriate level of separation between operational, test, and development environments
c: define the rules for transferring software and systems from one environment to another
d: ensure the rules are integrated into the system / software development lifecycle",clientname-IS-POL-00-Asset Management Policy 6_passage_13,5.7 Physical Media Transfer,"<CLIENT> shall:
            5.7.1 Utilize reliable transport or couriers for transportation of physical media between sites.
            5.7.2 Develop a list of authorized couriers that are approved by the management.
            5.7.3 Define labelling requirements for physical media carrying sensitive information. 
            5.7.4 Ensure that logs of the transfer are kept identifying the content of the media, protection applied, time(s) of transfer to the transit custodian(s), and the receipt at destination.
            5.7.5 Consider measures to be taken in the event of loss of physical media in transit carrying sensitive information.",,,,,,
T3.6.1__clientname-IS-POL-00-Asset Management Policy 6_passage_13,prediction,T3.6.1,T3,Monitoring Policy and,The entity shall establish a monitoring policy and related procedures.,6,"a,b,c,d,e,f","a: The monitoring policy and related procedures shall:
b: outline what system aspects shall be monitored, how they shall be monitored, and how often they shall be monitored
c: assign responsibility for monitoring activities
d: define how information from monitoring activities will be fed into the incident response process
e: account for any sector or national requirements regarding information to be shared with external entities
f: be documented",clientname-IS-POL-00-Asset Management Policy 6_passage_13,5.7 Physical Media Transfer,"<CLIENT> shall:
            5.7.1 Utilize reliable transport or couriers for transportation of physical media between sites.
            5.7.2 Develop a list of authorized couriers that are approved by the management.
            5.7.3 Define labelling requirements for physical media carrying sensitive information. 
            5.7.4 Ensure that logs of the transfer are kept identifying the content of the media, protection applied, time(s) of transfer to the transit custodian(s), and the receipt at destination.
            5.7.5 Consider measures to be taken in the event of loss of physical media in transit carrying sensitive information.",,,,,,
T3.6.3__clientname-IS-POL-00-Asset Management Policy 6_passage_13,prediction,T3.6.3,T3,Monitoring System Use,The entity shall monitor the use of information systems.,6,"a,b,c,d,e,f","a: The entity shall:
b: identify all types of system use to be monitored
c: identify minimum information gathering requirements for each monitoring activity
d: define minimum frequency requirements for reviewing information gathered from monitoring activities
e: ensure information gathered from monitoring activities is reviewed by personnel with appropriate training and skills
f: define minimum time requirements for maintaining information gathered from monitoring activities",clientname-IS-POL-00-Asset Management Policy 6_passage_13,5.7 Physical Media Transfer,"<CLIENT> shall:
            5.7.1 Utilize reliable transport or couriers for transportation of physical media between sites.
            5.7.2 Develop a list of authorized couriers that are approved by the management.
            5.7.3 Define labelling requirements for physical media carrying sensitive information. 
            5.7.4 Ensure that logs of the transfer are kept identifying the content of the media, protection applied, time(s) of transfer to the transit custodian(s), and the receipt at destination.
            5.7.5 Consider measures to be taken in the event of loss of physical media in transit carrying sensitive information.",,,,,,
T3.6.6__clientname-IS-POL-00-Asset Management Policy 6_passage_13,prediction,T3.6.6,T3,Fault Logging,The entity shall log faults related to information processing or communication,6,"a,b,c,d,e,f","a: The entity shall:
b: identify all faults to be captured in fault logs
c: identify minimum information requirements for each fault to be captured
d: define minimum frequency requirements for reviewing fault logs
e: ensure fault logs are reviewed and analyzed by personnel with appropriate training and skills
f: define minimum time requirements for maintaining fault logs",clientname-IS-POL-00-Asset Management Policy 6_passage_13,5.7 Physical Media Transfer,"<CLIENT> shall:
            5.7.1 Utilize reliable transport or couriers for transportation of physical media between sites.
            5.7.2 Develop a list of authorized couriers that are approved by the management.
            5.7.3 Define labelling requirements for physical media carrying sensitive information. 
            5.7.4 Ensure that logs of the transfer are kept identifying the content of the media, protection applied, time(s) of transfer to the transit custodian(s), and the receipt at destination.
            5.7.5 Consider measures to be taken in the event of loss of physical media in transit carrying sensitive information.",,,,,,
T4.1.1__clientname-IS-POL-00-Asset Management Policy 6_passage_13,prediction,T4.1.1,T4,Communications Policy,The entity shall establish a communications policy to guide the protection of information in transit.,8,"a,b,c,d,e,f,g,h","a: The communications policy shall:
b: be appropriate to the purpose of the entity
c: include statement of the management commitment, purpose, objective and scope of the policy
d: outline the roles and responsibilities
e: provide the framework to protect information in transit from interception, copying, modification, mis-routing, destruction, and other unauthorized activities
f: be documented and communicated to all users
g: be read and acknowledged formally by all users
h: be maintained, reviewed and updated at planned intervals or if significant changes occur",clientname-IS-POL-00-Asset Management Policy 6_passage_13,5.7 Physical Media Transfer,"<CLIENT> shall:
            5.7.1 Utilize reliable transport or couriers for transportation of physical media between sites.
            5.7.2 Develop a list of authorized couriers that are approved by the management.
            5.7.3 Define labelling requirements for physical media carrying sensitive information. 
            5.7.4 Ensure that logs of the transfer are kept identifying the content of the media, protection applied, time(s) of transfer to the transit custodian(s), and the receipt at destination.
            5.7.5 Consider measures to be taken in the event of loss of physical media in transit carrying sensitive information.",,,,,,
T4.2.2__clientname-IS-POL-00-Asset Management Policy 6_passage_13,prediction,T4.2.2,T4,Agreements on,The entity shall establish agreements for the exchange of information and software between the entity and external parties.,6,"a,b,c,d,e,f","a: The entity shall:
b: identify all security requirements for exchanging information and software with external parties
c: establish an exchange of information agreement with each external party outlining clear roles and responsibilities of each party
d: ensure external parties are aware of all information security requirements and policies that are necessary before signing the agreement
e: monitor the exchange of information and software with external parties to ensure the requirements in the agreement are being met
f: take corrective action when the exchange of information or software does not follow the terms of the agreement",clientname-IS-POL-00-Asset Management Policy 6_passage_13,5.7 Physical Media Transfer,"<CLIENT> shall:
            5.7.1 Utilize reliable transport or couriers for transportation of physical media between sites.
            5.7.2 Develop a list of authorized couriers that are approved by the management.
            5.7.3 Define labelling requirements for physical media carrying sensitive information. 
            5.7.4 Ensure that logs of the transfer are kept identifying the content of the media, protection applied, time(s) of transfer to the transit custodian(s), and the receipt at destination.
            5.7.5 Consider measures to be taken in the event of loss of physical media in transit carrying sensitive information.",,,,,,
T4.2.3__clientname-IS-POL-00-Asset Management Policy 6_passage_13,golden+retrieval,T4.2.3,T4,Physical Media in Transit,The entity shall protect physical media containing information during transportation.,6,"a,b,c,d,e,f","a: The entity shall:
b: identify physical media carrying sensitive information
c: define labeling requirements for physical media carrying sensitive information
d: ensure physical media in transit carrying sensitive information is tracked sufficiently in accordance with the sensitivity of the information it contains
e: define measures to be taken in the event of loss of physical media in transit carrying sensitive information
f: keep a log of all transitions",clientname-IS-POL-00-Asset Management Policy 6_passage_13,5.7 Physical Media Transfer,"<CLIENT> shall:
            5.7.1 Utilize reliable transport or couriers for transportation of physical media between sites.
            5.7.2 Develop a list of authorized couriers that are approved by the management.
            5.7.3 Define labelling requirements for physical media carrying sensitive information. 
            5.7.4 Ensure that logs of the transfer are kept identifying the content of the media, protection applied, time(s) of transfer to the transit custodian(s), and the receipt at destination.
            5.7.5 Consider measures to be taken in the event of loss of physical media in transit carrying sensitive information.",,,,,,Not Addressed
T5.2.4__clientname-IS-POL-00-Asset Management Policy 6_passage_13,prediction,T5.2.4,T5,Review of User Access,The entity shall review users’ access rights.,4,"a,b,c,d","a: The entity shall:
b: maintain access right records for all assets, and identify any granted special access
c: establish a access right review procedure to ensure access rights are reviewed periodically or on any changes in users’ status
d: periodically check the granted special access to ensure their validity",clientname-IS-POL-00-Asset Management Policy 6_passage_13,5.7 Physical Media Transfer,"<CLIENT> shall:
            5.7.1 Utilize reliable transport or couriers for transportation of physical media between sites.
            5.7.2 Develop a list of authorized couriers that are approved by the management.
            5.7.3 Define labelling requirements for physical media carrying sensitive information. 
            5.7.4 Ensure that logs of the transfer are kept identifying the content of the media, protection applied, time(s) of transfer to the transit custodian(s), and the receipt at destination.
            5.7.5 Consider measures to be taken in the event of loss of physical media in transit carrying sensitive information.",,,,,,
T5.4.2__clientname-IS-POL-00-Asset Management Policy 6_passage_13,prediction,T5.4.2,T5,User Authentication for,The entity shall use appropriate authentication methods to control access of remote users.,6,"a,b,c,d,e,f","a: The entity shall:
b: require all remote login (users and administrator
c: to be done over secure channels
d: ensure appropriate authentication methods to be used to control access by remote users
e: block access to a machine (either remotely or locall
f: for administrator- level accounts",clientname-IS-POL-00-Asset Management Policy 6_passage_13,5.7 Physical Media Transfer,"<CLIENT> shall:
            5.7.1 Utilize reliable transport or couriers for transportation of physical media between sites.
            5.7.2 Develop a list of authorized couriers that are approved by the management.
            5.7.3 Define labelling requirements for physical media carrying sensitive information. 
            5.7.4 Ensure that logs of the transfer are kept identifying the content of the media, protection applied, time(s) of transfer to the transit custodian(s), and the receipt at destination.
            5.7.5 Consider measures to be taken in the event of loss of physical media in transit carrying sensitive information.",,,,,,
T5.4.4__clientname-IS-POL-00-Asset Management Policy 6_passage_13,prediction,T5.4.4,T5,Remote Diagnostic and,The entity shall control access for the purpose of diagnostic and configuration.,6,"a,b,c,d,e,f","a: The entity shall:
b: identify all ports and services that are used for diagnostics or configuration
c: disable or uninstall the diagnostic and configuration services that are not required and define a protection mechanism for the ones that are required
d: enable access control mechanisms (including strong authenticatio
e: to allow access only to authorized personnel
f: log all remote access activities related to diagnostics and configuration",clientname-IS-POL-00-Asset Management Policy 6_passage_13,5.7 Physical Media Transfer,"<CLIENT> shall:
            5.7.1 Utilize reliable transport or couriers for transportation of physical media between sites.
            5.7.2 Develop a list of authorized couriers that are approved by the management.
            5.7.3 Define labelling requirements for physical media carrying sensitive information. 
            5.7.4 Ensure that logs of the transfer are kept identifying the content of the media, protection applied, time(s) of transfer to the transit custodian(s), and the receipt at destination.
            5.7.5 Consider measures to be taken in the event of loss of physical media in transit carrying sensitive information.",,,,,,
T5.6.2__clientname-IS-POL-00-Asset Management Policy 6_passage_13,prediction,T5.6.2,T5,Sensitive System Isolation,The entity shall build a dedicated environment for sensitive systems. The entity shall:,1,b,b: identify sensitive applications and allocate the appropriate resources to ensure its security,clientname-IS-POL-00-Asset Management Policy 6_passage_13,5.7 Physical Media Transfer,"<CLIENT> shall:
            5.7.1 Utilize reliable transport or couriers for transportation of physical media between sites.
            5.7.2 Develop a list of authorized couriers that are approved by the management.
            5.7.3 Define labelling requirements for physical media carrying sensitive information. 
            5.7.4 Ensure that logs of the transfer are kept identifying the content of the media, protection applied, time(s) of transfer to the transit custodian(s), and the receipt at destination.
            5.7.5 Consider measures to be taken in the event of loss of physical media in transit carrying sensitive information.",,,,,,
T5.6.3__clientname-IS-POL-00-Asset Management Policy 6_passage_13,prediction,T5.6.3,T5,Publicly Accessible,The entity shall not expose non-public information to the general public.,3,"a,b,c","a: The entity shall:
b: develop and formalize procedures for the publishing of public information to ensure non-public information is not exposed
c: adopt procedures to periodically verify if sensitive information is exposed to the general public",clientname-IS-POL-00-Asset Management Policy 6_passage_13,5.7 Physical Media Transfer,"<CLIENT> shall:
            5.7.1 Utilize reliable transport or couriers for transportation of physical media between sites.
            5.7.2 Develop a list of authorized couriers that are approved by the management.
            5.7.3 Define labelling requirements for physical media carrying sensitive information. 
            5.7.4 Ensure that logs of the transfer are kept identifying the content of the media, protection applied, time(s) of transfer to the transit custodian(s), and the receipt at destination.
            5.7.5 Consider measures to be taken in the event of loss of physical media in transit carrying sensitive information.",,,,,,
T5.7.1__clientname-IS-POL-00-Asset Management Policy 6_passage_13,prediction,T5.7.1,T5,Access,for Mobile,2,"a,b","a: The entity shall:
b: establish security measures for usage restrictions, configuration/ connection requirements, and",clientname-IS-POL-00-Asset Management Policy 6_passage_13,5.7 Physical Media Transfer,"<CLIENT> shall:
            5.7.1 Utilize reliable transport or couriers for transportation of physical media between sites.
            5.7.2 Develop a list of authorized couriers that are approved by the management.
            5.7.3 Define labelling requirements for physical media carrying sensitive information. 
            5.7.4 Ensure that logs of the transfer are kept identifying the content of the media, protection applied, time(s) of transfer to the transit custodian(s), and the receipt at destination.
            5.7.5 Consider measures to be taken in the event of loss of physical media in transit carrying sensitive information.",,,,,,
T6.2.1__clientname-IS-POL-00-Asset Management Policy 6_passage_13,prediction,T6.2.1,T6,Service Delivery,The entity shall monitor third party service delivery. The entity shall:,3,"b,c,d","b: ensure that security requirements for third parties are included in the service delivery agreement for each party
c: ensure these security requirements are measurable
d: require third parties to measure and report to the entity on these service requirements",clientname-IS-POL-00-Asset Management Policy 6_passage_13,5.7 Physical Media Transfer,"<CLIENT> shall:
            5.7.1 Utilize reliable transport or couriers for transportation of physical media between sites.
            5.7.2 Develop a list of authorized couriers that are approved by the management.
            5.7.3 Define labelling requirements for physical media carrying sensitive information. 
            5.7.4 Ensure that logs of the transfer are kept identifying the content of the media, protection applied, time(s) of transfer to the transit custodian(s), and the receipt at destination.
            5.7.5 Consider measures to be taken in the event of loss of physical media in transit carrying sensitive information.",,,,,,
T7.3.3__clientname-IS-POL-00-Asset Management Policy 6_passage_13,prediction,T7.3.3,T7,Message Integrity,The entity shall ensure authenticity and integrity of messages in applications.,3,"a,b,c","a: The entity shall:
b: identify requirements to ensure authenticity and integrity of messages transmitted between systems and applications
c: adopt proper controls to address the identified requirements",clientname-IS-POL-00-Asset Management Policy 6_passage_13,5.7 Physical Media Transfer,"<CLIENT> shall:
            5.7.1 Utilize reliable transport or couriers for transportation of physical media between sites.
            5.7.2 Develop a list of authorized couriers that are approved by the management.
            5.7.3 Define labelling requirements for physical media carrying sensitive information. 
            5.7.4 Ensure that logs of the transfer are kept identifying the content of the media, protection applied, time(s) of transfer to the transit custodian(s), and the receipt at destination.
            5.7.5 Consider measures to be taken in the event of loss of physical media in transit carrying sensitive information.",,,,,,
T7.6.2__clientname-IS-POL-00-Asset Management Policy 6_passage_13,prediction,T7.6.2,T7,Technical Review of Applications,The entity shall review and test business critical applications after changes in the operating systems.,5,"a,b,d,e,f","a: The entity shall:
b: test any application in a testing environment when operating systems are changed (including patches and configuration
d: monitor operating system and application logs for any anomaly
e: always define a rollback procedure
f: ensure that changes are reflected in any asset database and in any technical contingency plan",clientname-IS-POL-00-Asset Management Policy 6_passage_13,5.7 Physical Media Transfer,"<CLIENT> shall:
            5.7.1 Utilize reliable transport or couriers for transportation of physical media between sites.
            5.7.2 Develop a list of authorized couriers that are approved by the management.
            5.7.3 Define labelling requirements for physical media carrying sensitive information. 
            5.7.4 Ensure that logs of the transfer are kept identifying the content of the media, protection applied, time(s) of transfer to the transit custodian(s), and the receipt at destination.
            5.7.5 Consider measures to be taken in the event of loss of physical media in transit carrying sensitive information.",,,,,,
T7.6.4__clientname-IS-POL-00-Asset Management Policy 6_passage_13,prediction,T7.6.4,T7,Information Leakage,The entity shall prevent opportunities for information leakage.,4,"a,b,c,d","a: The entity shall:
b: adopt Data Leak Prevention (DLP) measures
c: adopt identity and access management solutions to limit access to critical data only to authorized personnel
d: define and enforce a data/information classification policy",clientname-IS-POL-00-Asset Management Policy 6_passage_13,5.7 Physical Media Transfer,"<CLIENT> shall:
            5.7.1 Utilize reliable transport or couriers for transportation of physical media between sites.
            5.7.2 Develop a list of authorized couriers that are approved by the management.
            5.7.3 Define labelling requirements for physical media carrying sensitive information. 
            5.7.4 Ensure that logs of the transfer are kept identifying the content of the media, protection applied, time(s) of transfer to the transit custodian(s), and the receipt at destination.
            5.7.5 Consider measures to be taken in the event of loss of physical media in transit carrying sensitive information.",,,,,,
T8.2.4__clientname-IS-POL-00-Asset Management Policy 6_passage_13,prediction,T8.2.4,T8,Incident Response Training,The entity shall provide incident response training to information system users.,2,"a,b","a: The entity shall:
b: establish a training program for the cyber security incident response team (CSIRT), in line with the Awareness and Training Policy (refer to",clientname-IS-POL-00-Asset Management Policy 6_passage_13,5.7 Physical Media Transfer,"<CLIENT> shall:
            5.7.1 Utilize reliable transport or couriers for transportation of physical media between sites.
            5.7.2 Develop a list of authorized couriers that are approved by the management.
            5.7.3 Define labelling requirements for physical media carrying sensitive information. 
            5.7.4 Ensure that logs of the transfer are kept identifying the content of the media, protection applied, time(s) of transfer to the transit custodian(s), and the receipt at destination.
            5.7.5 Consider measures to be taken in the event of loss of physical media in transit carrying sensitive information.",,,,,,
T8.2.6__clientname-IS-POL-00-Asset Management Policy 6_passage_13,prediction,T8.2.6,T8,Incident Response,The entity shall provide an incident response support resource to offer advice and assistance in case of an incident.,3,"a,b,c","a: The entity shall:
b: assign the appropriate resources needed to support employees and external party in handling and reporting of security incidents;
c: establish and make available the procedure to get in touch with the assigned personnel",clientname-IS-POL-00-Asset Management Policy 6_passage_13,5.7 Physical Media Transfer,"<CLIENT> shall:
            5.7.1 Utilize reliable transport or couriers for transportation of physical media between sites.
            5.7.2 Develop a list of authorized couriers that are approved by the management.
            5.7.3 Define labelling requirements for physical media carrying sensitive information. 
            5.7.4 Ensure that logs of the transfer are kept identifying the content of the media, protection applied, time(s) of transfer to the transit custodian(s), and the receipt at destination.
            5.7.5 Consider measures to be taken in the event of loss of physical media in transit carrying sensitive information.",,,,,,
T8.2.8__clientname-IS-POL-00-Asset Management Policy 6_passage_13,prediction,T8.2.8,T8,Learning From Information,The entity shall institutionalize the learning from information security incidents.,3,"a,b,c","a: The entity shall:
b: establish detailed incident records including all related activities and outcomes where applicable
c: develop lessons learned and where applicable identify additional controls to avoid similar incidents in the future",clientname-IS-POL-00-Asset Management Policy 6_passage_13,5.7 Physical Media Transfer,"<CLIENT> shall:
            5.7.1 Utilize reliable transport or couriers for transportation of physical media between sites.
            5.7.2 Develop a list of authorized couriers that are approved by the management.
            5.7.3 Define labelling requirements for physical media carrying sensitive information. 
            5.7.4 Ensure that logs of the transfer are kept identifying the content of the media, protection applied, time(s) of transfer to the transit custodian(s), and the receipt at destination.
            5.7.5 Consider measures to be taken in the event of loss of physical media in transit carrying sensitive information.",,,,,,
T8.3.1__clientname-IS-POL-00-Asset Management Policy 6_passage_13,prediction,T8.3.1,T8,Situational Awareness,The entity shall develop a situational awareness culture by participating in the information sharing community and obtaining cyber security information from various sources.,2,"a,b","a: The entity shall:
b: identify",clientname-IS-POL-00-Asset Management Policy 6_passage_13,5.7 Physical Media Transfer,"<CLIENT> shall:
            5.7.1 Utilize reliable transport or couriers for transportation of physical media between sites.
            5.7.2 Develop a list of authorized couriers that are approved by the management.
            5.7.3 Define labelling requirements for physical media carrying sensitive information. 
            5.7.4 Ensure that logs of the transfer are kept identifying the content of the media, protection applied, time(s) of transfer to the transit custodian(s), and the receipt at destination.
            5.7.5 Consider measures to be taken in the event of loss of physical media in transit carrying sensitive information.",,,,,,
T9.1.1__clientname-IS-POL-00-Asset Management Policy 6_passage_13,prediction,T9.1.1,T9,Information Systems,The entity shall establish an information systems continuity planning policy.,8,"a,b,c,d,e,f,g,h","a: The information systems continuity planning policy shall:
b: be appropriate to the purpose of the entity
c: include statement of the management commitment, purpose, objective and scope of the policy
d: outline roles and responsibilities
e: provide the framework for continuity of information in adverse situations in accordance with the entity overall business continuity and / or disaster recovery planning
f: be documented and communicated to all users
g: be read and acknowledged formally by all users
h: be maintained, reviewed, tested and updated at planned intervals or if significant changes occur",clientname-IS-POL-00-Asset Management Policy 6_passage_13,5.7 Physical Media Transfer,"<CLIENT> shall:
            5.7.1 Utilize reliable transport or couriers for transportation of physical media between sites.
            5.7.2 Develop a list of authorized couriers that are approved by the management.
            5.7.3 Define labelling requirements for physical media carrying sensitive information. 
            5.7.4 Ensure that logs of the transfer are kept identifying the content of the media, protection applied, time(s) of transfer to the transit custodian(s), and the receipt at destination.
            5.7.5 Consider measures to be taken in the event of loss of physical media in transit carrying sensitive information.",,,,,,
T9.2.1__clientname-IS-POL-00-Asset Management Policy 6_passage_13,prediction,T9.2.1,T9,Developing Information,The entity shall develop its information systems continuity plans.,5,"a,b,c,d,e","a: The entity shall:
b: identify information continuity requirements in line with the entity’s overall business continuity planning and / or disaster recovery
c: specify the escalations criteria and the conditions for its activation
d: outline information continuity roles and responsibilities, and assign individuals with contact information
e: define a safe mode when incidents are detected that restrict the entity’s operation in accordance with the information systems continuity policy",clientname-IS-POL-00-Asset Management Policy 6_passage_13,5.7 Physical Media Transfer,"<CLIENT> shall:
            5.7.1 Utilize reliable transport or couriers for transportation of physical media between sites.
            5.7.2 Develop a list of authorized couriers that are approved by the management.
            5.7.3 Define labelling requirements for physical media carrying sensitive information. 
            5.7.4 Ensure that logs of the transfer are kept identifying the content of the media, protection applied, time(s) of transfer to the transit custodian(s), and the receipt at destination.
            5.7.5 Consider measures to be taken in the event of loss of physical media in transit carrying sensitive information.",,,,,,
M5.2.7__clientname-IS-POL-00-Asset Management Policy 6_passage_13,retrieval,M5.2.7,M5,Liability to the Information,"The entity shall ensure that liability issues and remediation are clarified, understood and approved by all members of an information sharing community, to address situations in which information is intentionally or unintentionally disclosed.",4,"a,b,c,d","a: The entity shall:
b: identify any liability issues and remediation requirements regarding unauthorized disclosure of information in all information sharing communities in which the entity participates
c: define specific remediation procedures for each relevant information sharing community
d: communicate to the relevant information sharing community any issues identified regarding remediation procedures",clientname-IS-POL-00-Asset Management Policy 6_passage_13,5.7 Physical Media Transfer,"<CLIENT> shall:
            5.7.1 Utilize reliable transport or couriers for transportation of physical media between sites.
            5.7.2 Develop a list of authorized couriers that are approved by the management.
            5.7.3 Define labelling requirements for physical media carrying sensitive information. 
            5.7.4 Ensure that logs of the transfer are kept identifying the content of the media, protection applied, time(s) of transfer to the transit custodian(s), and the receipt at destination.
            5.7.5 Consider measures to be taken in the event of loss of physical media in transit carrying sensitive information.",,,,,,
M5.5.1__clientname-IS-POL-00-Asset Management Policy 6_passage_13,retrieval,M5.5.1,M5,Information Systems Audit,The entity shall ensure that audit requirements and activities involving checks on operational systems are carefully planned and agreed to minimize the risk of disruptions to business processes.,5,"a,b,c,d,e","a: The entity shall:
b: assign responsibilities for internal audits of information system controls to an appropriate authority
c: define audit requirements for information system controls
d: outline an audit plan to meet audit requirements for information system controls
e: highlight measures taken to ensure audit activities minimize the risk of disruptions to business processes",clientname-IS-POL-00-Asset Management Policy 6_passage_13,5.7 Physical Media Transfer,"<CLIENT> shall:
            5.7.1 Utilize reliable transport or couriers for transportation of physical media between sites.
            5.7.2 Develop a list of authorized couriers that are approved by the management.
            5.7.3 Define labelling requirements for physical media carrying sensitive information. 
            5.7.4 Ensure that logs of the transfer are kept identifying the content of the media, protection applied, time(s) of transfer to the transit custodian(s), and the receipt at destination.
            5.7.5 Consider measures to be taken in the event of loss of physical media in transit carrying sensitive information.",,,,,,
T1.4.2__clientname-IS-POL-00-Asset Management Policy 6_passage_13,retrieval,T1.4.2,T1,Disposal of Media,The entity shall dispose media when no longer needed.,5,"a,b,c,d,e","a: The entity shall:
b: establish procedures for secure disposal of media containing confidential information based on the sensitivity of that information
c: destroy media, both paper and digital, when no longer serving the entity
d: keep records for disposed media (containing or used to contain confidential informatio
e: when no longer needed",clientname-IS-POL-00-Asset Management Policy 6_passage_13,5.7 Physical Media Transfer,"<CLIENT> shall:
            5.7.1 Utilize reliable transport or couriers for transportation of physical media between sites.
            5.7.2 Develop a list of authorized couriers that are approved by the management.
            5.7.3 Define labelling requirements for physical media carrying sensitive information. 
            5.7.4 Ensure that logs of the transfer are kept identifying the content of the media, protection applied, time(s) of transfer to the transit custodian(s), and the receipt at destination.
            5.7.5 Consider measures to be taken in the event of loss of physical media in transit carrying sensitive information.",,,,,,
T2.1.1__clientname-IS-POL-00-Asset Management Policy 6_passage_13,retrieval,T2.1.1,T2,Physical and Environmental,The entity shall develop and maintain a physical and environmental security policy to ensure appropriate physical protection of assets.,8,"a,b,c,d,e,g,h,i","a: The physical and environmental security policy shall:
b: be appropriate to the purpose of the entity
c: include statement of the management commitment, purpose, objective and scope of the policy
d: outline the roles and responsibilities for the physical and environmental security
e: consider the Information Assets classification and their physical location (storage, processing, transfe
g: be documented and communicated to all users
h: be read and acknowledged formally by all users
i: be maintained, reviewed and updated at planned intervals or if significant changes occur",clientname-IS-POL-00-Asset Management Policy 6_passage_13,5.7 Physical Media Transfer,"<CLIENT> shall:
            5.7.1 Utilize reliable transport or couriers for transportation of physical media between sites.
            5.7.2 Develop a list of authorized couriers that are approved by the management.
            5.7.3 Define labelling requirements for physical media carrying sensitive information. 
            5.7.4 Ensure that logs of the transfer are kept identifying the content of the media, protection applied, time(s) of transfer to the transit custodian(s), and the receipt at destination.
            5.7.5 Consider measures to be taken in the event of loss of physical media in transit carrying sensitive information.",,,,,,
T4.2.5__clientname-IS-POL-00-Asset Management Policy 6_passage_13,retrieval,T4.2.5,T4,Business Information,The entity shall develop policies and procedures to protect information transferred across business information systems.,5,"a,b,c,d,e","a: The policies and procedures shall:
b: identify all points of interconnection between business information systems
c: identify the types of information to be protected regarding the identified interconnections
d: identify appropriate security measures to be taken to protect each type of information
e: be documented, maintained, reviewed and updated at planned intervals or if significant changes occur",clientname-IS-POL-00-Asset Management Policy 6_passage_13,5.7 Physical Media Transfer,"<CLIENT> shall:
            5.7.1 Utilize reliable transport or couriers for transportation of physical media between sites.
            5.7.2 Develop a list of authorized couriers that are approved by the management.
            5.7.3 Define labelling requirements for physical media carrying sensitive information. 
            5.7.4 Ensure that logs of the transfer are kept identifying the content of the media, protection applied, time(s) of transfer to the transit custodian(s), and the receipt at destination.
            5.7.5 Consider measures to be taken in the event of loss of physical media in transit carrying sensitive information.",,,,,,
T4.5.4__clientname-IS-POL-00-Asset Management Policy 6_passage_13,retrieval,T4.5.4,T4,Security of Wireless,The entity shall ensure that all wireless networks are adequately secured.,5,"a,b,c,d,e","a: The entity shall:
b: undertake and document a site survey to determine the optimal physical locations to avoid stray signal leaking too far outside of the entity’s physical perimeter
c: identify criteria for grouping information services, users, and information systems into different groups that facilitate segregation on wireless networks
d: for each wireless network, identify the security controls that should be in place based on the required protection level of the information services, users, and information systems it supports
e: periodically evaluate the effectiveness of implemented segregation strategies and identify areas for improvement",clientname-IS-POL-00-Asset Management Policy 6_passage_13,5.7 Physical Media Transfer,"<CLIENT> shall:
            5.7.1 Utilize reliable transport or couriers for transportation of physical media between sites.
            5.7.2 Develop a list of authorized couriers that are approved by the management.
            5.7.3 Define labelling requirements for physical media carrying sensitive information. 
            5.7.4 Ensure that logs of the transfer are kept identifying the content of the media, protection applied, time(s) of transfer to the transit custodian(s), and the receipt at destination.
            5.7.5 Consider measures to be taken in the event of loss of physical media in transit carrying sensitive information.",,,,,,
T5.5.1__clientname-IS-POL-00-Asset Management Policy 6_passage_13,retrieval,T5.5.1,T5,Secure Log-On Procedures,The entity shall control access to systems and applications using a secure log-on and log-off procedure.,6,"a,b,c,d,e,f","a: The entity shall:
b: identify the systems, applications and services that require user authentication
c: classify the identified systems, application and services based on the level of protection needed
d: establish the appropriate log-on and log-off procedures to minimize the opportunity for unauthorized access
e: set a maximum session time for logged on users for sensitive systems and applications
f: terminate inactive sessions after a predefined period of inactivity",clientname-IS-POL-00-Asset Management Policy 6_passage_13,5.7 Physical Media Transfer,"<CLIENT> shall:
            5.7.1 Utilize reliable transport or couriers for transportation of physical media between sites.
            5.7.2 Develop a list of authorized couriers that are approved by the management.
            5.7.3 Define labelling requirements for physical media carrying sensitive information. 
            5.7.4 Ensure that logs of the transfer are kept identifying the content of the media, protection applied, time(s) of transfer to the transit custodian(s), and the receipt at destination.
            5.7.5 Consider measures to be taken in the event of loss of physical media in transit carrying sensitive information.",,,,,,
T5.7.2__clientname-IS-POL-00-Asset Management Policy 6_passage_13,retrieval,T5.7.2,T5,Teleworking,"The entity shall implement security measures to protect information accessed, processed or stored on teleworking sites.",3,"a,b,c","a: The entity shall:
b: establish security measures for using teleworking in line with the access control policy
c: authorize the usage of teleworking in accordance with the established security measures",clientname-IS-POL-00-Asset Management Policy 6_passage_13,5.7 Physical Media Transfer,"<CLIENT> shall:
            5.7.1 Utilize reliable transport or couriers for transportation of physical media between sites.
            5.7.2 Develop a list of authorized couriers that are approved by the management.
            5.7.3 Define labelling requirements for physical media carrying sensitive information. 
            5.7.4 Ensure that logs of the transfer are kept identifying the content of the media, protection applied, time(s) of transfer to the transit custodian(s), and the receipt at destination.
            5.7.5 Consider measures to be taken in the event of loss of physical media in transit carrying sensitive information.",,,,,,
T7.5.2__clientname-IS-POL-00-Asset Management Policy 6_passage_13,retrieval,T7.5.2,T7,Protection of System Test,The entity shall ensure the protection of system test data.,5,"a,b,c,d,e","a: The entity shall:
b: use sample data sets to test data applications
c: limit the transfer of real data from production environment to the test environment, and to be done only after the appropriate authorization
d: erase any data from test applications immediately after testing is completed
e: keep track of any copy/erase of data between production and testing environment",clientname-IS-POL-00-Asset Management Policy 6_passage_13,5.7 Physical Media Transfer,"<CLIENT> shall:
            5.7.1 Utilize reliable transport or couriers for transportation of physical media between sites.
            5.7.2 Develop a list of authorized couriers that are approved by the management.
            5.7.3 Define labelling requirements for physical media carrying sensitive information. 
            5.7.4 Ensure that logs of the transfer are kept identifying the content of the media, protection applied, time(s) of transfer to the transit custodian(s), and the receipt at destination.
            5.7.5 Consider measures to be taken in the event of loss of physical media in transit carrying sensitive information.",,,,,,
T7.7.1__clientname-IS-POL-00-Asset Management Policy 6_passage_13,retrieval,T7.7.1,T7,Control of Technical,of Technical,4,"a,b,c,d","a: The entity shall:
b: identify vulnerabilities in new systems and applications and define a remediation plan before placing them in a production environment
c: test, review, check, and verify the presence of vulnerabilities in production systems throughout the development life-cycle, preferably by the use of automated testing tools
d: perform a Cost-Benefit-Analysis (CBA) for vulnerabilities to determine the proper remediation plan, where appropriate",clientname-IS-POL-00-Asset Management Policy 6_passage_13,5.7 Physical Media Transfer,"<CLIENT> shall:
            5.7.1 Utilize reliable transport or couriers for transportation of physical media between sites.
            5.7.2 Develop a list of authorized couriers that are approved by the management.
            5.7.3 Define labelling requirements for physical media carrying sensitive information. 
            5.7.4 Ensure that logs of the transfer are kept identifying the content of the media, protection applied, time(s) of transfer to the transit custodian(s), and the receipt at destination.
            5.7.5 Consider measures to be taken in the event of loss of physical media in transit carrying sensitive information.",,,,,,
M6.1.1__clientname-IS-POL-00-Asset Management Policy 6_passage_13,neg_sample,M6.1.1,M6,Performance Evaluation,The entity shall have a policy for performance evaluation that sets the framework for all performance evaluations that take place in the entity.,5,"a,b,c,d,f","a: The entity shall develop and implement a performance evaluation policy that determines:
b: the overall framework for performance evaluation
c: the methods of reporting the performance evaluation results to management
d: how to integrate the detailed performance measurements for controls with higher level performance measurements for information security objectives, risk management, et
f: how to integrate incident reports in the overall picture of performance monitoring",clientname-IS-POL-00-Asset Management Policy 6_passage_13,5.7 Physical Media Transfer,"<CLIENT> shall:
            5.7.1 Utilize reliable transport or couriers for transportation of physical media between sites.
            5.7.2 Develop a list of authorized couriers that are approved by the management.
            5.7.3 Define labelling requirements for physical media carrying sensitive information. 
            5.7.4 Ensure that logs of the transfer are kept identifying the content of the media, protection applied, time(s) of transfer to the transit custodian(s), and the receipt at destination.
            5.7.5 Consider measures to be taken in the event of loss of physical media in transit carrying sensitive information.",,,,,,
M1.3.6__clientname-IS-POL-00-Asset Management Policy 6_passage_14,prediction,M1.3.6,M1,Addressing Security When,The entity shall address all identified security requirements before giving customers access to the entity’s information or assets.,3,"a,b,c","a: The entity shall:
b: make sure that any customer accessing entity information and information systems are compliant with the entity’s information security policy and security requirements
c: monitor any customer access and verify compliance to agreed access control policy",clientname-IS-POL-00-Asset Management Policy 6_passage_14,5.8 Acceptable Use of Assets,"<CLIENT> shall: 
            5.8.1 Ensure that usage of all organization’s information, information assets and information and communications technology (ICT) systems are approved by the information security department prior to deployment.
            5.8.2 Establish, document, and circulate the rules for the acceptable use of assets in line with the <CLIENT> Acceptable Use Policy (<CLIENT>-ORG-IMS-POL-002) and disciplinary procedures.
            5.8.3 Consider the information provided by other members of an information sharing community as an asset and protect and disseminate in accordance with agreed upon rules.",,,,,,
M4.3.2__clientname-IS-POL-00-Asset Management Policy 6_passage_14,prediction,M4.3.2,M4,Disciplinary Process,The entity shall enforce a formal disciplinary process for employees who have committed a security breach.,5,"a,b,c,d,e","a: The entity shall:
b: define a formal disciplinary process
c: ensure sufficient awareness about this disciplinary process within the entity
d: enforce the disciplinary process
e: keep records of the committed security breaches",clientname-IS-POL-00-Asset Management Policy 6_passage_14,5.8 Acceptable Use of Assets,"<CLIENT> shall: 
            5.8.1 Ensure that usage of all organization’s information, information assets and information and communications technology (ICT) systems are approved by the information security department prior to deployment.
            5.8.2 Establish, document, and circulate the rules for the acceptable use of assets in line with the <CLIENT> Acceptable Use Policy (<CLIENT>-ORG-IMS-POL-002) and disciplinary procedures.
            5.8.3 Consider the information provided by other members of an information sharing community as an asset and protect and disseminate in accordance with agreed upon rules.",,,,,,
M5.2.2__clientname-IS-POL-00-Asset Management Policy 6_passage_14,prediction,M5.2.2,M5,Intellectual Property,"The entity shall implement the appropriate procedures to ensure compliance with legislative, regulatory, and contractual requirements on the use of material in respect of which there may be intellectual property rights and on the use of proprietary software products.",6,"a,b,c,d,e,f","a: The entity shall:
b: develop and maintain an intellectual property rights compliance policy
c: develop a process to identify all applicable requirements the entity must meet in terms of protecting intellectual property rights
d: determine specific system requirements resulting from the identified requirements
e: define specific controls to ensure all intellectual property right protection requirements are met
f: periodically review requirements and associated controls for completeness",clientname-IS-POL-00-Asset Management Policy 6_passage_14,5.8 Acceptable Use of Assets,"<CLIENT> shall: 
            5.8.1 Ensure that usage of all organization’s information, information assets and information and communications technology (ICT) systems are approved by the information security department prior to deployment.
            5.8.2 Establish, document, and circulate the rules for the acceptable use of assets in line with the <CLIENT> Acceptable Use Policy (<CLIENT>-ORG-IMS-POL-002) and disciplinary procedures.
            5.8.3 Consider the information provided by other members of an information sharing community as an asset and protect and disseminate in accordance with agreed upon rules.",,,,,,
M5.5.2__clientname-IS-POL-00-Asset Management Policy 6_passage_14,prediction,M5.5.2,M5,Protection of Information,The entity shall protect access to information systems audit tools to prevent any possible misuse or compromise.,4,"a,b,c,d","a: The entity shall:
b: identify all information systems audit tools
c: identify the types and classification levels of information stored in information systems audit tools
d: define minimum security requirements for information systems audit tools commensurate to the classification levels of the information held",clientname-IS-POL-00-Asset Management Policy 6_passage_14,5.8 Acceptable Use of Assets,"<CLIENT> shall: 
            5.8.1 Ensure that usage of all organization’s information, information assets and information and communications technology (ICT) systems are approved by the information security department prior to deployment.
            5.8.2 Establish, document, and circulate the rules for the acceptable use of assets in line with the <CLIENT> Acceptable Use Policy (<CLIENT>-ORG-IMS-POL-002) and disciplinary procedures.
            5.8.3 Consider the information provided by other members of an information sharing community as an asset and protect and disseminate in accordance with agreed upon rules.",,,,,,
T1.2.2__clientname-IS-POL-00-Asset Management Policy 6_passage_14,golden,T1.2.2,T1,Unknown,,0,,(no sub-controls — judge on description),clientname-IS-POL-00-Asset Management Policy 6_passage_14,5.8 Acceptable Use of Assets,"<CLIENT> shall: 
            5.8.1 Ensure that usage of all organization’s information, information assets and information and communications technology (ICT) systems are approved by the information security department prior to deployment.
            5.8.2 Establish, document, and circulate the rules for the acceptable use of assets in line with the <CLIENT> Acceptable Use Policy (<CLIENT>-ORG-IMS-POL-002) and disciplinary procedures.
            5.8.3 Consider the information provided by other members of an information sharing community as an asset and protect and disseminate in accordance with agreed upon rules.",,,,,,Not Addressed
T1.2.4__clientname-IS-POL-00-Asset Management Policy 6_passage_14,prediction+retrieval,T1.2.4,T1,Acceptable Bring Your Own,The entity shall develop rules for the acceptable use of information assets associated with BYOD arrangements.,5,"a,b,c,d,e","a: The entity shall:
b: establish the rules for the acceptable use of personal assets that are used on the entity’s environment
c: adapt rules to the different roles (management, users, administrators, operators, contractors, etc.)
d: ensure circulation and acceptance of the rules by employees, contractors and third parties
e: measure compliance with these rules",clientname-IS-POL-00-Asset Management Policy 6_passage_14,5.8 Acceptable Use of Assets,"<CLIENT> shall: 
            5.8.1 Ensure that usage of all organization’s information, information assets and information and communications technology (ICT) systems are approved by the information security department prior to deployment.
            5.8.2 Establish, document, and circulate the rules for the acceptable use of assets in line with the <CLIENT> Acceptable Use Policy (<CLIENT>-ORG-IMS-POL-002) and disciplinary procedures.
            5.8.3 Consider the information provided by other members of an information sharing community as an asset and protect and disseminate in accordance with agreed upon rules.",,,,,,
T1.4.2__clientname-IS-POL-00-Asset Management Policy 6_passage_14,golden,T1.4.2,T1,Disposal of Media,The entity shall dispose media when no longer needed.,5,"a,b,c,d,e","a: The entity shall:
b: establish procedures for secure disposal of media containing confidential information based on the sensitivity of that information
c: destroy media, both paper and digital, when no longer serving the entity
d: keep records for disposed media (containing or used to contain confidential informatio
e: when no longer needed",clientname-IS-POL-00-Asset Management Policy 6_passage_14,5.8 Acceptable Use of Assets,"<CLIENT> shall: 
            5.8.1 Ensure that usage of all organization’s information, information assets and information and communications technology (ICT) systems are approved by the information security department prior to deployment.
            5.8.2 Establish, document, and circulate the rules for the acceptable use of assets in line with the <CLIENT> Acceptable Use Policy (<CLIENT>-ORG-IMS-POL-002) and disciplinary procedures.
            5.8.3 Consider the information provided by other members of an information sharing community as an asset and protect and disseminate in accordance with agreed upon rules.",,,,,,Not Addressed
T2.1.1__clientname-IS-POL-00-Asset Management Policy 6_passage_14,prediction,T2.1.1,T2,Physical and Environmental,The entity shall develop and maintain a physical and environmental security policy to ensure appropriate physical protection of assets.,8,"a,b,c,d,e,g,h,i","a: The physical and environmental security policy shall:
b: be appropriate to the purpose of the entity
c: include statement of the management commitment, purpose, objective and scope of the policy
d: outline the roles and responsibilities for the physical and environmental security
e: consider the Information Assets classification and their physical location (storage, processing, transfe
g: be documented and communicated to all users
h: be read and acknowledged formally by all users
i: be maintained, reviewed and updated at planned intervals or if significant changes occur",clientname-IS-POL-00-Asset Management Policy 6_passage_14,5.8 Acceptable Use of Assets,"<CLIENT> shall: 
            5.8.1 Ensure that usage of all organization’s information, information assets and information and communications technology (ICT) systems are approved by the information security department prior to deployment.
            5.8.2 Establish, document, and circulate the rules for the acceptable use of assets in line with the <CLIENT> Acceptable Use Policy (<CLIENT>-ORG-IMS-POL-002) and disciplinary procedures.
            5.8.3 Consider the information provided by other members of an information sharing community as an asset and protect and disseminate in accordance with agreed upon rules.",,,,,,
T4.3.3__clientname-IS-POL-00-Asset Management Policy 6_passage_14,prediction,T4.3.3,T4,Publicly Available,The entity shall protect information being made available on a publicly available system against unauthorized modification.,5,"a,b,c,d,e","a: The entity shall:
b: identify all information to be made available on a publicly available system
c: define security requirements for information to be made available on a publicly available system based on the risk assessment
d: monitor information being made available on publicly available systems for unauthorized modification
e: ensure that all public information is sanitized and approved",clientname-IS-POL-00-Asset Management Policy 6_passage_14,5.8 Acceptable Use of Assets,"<CLIENT> shall: 
            5.8.1 Ensure that usage of all organization’s information, information assets and information and communications technology (ICT) systems are approved by the information security department prior to deployment.
            5.8.2 Establish, document, and circulate the rules for the acceptable use of assets in line with the <CLIENT> Acceptable Use Policy (<CLIENT>-ORG-IMS-POL-002) and disciplinary procedures.
            5.8.3 Consider the information provided by other members of an information sharing community as an asset and protect and disseminate in accordance with agreed upon rules.",,,,,,
T5.3.1__clientname-IS-POL-00-Asset Management Policy 6_passage_14,prediction,T5.3.1,T5,Use of Security Credentials,The entity shall require users to use security credentials in line with the entity’s security practices.,3,"a,b,c","a: The entity shall:
b: develop a good practice for use of security credentials
c: share and educate users on the developed good practices through awareness and training sessions (refer to",clientname-IS-POL-00-Asset Management Policy 6_passage_14,5.8 Acceptable Use of Assets,"<CLIENT> shall: 
            5.8.1 Ensure that usage of all organization’s information, information assets and information and communications technology (ICT) systems are approved by the information security department prior to deployment.
            5.8.2 Establish, document, and circulate the rules for the acceptable use of assets in line with the <CLIENT> Acceptable Use Policy (<CLIENT>-ORG-IMS-POL-002) and disciplinary procedures.
            5.8.3 Consider the information provided by other members of an information sharing community as an asset and protect and disseminate in accordance with agreed upon rules.",,,,,,
T5.5.1__clientname-IS-POL-00-Asset Management Policy 6_passage_14,prediction,T5.5.1,T5,Secure Log-On Procedures,The entity shall control access to systems and applications using a secure log-on and log-off procedure.,6,"a,b,c,d,e,f","a: The entity shall:
b: identify the systems, applications and services that require user authentication
c: classify the identified systems, application and services based on the level of protection needed
d: establish the appropriate log-on and log-off procedures to minimize the opportunity for unauthorized access
e: set a maximum session time for logged on users for sensitive systems and applications
f: terminate inactive sessions after a predefined period of inactivity",clientname-IS-POL-00-Asset Management Policy 6_passage_14,5.8 Acceptable Use of Assets,"<CLIENT> shall: 
            5.8.1 Ensure that usage of all organization’s information, information assets and information and communications technology (ICT) systems are approved by the information security department prior to deployment.
            5.8.2 Establish, document, and circulate the rules for the acceptable use of assets in line with the <CLIENT> Acceptable Use Policy (<CLIENT>-ORG-IMS-POL-002) and disciplinary procedures.
            5.8.3 Consider the information provided by other members of an information sharing community as an asset and protect and disseminate in accordance with agreed upon rules.",,,,,,
T7.3.1__clientname-IS-POL-00-Asset Management Policy 6_passage_14,prediction,T7.3.1,T7,Input Data Validation,The entity shall validate data input to applications to ensure that this data is correct and appropriate.,4,"a,b,c,d","a: The entity shall:
b: define a set of guidelines or parameters to be used to validate data input into applications
c: define a set of values for each guideline or parameter to identify acceptable and unacceptable values
d: provide guidance on how to validate each guideline or parameter",clientname-IS-POL-00-Asset Management Policy 6_passage_14,5.8 Acceptable Use of Assets,"<CLIENT> shall: 
            5.8.1 Ensure that usage of all organization’s information, information assets and information and communications technology (ICT) systems are approved by the information security department prior to deployment.
            5.8.2 Establish, document, and circulate the rules for the acceptable use of assets in line with the <CLIENT> Acceptable Use Policy (<CLIENT>-ORG-IMS-POL-002) and disciplinary procedures.
            5.8.3 Consider the information provided by other members of an information sharing community as an asset and protect and disseminate in accordance with agreed upon rules.",,,,,,
T7.3.4__clientname-IS-POL-00-Asset Management Policy 6_passage_14,prediction,T7.3.4,T7,Output Data Validation,The entity shall validate data output from an application,2,"a,b","a: The entity shall:
b: define output validation procedures to ensure that the processing of stored information is correct and appropriate to the circumstances",clientname-IS-POL-00-Asset Management Policy 6_passage_14,5.8 Acceptable Use of Assets,"<CLIENT> shall: 
            5.8.1 Ensure that usage of all organization’s information, information assets and information and communications technology (ICT) systems are approved by the information security department prior to deployment.
            5.8.2 Establish, document, and circulate the rules for the acceptable use of assets in line with the <CLIENT> Acceptable Use Policy (<CLIENT>-ORG-IMS-POL-002) and disciplinary procedures.
            5.8.3 Consider the information provided by other members of an information sharing community as an asset and protect and disseminate in accordance with agreed upon rules.",,,,,,
M1.3.5__clientname-IS-POL-00-Asset Management Policy 6_passage_14,retrieval,M1.3.5,M1,Identification of Risks,The entity shall identify and properly manage the risks related to its information and information systems from business processes involving external parties,5,"a,b,c,d,e","a: The entity shall:
b: identify risks to its information and information systems and implement the appropriate controls before granting access to any external party
c: define an external party access policy
d: identify and adopt proper controls to limit physical and logical access to information assets and entity information systems
e: monitor external party access to entity information and entity information systems",clientname-IS-POL-00-Asset Management Policy 6_passage_14,5.8 Acceptable Use of Assets,"<CLIENT> shall: 
            5.8.1 Ensure that usage of all organization’s information, information assets and information and communications technology (ICT) systems are approved by the information security department prior to deployment.
            5.8.2 Establish, document, and circulate the rules for the acceptable use of assets in line with the <CLIENT> Acceptable Use Policy (<CLIENT>-ORG-IMS-POL-002) and disciplinary procedures.
            5.8.3 Consider the information provided by other members of an information sharing community as an asset and protect and disseminate in accordance with agreed upon rules.",,,,,,
M1.4.3__clientname-IS-POL-00-Asset Management Policy 6_passage_14,retrieval,M1.4.3,M1,Documentation,"The entity shall maintain, protect and control documentation of its information security controls and their implementation.",12,"a,b,c,d,e,f,g,h,i,j,k,l","a: The entity shall ensure that
b: documents are approved prior to issue
c: documents are reviewed and updated as necessary
d: changes and the current revision status of documents are identified
e: documents remain legible and readily identifiable
f: documents are available to those who need them, are transferred, and stored in accordance with the procedures applicable to their classification
g: documents are disposed of in accordance with the procedures applicable to their classification
h: documents of external origin are identified
i: the distribution of documents is controlled
j: the unintended use of obsolete documents is prevented, and that up to date versions are available
k: suitable identification is applied to documents if they are retained for any purpose The entity shall document the compliance with the “mandatory” controls in a way that allows unique reference to the requirements of this Regulatio
l: (Sample Compliance Template may be provided by TRA in this regard).",clientname-IS-POL-00-Asset Management Policy 6_passage_14,5.8 Acceptable Use of Assets,"<CLIENT> shall: 
            5.8.1 Ensure that usage of all organization’s information, information assets and information and communications technology (ICT) systems are approved by the information security department prior to deployment.
            5.8.2 Establish, document, and circulate the rules for the acceptable use of assets in line with the <CLIENT> Acceptable Use Policy (<CLIENT>-ORG-IMS-POL-002) and disciplinary procedures.
            5.8.3 Consider the information provided by other members of an information sharing community as an asset and protect and disseminate in accordance with agreed upon rules.",,,,,,
M5.2.7__clientname-IS-POL-00-Asset Management Policy 6_passage_14,retrieval,M5.2.7,M5,Liability to the Information,"The entity shall ensure that liability issues and remediation are clarified, understood and approved by all members of an information sharing community, to address situations in which information is intentionally or unintentionally disclosed.",4,"a,b,c,d","a: The entity shall:
b: identify any liability issues and remediation requirements regarding unauthorized disclosure of information in all information sharing communities in which the entity participates
c: define specific remediation procedures for each relevant information sharing community
d: communicate to the relevant information sharing community any issues identified regarding remediation procedures",clientname-IS-POL-00-Asset Management Policy 6_passage_14,5.8 Acceptable Use of Assets,"<CLIENT> shall: 
            5.8.1 Ensure that usage of all organization’s information, information assets and information and communications technology (ICT) systems are approved by the information security department prior to deployment.
            5.8.2 Establish, document, and circulate the rules for the acceptable use of assets in line with the <CLIENT> Acceptable Use Policy (<CLIENT>-ORG-IMS-POL-002) and disciplinary procedures.
            5.8.3 Consider the information provided by other members of an information sharing community as an asset and protect and disseminate in accordance with agreed upon rules.",,,,,,
M5.5.1__clientname-IS-POL-00-Asset Management Policy 6_passage_14,retrieval,M5.5.1,M5,Information Systems Audit,The entity shall ensure that audit requirements and activities involving checks on operational systems are carefully planned and agreed to minimize the risk of disruptions to business processes.,5,"a,b,c,d,e","a: The entity shall:
b: assign responsibilities for internal audits of information system controls to an appropriate authority
c: define audit requirements for information system controls
d: outline an audit plan to meet audit requirements for information system controls
e: highlight measures taken to ensure audit activities minimize the risk of disruptions to business processes",clientname-IS-POL-00-Asset Management Policy 6_passage_14,5.8 Acceptable Use of Assets,"<CLIENT> shall: 
            5.8.1 Ensure that usage of all organization’s information, information assets and information and communications technology (ICT) systems are approved by the information security department prior to deployment.
            5.8.2 Establish, document, and circulate the rules for the acceptable use of assets in line with the <CLIENT> Acceptable Use Policy (<CLIENT>-ORG-IMS-POL-002) and disciplinary procedures.
            5.8.3 Consider the information provided by other members of an information sharing community as an asset and protect and disseminate in accordance with agreed upon rules.",,,,,,
T1.2.1__clientname-IS-POL-00-Asset Management Policy 6_passage_14,retrieval,T1.2.1,T1,Inventory of Assets,The entity shall maintain an inventory list of all its information assets.,4,"a,b,c,d","a: The entity shall:
b: identify an inventory of information assets within the entity
c: maintain an up-to-date list of assets
d: ensure accuracy and consistency with other inventories",clientname-IS-POL-00-Asset Management Policy 6_passage_14,5.8 Acceptable Use of Assets,"<CLIENT> shall: 
            5.8.1 Ensure that usage of all organization’s information, information assets and information and communications technology (ICT) systems are approved by the information security department prior to deployment.
            5.8.2 Establish, document, and circulate the rules for the acceptable use of assets in line with the <CLIENT> Acceptable Use Policy (<CLIENT>-ORG-IMS-POL-002) and disciplinary procedures.
            5.8.3 Consider the information provided by other members of an information sharing community as an asset and protect and disseminate in accordance with agreed upon rules.",,,,,,
T1.3.3__clientname-IS-POL-00-Asset Management Policy 6_passage_14,retrieval,T1.3.3,T1,Handling of Information,The entity shall handle assets in accordance with the information classification scheme adopted by the entity.,3,"a,b,c","a: The entity shall:
b: develop handling procedures for processing, storing and communicating information consistent with its classification and its attached label
c: safeguard the information in accordance with the established procedures",clientname-IS-POL-00-Asset Management Policy 6_passage_14,5.8 Acceptable Use of Assets,"<CLIENT> shall: 
            5.8.1 Ensure that usage of all organization’s information, information assets and information and communications technology (ICT) systems are approved by the information security department prior to deployment.
            5.8.2 Establish, document, and circulate the rules for the acceptable use of assets in line with the <CLIENT> Acceptable Use Policy (<CLIENT>-ORG-IMS-POL-002) and disciplinary procedures.
            5.8.3 Consider the information provided by other members of an information sharing community as an asset and protect and disseminate in accordance with agreed upon rules.",,,,,,
T2.2.3__clientname-IS-POL-00-Asset Management Policy 6_passage_14,retrieval,T2.2.3,T2,"Securing Offices, Rooms","The entity shall design and apply physical security for offices, rooms, and facilities.",3,"a,b,c","a: The entity shall:
b: establish rules to avoid access by the public to key facilities in line with the physical and environmental policy
c: avoid obvious signs that indicates the type of information or activities in the secure areas",clientname-IS-POL-00-Asset Management Policy 6_passage_14,5.8 Acceptable Use of Assets,"<CLIENT> shall: 
            5.8.1 Ensure that usage of all organization’s information, information assets and information and communications technology (ICT) systems are approved by the information security department prior to deployment.
            5.8.2 Establish, document, and circulate the rules for the acceptable use of assets in line with the <CLIENT> Acceptable Use Policy (<CLIENT>-ORG-IMS-POL-002) and disciplinary procedures.
            5.8.3 Consider the information provided by other members of an information sharing community as an asset and protect and disseminate in accordance with agreed upon rules.",,,,,,
T3.5.1__clientname-IS-POL-00-Asset Management Policy 6_passage_14,retrieval,T3.5.1,T3,Information Backup,The entity shall backup copies of its information and software.,5,"a,b,c,d,e","a: The entity shall:
b: establish guidelines for determining what information and software requires backup and how often
c: establish and document clear backup procedures and system capabilities for all applicable backup requirements
d: ensure backed up information and software is routinely tested for reliability
e: ensure IT staff have the skills and qualification to conduct the backup procedures (refer to",clientname-IS-POL-00-Asset Management Policy 6_passage_14,5.8 Acceptable Use of Assets,"<CLIENT> shall: 
            5.8.1 Ensure that usage of all organization’s information, information assets and information and communications technology (ICT) systems are approved by the information security department prior to deployment.
            5.8.2 Establish, document, and circulate the rules for the acceptable use of assets in line with the <CLIENT> Acceptable Use Policy (<CLIENT>-ORG-IMS-POL-002) and disciplinary procedures.
            5.8.3 Consider the information provided by other members of an information sharing community as an asset and protect and disseminate in accordance with agreed upon rules.",,,,,,
T4.2.5__clientname-IS-POL-00-Asset Management Policy 6_passage_14,retrieval,T4.2.5,T4,Business Information,The entity shall develop policies and procedures to protect information transferred across business information systems.,5,"a,b,c,d,e","a: The policies and procedures shall:
b: identify all points of interconnection between business information systems
c: identify the types of information to be protected regarding the identified interconnections
d: identify appropriate security measures to be taken to protect each type of information
e: be documented, maintained, reviewed and updated at planned intervals or if significant changes occur",clientname-IS-POL-00-Asset Management Policy 6_passage_14,5.8 Acceptable Use of Assets,"<CLIENT> shall: 
            5.8.1 Ensure that usage of all organization’s information, information assets and information and communications technology (ICT) systems are approved by the information security department prior to deployment.
            5.8.2 Establish, document, and circulate the rules for the acceptable use of assets in line with the <CLIENT> Acceptable Use Policy (<CLIENT>-ORG-IMS-POL-002) and disciplinary procedures.
            5.8.3 Consider the information provided by other members of an information sharing community as an asset and protect and disseminate in accordance with agreed upon rules.",,,,,,
T7.8.2__clientname-IS-POL-00-Asset Management Policy 6_passage_14,retrieval,T7.8.2,T7,Supplier Reviews,"The entity shall conduct a supplier review prior to entering into a contractual agreement to acquire the information system, system component, or information system service.",4,"a,b,c,d","a: The entity shall:
b: define an evaluation process for suppliers of information systems, system components and services
c: periodically review supplier evaluations
d: ensure the supplier review process includes checks with appropriate sector and national level requirements",clientname-IS-POL-00-Asset Management Policy 6_passage_14,5.8 Acceptable Use of Assets,"<CLIENT> shall: 
            5.8.1 Ensure that usage of all organization’s information, information assets and information and communications technology (ICT) systems are approved by the information security department prior to deployment.
            5.8.2 Establish, document, and circulate the rules for the acceptable use of assets in line with the <CLIENT> Acceptable Use Policy (<CLIENT>-ORG-IMS-POL-002) and disciplinary procedures.
            5.8.3 Consider the information provided by other members of an information sharing community as an asset and protect and disseminate in accordance with agreed upon rules.",,,,,,
T7.8.5__clientname-IS-POL-00-Asset Management Policy 6_passage_14,retrieval,T7.8.5,T7,Reliable Delivery,The entity shall ensure a reliable delivery of information systems or system components.,3,"a,b,c","a: The entity shall:
b: ensure information systems and components received are genuine
c: verify software delivered has not being altered",clientname-IS-POL-00-Asset Management Policy 6_passage_14,5.8 Acceptable Use of Assets,"<CLIENT> shall: 
            5.8.1 Ensure that usage of all organization’s information, information assets and information and communications technology (ICT) systems are approved by the information security department prior to deployment.
            5.8.2 Establish, document, and circulate the rules for the acceptable use of assets in line with the <CLIENT> Acceptable Use Policy (<CLIENT>-ORG-IMS-POL-002) and disciplinary procedures.
            5.8.3 Consider the information provided by other members of an information sharing community as an asset and protect and disseminate in accordance with agreed upon rules.",,,,,,
M2.2.2__clientname-IS-POL-00-Asset Management Policy 6_passage_14,neg_sample,M2.2.2,M2,Information Security Risk,The entity shall analyze its information security risks.,5,"a,b,c,d,e","a: The entity shall:
b: assess the potential consequences that would result if the identified risks were to materialize by assessing the consequences of losses of confidentiality, integrity or availability
c: assess the realistic likelihood of the occurrence of the identified risks based on the existing controls, identified vulnerabilities and threats
d: determine the levels of risk
e: document the results of the risk analysis",clientname-IS-POL-00-Asset Management Policy 6_passage_14,5.8 Acceptable Use of Assets,"<CLIENT> shall: 
            5.8.1 Ensure that usage of all organization’s information, information assets and information and communications technology (ICT) systems are approved by the information security department prior to deployment.
            5.8.2 Establish, document, and circulate the rules for the acceptable use of assets in line with the <CLIENT> Acceptable Use Policy (<CLIENT>-ORG-IMS-POL-002) and disciplinary procedures.
            5.8.3 Consider the information provided by other members of an information sharing community as an asset and protect and disseminate in accordance with agreed upon rules.",,,,,,
M5.2.6__clientname-IS-POL-00-Asset Management Policy 6_passage_14,neg_sample,M5.2.6,M5,Regulation of,"The entity shall use cryptographic controls in compliance with all relevant legislations, , and agreements.",5,"a,b,c,d,e","a: The entity shall:
b: define a process for identifying applicable compliance requirements regarding use of cryptographic controls within the entity
c: determine specific system requirements resulting from the identified requirements
d: define specific controls to ensure all cryptographic control requirements are met
e: periodically review requirements and associated controls for completeness",clientname-IS-POL-00-Asset Management Policy 6_passage_14,5.8 Acceptable Use of Assets,"<CLIENT> shall: 
            5.8.1 Ensure that usage of all organization’s information, information assets and information and communications technology (ICT) systems are approved by the information security department prior to deployment.
            5.8.2 Establish, document, and circulate the rules for the acceptable use of assets in line with the <CLIENT> Acceptable Use Policy (<CLIENT>-ORG-IMS-POL-002) and disciplinary procedures.
            5.8.3 Consider the information provided by other members of an information sharing community as an asset and protect and disseminate in accordance with agreed upon rules.",,,,,,
T2.3.1__clientname-IS-POL-00-Asset Management Policy 6_passage_14,neg_sample,T2.3.1,T2,Equipment Siting and,The entity shall site and protect equipment. The entity shall:,2,"b,c","b: establish guidelines for the physical protection of equipment against unauthorized access
c: monitor the environmental conditions and alert in case of a potential threat",clientname-IS-POL-00-Asset Management Policy 6_passage_14,5.8 Acceptable Use of Assets,"<CLIENT> shall: 
            5.8.1 Ensure that usage of all organization’s information, information assets and information and communications technology (ICT) systems are approved by the information security department prior to deployment.
            5.8.2 Establish, document, and circulate the rules for the acceptable use of assets in line with the <CLIENT> Acceptable Use Policy (<CLIENT>-ORG-IMS-POL-002) and disciplinary procedures.
            5.8.3 Consider the information provided by other members of an information sharing community as an asset and protect and disseminate in accordance with agreed upon rules.",,,,,,
T7.5.2__clientname-IS-POL-00-Asset Management Policy 6_passage_14,neg_sample,T7.5.2,T7,Protection of System Test,The entity shall ensure the protection of system test data.,5,"a,b,c,d,e","a: The entity shall:
b: use sample data sets to test data applications
c: limit the transfer of real data from production environment to the test environment, and to be done only after the appropriate authorization
d: erase any data from test applications immediately after testing is completed
e: keep track of any copy/erase of data between production and testing environment",clientname-IS-POL-00-Asset Management Policy 6_passage_14,5.8 Acceptable Use of Assets,"<CLIENT> shall: 
            5.8.1 Ensure that usage of all organization’s information, information assets and information and communications technology (ICT) systems are approved by the information security department prior to deployment.
            5.8.2 Establish, document, and circulate the rules for the acceptable use of assets in line with the <CLIENT> Acceptable Use Policy (<CLIENT>-ORG-IMS-POL-002) and disciplinary procedures.
            5.8.3 Consider the information provided by other members of an information sharing community as an asset and protect and disseminate in accordance with agreed upon rules.",,,,,,
T1.1.1__clientname-IS-POL-00-Asset Management Policy 6_passage_15,golden+retrieval,T1.1.1,T1,Asset Management Policy,The entity shall establish an asset management policy.,9,"a,b,c,d,e,f,g,h,i","a: The asset management policy shall:
b: be appropriate to the complexity of the entity and to the assets managed by the entity
c: include statement of the management commitment, purpose, objective and scope of the policy
d: outline the roles and responsibilities
e: provide the framework for managing the entity’s assets, including assignment of owners
f: provide the framework for managing Bring Your Own Device (BYOD) arrangements
g: be documented and communicated to all users
h: be read and acknowledged formally by all users
i: be maintained, reviewed and updated at planned intervals or if significant changes occur",clientname-IS-POL-00-Asset Management Policy 6_passage_15,5.9 Bring Your Own Device (BYOD) Arrangements,"<CLIENT> shall: 
            5.9.1 Provide means to securely access organizational information and information assets via ‘Bring Your Own Device’ (BYOD). 
            5.9.2 Establish and implement information security requirements to secure organizational information and information assets via ‘Bring Your Own Device’ (BYOD) in line with <CLIENT> Bring Your Own Device (BYOD) Policy (<CLIENT>-ORG-IMS-POL-020).",,,,,,Not Addressed
T1.2.4__clientname-IS-POL-00-Asset Management Policy 6_passage_15,prediction+retrieval,T1.2.4,T1,Acceptable Bring Your Own,The entity shall develop rules for the acceptable use of information assets associated with BYOD arrangements.,5,"a,b,c,d,e","a: The entity shall:
b: establish the rules for the acceptable use of personal assets that are used on the entity’s environment
c: adapt rules to the different roles (management, users, administrators, operators, contractors, etc.)
d: ensure circulation and acceptance of the rules by employees, contractors and third parties
e: measure compliance with these rules",clientname-IS-POL-00-Asset Management Policy 6_passage_15,5.9 Bring Your Own Device (BYOD) Arrangements,"<CLIENT> shall: 
            5.9.1 Provide means to securely access organizational information and information assets via ‘Bring Your Own Device’ (BYOD). 
            5.9.2 Establish and implement information security requirements to secure organizational information and information assets via ‘Bring Your Own Device’ (BYOD) in line with <CLIENT> Bring Your Own Device (BYOD) Policy (<CLIENT>-ORG-IMS-POL-020).",,,,,,
M1.3.5__clientname-IS-POL-00-Asset Management Policy 6_passage_15,retrieval,M1.3.5,M1,Identification of Risks,The entity shall identify and properly manage the risks related to its information and information systems from business processes involving external parties,5,"a,b,c,d,e","a: The entity shall:
b: identify risks to its information and information systems and implement the appropriate controls before granting access to any external party
c: define an external party access policy
d: identify and adopt proper controls to limit physical and logical access to information assets and entity information systems
e: monitor external party access to entity information and entity information systems",clientname-IS-POL-00-Asset Management Policy 6_passage_15,5.9 Bring Your Own Device (BYOD) Arrangements,"<CLIENT> shall: 
            5.9.1 Provide means to securely access organizational information and information assets via ‘Bring Your Own Device’ (BYOD). 
            5.9.2 Establish and implement information security requirements to secure organizational information and information assets via ‘Bring Your Own Device’ (BYOD) in line with <CLIENT> Bring Your Own Device (BYOD) Policy (<CLIENT>-ORG-IMS-POL-020).",,,,,,
M1.3.6__clientname-IS-POL-00-Asset Management Policy 6_passage_15,retrieval,M1.3.6,M1,Addressing Security When,The entity shall address all identified security requirements before giving customers access to the entity’s information or assets.,3,"a,b,c","a: The entity shall:
b: make sure that any customer accessing entity information and information systems are compliant with the entity’s information security policy and security requirements
c: monitor any customer access and verify compliance to agreed access control policy",clientname-IS-POL-00-Asset Management Policy 6_passage_15,5.9 Bring Your Own Device (BYOD) Arrangements,"<CLIENT> shall: 
            5.9.1 Provide means to securely access organizational information and information assets via ‘Bring Your Own Device’ (BYOD). 
            5.9.2 Establish and implement information security requirements to secure organizational information and information assets via ‘Bring Your Own Device’ (BYOD) in line with <CLIENT> Bring Your Own Device (BYOD) Policy (<CLIENT>-ORG-IMS-POL-020).",,,,,,
M5.5.1__clientname-IS-POL-00-Asset Management Policy 6_passage_15,retrieval,M5.5.1,M5,Information Systems Audit,The entity shall ensure that audit requirements and activities involving checks on operational systems are carefully planned and agreed to minimize the risk of disruptions to business processes.,5,"a,b,c,d,e","a: The entity shall:
b: assign responsibilities for internal audits of information system controls to an appropriate authority
c: define audit requirements for information system controls
d: outline an audit plan to meet audit requirements for information system controls
e: highlight measures taken to ensure audit activities minimize the risk of disruptions to business processes",clientname-IS-POL-00-Asset Management Policy 6_passage_15,5.9 Bring Your Own Device (BYOD) Arrangements,"<CLIENT> shall: 
            5.9.1 Provide means to securely access organizational information and information assets via ‘Bring Your Own Device’ (BYOD). 
            5.9.2 Establish and implement information security requirements to secure organizational information and information assets via ‘Bring Your Own Device’ (BYOD) in line with <CLIENT> Bring Your Own Device (BYOD) Policy (<CLIENT>-ORG-IMS-POL-020).",,,,,,
M5.5.2__clientname-IS-POL-00-Asset Management Policy 6_passage_15,retrieval,M5.5.2,M5,Protection of Information,The entity shall protect access to information systems audit tools to prevent any possible misuse or compromise.,4,"a,b,c,d","a: The entity shall:
b: identify all information systems audit tools
c: identify the types and classification levels of information stored in information systems audit tools
d: define minimum security requirements for information systems audit tools commensurate to the classification levels of the information held",clientname-IS-POL-00-Asset Management Policy 6_passage_15,5.9 Bring Your Own Device (BYOD) Arrangements,"<CLIENT> shall: 
            5.9.1 Provide means to securely access organizational information and information assets via ‘Bring Your Own Device’ (BYOD). 
            5.9.2 Establish and implement information security requirements to secure organizational information and information assets via ‘Bring Your Own Device’ (BYOD) in line with <CLIENT> Bring Your Own Device (BYOD) Policy (<CLIENT>-ORG-IMS-POL-020).",,,,,,
T1.2.1__clientname-IS-POL-00-Asset Management Policy 6_passage_15,retrieval,T1.2.1,T1,Inventory of Assets,The entity shall maintain an inventory list of all its information assets.,4,"a,b,c,d","a: The entity shall:
b: identify an inventory of information assets within the entity
c: maintain an up-to-date list of assets
d: ensure accuracy and consistency with other inventories",clientname-IS-POL-00-Asset Management Policy 6_passage_15,5.9 Bring Your Own Device (BYOD) Arrangements,"<CLIENT> shall: 
            5.9.1 Provide means to securely access organizational information and information assets via ‘Bring Your Own Device’ (BYOD). 
            5.9.2 Establish and implement information security requirements to secure organizational information and information assets via ‘Bring Your Own Device’ (BYOD) in line with <CLIENT> Bring Your Own Device (BYOD) Policy (<CLIENT>-ORG-IMS-POL-020).",,,,,,
T2.2.3__clientname-IS-POL-00-Asset Management Policy 6_passage_15,retrieval,T2.2.3,T2,"Securing Offices, Rooms","The entity shall design and apply physical security for offices, rooms, and facilities.",3,"a,b,c","a: The entity shall:
b: establish rules to avoid access by the public to key facilities in line with the physical and environmental policy
c: avoid obvious signs that indicates the type of information or activities in the secure areas",clientname-IS-POL-00-Asset Management Policy 6_passage_15,5.9 Bring Your Own Device (BYOD) Arrangements,"<CLIENT> shall: 
            5.9.1 Provide means to securely access organizational information and information assets via ‘Bring Your Own Device’ (BYOD). 
            5.9.2 Establish and implement information security requirements to secure organizational information and information assets via ‘Bring Your Own Device’ (BYOD) in line with <CLIENT> Bring Your Own Device (BYOD) Policy (<CLIENT>-ORG-IMS-POL-020).",,,,,,
T3.5.1__clientname-IS-POL-00-Asset Management Policy 6_passage_15,retrieval,T3.5.1,T3,Information Backup,The entity shall backup copies of its information and software.,5,"a,b,c,d,e","a: The entity shall:
b: establish guidelines for determining what information and software requires backup and how often
c: establish and document clear backup procedures and system capabilities for all applicable backup requirements
d: ensure backed up information and software is routinely tested for reliability
e: ensure IT staff have the skills and qualification to conduct the backup procedures (refer to",clientname-IS-POL-00-Asset Management Policy 6_passage_15,5.9 Bring Your Own Device (BYOD) Arrangements,"<CLIENT> shall: 
            5.9.1 Provide means to securely access organizational information and information assets via ‘Bring Your Own Device’ (BYOD). 
            5.9.2 Establish and implement information security requirements to secure organizational information and information assets via ‘Bring Your Own Device’ (BYOD) in line with <CLIENT> Bring Your Own Device (BYOD) Policy (<CLIENT>-ORG-IMS-POL-020).",,,,,,
T4.2.5__clientname-IS-POL-00-Asset Management Policy 6_passage_15,retrieval,T4.2.5,T4,Business Information,The entity shall develop policies and procedures to protect information transferred across business information systems.,5,"a,b,c,d,e","a: The policies and procedures shall:
b: identify all points of interconnection between business information systems
c: identify the types of information to be protected regarding the identified interconnections
d: identify appropriate security measures to be taken to protect each type of information
e: be documented, maintained, reviewed and updated at planned intervals or if significant changes occur",clientname-IS-POL-00-Asset Management Policy 6_passage_15,5.9 Bring Your Own Device (BYOD) Arrangements,"<CLIENT> shall: 
            5.9.1 Provide means to securely access organizational information and information assets via ‘Bring Your Own Device’ (BYOD). 
            5.9.2 Establish and implement information security requirements to secure organizational information and information assets via ‘Bring Your Own Device’ (BYOD) in line with <CLIENT> Bring Your Own Device (BYOD) Policy (<CLIENT>-ORG-IMS-POL-020).",,,,,,
T7.2.2__clientname-IS-POL-00-Asset Management Policy 6_passage_15,retrieval,T7.2.2,T7,Developer-Provided,"The entity shall require the developer of the information system, system component, or information system service to provide the trainings needed.",2,"a,b","a: The entity shall require the developer to:
b: identify training requirements based on implemented security functions and in line with the Awareness and Training Policy (refer to",clientname-IS-POL-00-Asset Management Policy 6_passage_15,5.9 Bring Your Own Device (BYOD) Arrangements,"<CLIENT> shall: 
            5.9.1 Provide means to securely access organizational information and information assets via ‘Bring Your Own Device’ (BYOD). 
            5.9.2 Establish and implement information security requirements to secure organizational information and information assets via ‘Bring Your Own Device’ (BYOD) in line with <CLIENT> Bring Your Own Device (BYOD) Policy (<CLIENT>-ORG-IMS-POL-020).",,,,,,
T9.3.1__clientname-IS-POL-00-Asset Management Policy 6_passage_15,retrieval,T9.3.1,T9,"Testing, Maintaining and Re-","The entity shall test, maintain and re-assess its information systems continuity plans.",3,"a,b,c","a: The entity shall:
b: periodically test the continuity plan for the information systems following the established procedures to determine the effectiveness of the plan and the organizational readiness to execute the plan
c: establish lessons learned and update the information systems continuity plans to ensure they are always up-to-date",clientname-IS-POL-00-Asset Management Policy 6_passage_15,5.9 Bring Your Own Device (BYOD) Arrangements,"<CLIENT> shall: 
            5.9.1 Provide means to securely access organizational information and information assets via ‘Bring Your Own Device’ (BYOD). 
            5.9.2 Establish and implement information security requirements to secure organizational information and information assets via ‘Bring Your Own Device’ (BYOD) in line with <CLIENT> Bring Your Own Device (BYOD) Policy (<CLIENT>-ORG-IMS-POL-020).",,,,,,
M1.3.1__clientname-IS-POL-00-Asset Management Policy 6_passage_15,neg_sample,M1.3.1,M1,Authorization Process for,The entity shall establish a management authorization process for new information systems.,3,"a,b,c","a: The entity shall:
b: define and implement a management authorization process for new information systems
c: regulate the use of personal information systems for processing business information",clientname-IS-POL-00-Asset Management Policy 6_passage_15,5.9 Bring Your Own Device (BYOD) Arrangements,"<CLIENT> shall: 
            5.9.1 Provide means to securely access organizational information and information assets via ‘Bring Your Own Device’ (BYOD). 
            5.9.2 Establish and implement information security requirements to secure organizational information and information assets via ‘Bring Your Own Device’ (BYOD) in line with <CLIENT> Bring Your Own Device (BYOD) Policy (<CLIENT>-ORG-IMS-POL-020).",,,,,,
M3.3.1__clientname-IS-POL-00-Asset Management Policy 6_passage_15,neg_sample,M3.3.1,M3,Training Needs,The entity shall identify its information security training needs.,4,"a,b,c,d","a: The entity shall:
b: identify the information security skills needed within the entity
c: assess the current information skills in place within the entity
d: identify gaps between required and in place information security skills",clientname-IS-POL-00-Asset Management Policy 6_passage_15,5.9 Bring Your Own Device (BYOD) Arrangements,"<CLIENT> shall: 
            5.9.1 Provide means to securely access organizational information and information assets via ‘Bring Your Own Device’ (BYOD). 
            5.9.2 Establish and implement information security requirements to secure organizational information and information assets via ‘Bring Your Own Device’ (BYOD) in line with <CLIENT> Bring Your Own Device (BYOD) Policy (<CLIENT>-ORG-IMS-POL-020).",,,,,,
T5.7.1__clientname-IS-POL-00-Asset Management Policy 6_passage_15,neg_sample,T5.7.1,T5,Access,for Mobile,2,"a,b","a: The entity shall:
b: establish security measures for usage restrictions, configuration/ connection requirements, and",clientname-IS-POL-00-Asset Management Policy 6_passage_15,5.9 Bring Your Own Device (BYOD) Arrangements,"<CLIENT> shall: 
            5.9.1 Provide means to securely access organizational information and information assets via ‘Bring Your Own Device’ (BYOD). 
            5.9.2 Establish and implement information security requirements to secure organizational information and information assets via ‘Bring Your Own Device’ (BYOD) in line with <CLIENT> Bring Your Own Device (BYOD) Policy (<CLIENT>-ORG-IMS-POL-020).",,,,,,
T1.1.1__clientname-IS-POL-00-Asset Management Policy 6_passage_16,prediction,T1.1.1,T1,Asset Management Policy,The entity shall establish an asset management policy.,9,"a,b,c,d,e,f,g,h,i","a: The asset management policy shall:
b: be appropriate to the complexity of the entity and to the assets managed by the entity
c: include statement of the management commitment, purpose, objective and scope of the policy
d: outline the roles and responsibilities
e: provide the framework for managing the entity’s assets, including assignment of owners
f: provide the framework for managing Bring Your Own Device (BYOD) arrangements
g: be documented and communicated to all users
h: be read and acknowledged formally by all users
i: be maintained, reviewed and updated at planned intervals or if significant changes occur",clientname-IS-POL-00-Asset Management Policy 6_passage_16,6 ROLES AND RESPONSIBILITIES,"Executives & Senior Management shall:
6.1. Make available and support the required resources to drive asset management.
6.2. Where relevant, provide direction to and participate in reviews and oversight of asset management.
6.3. IMS Committee to:
6.4. Review and approve this Policy prepared by, or on behalf of, the CISO.
6.5. Establish process for the assignment of asset ownership and its periodical review.
6.6. Assign an owner with management responsibility for each identified asset across asset lifecycle.
6.7. Establish and document the rules for the acceptable use of assets.
6.8. Support the establishment of the process for information classification.
6.9. Adapt rules to the different roles (management, users, administrators, operators, contractors, etc.).
6.10. Ensure circulation and acceptance of the rules by employees, contractors and third parties.
6.11. Review and accept the findings and recommendations arising from Internal Audit.
Information Security shall:
6.12. Develop or adopt an Asset classification scheme based on information value, legal requirements, sensitivity, and criticality to the organization as per the data protection policy.
6.13. Establish the degree of protection required for each category.
6.14. Establish the rules for the acceptable use of personal assets (e.g., BYOD) that are used on organization's environment.
6.15. Adapt these rules to the different roles (management, users, administrators, operators, contractors, etc.).
6.16. Ensure circulation and acceptance of the BYOD rules by employees, contractors and third parties.
6.17. Ensure information classification is:
6.18. Based on the established levels, and
6.19. Mapped to accountable owners.
6.20. Ensure the possibility to be accessed by automated systems to enforce specific protections based on the classification level.
6.21. Allow for the possibility that the information classification scheme can be accessed by automated systems to enforce specific protections based on the classification level.
6.22. Establish a procedure for labelling of information and its related assets in physical or electronic formats to reflect their attributed classification.
6.23. Apply the appropriate label on information.
6.24. Develop handling procedures for processing, storing and communicating information consistent with its classification and its attached label.
6.25. Safeguard information in accordance with the established procedures.
6.26. Define labelling requirements for physical media carrying sensitive information.
6.27. Define measures to be taken in the event of loss of physical media in transit carrying sensitive information.
Infosec Operations shall:
6.28. Identify an inventory of information assets within organization through an asset register.
6.29. Develop and maintain an up-to-date list of assets and associated asset owners.
6.30. Ensure accuracy and consistency with other inventories.
6.31. Establish procedures for secure disposal of media containing confidential information based on the sensitivity of that information.
6.32. Ensure that media, both paper and digital, are destroyed when no longer serving organization.
6.33. Ensure that records of disposed media (containing or used to contain confidential information) are kept when no longer needed.
6.34. Establish media management procedures along its lifecycle (setup, distribution, utilization and disposal).
Asset Owners shall:
6.35. Ensure an up-to-date information classification is assigned to information and information assets in accordance with changes of their value, sensitivity and criticality through their life cycle.
6.36. Ensure sufficient information regarding physical assets (locations, data centers, networks, systems, storage, etc.) used to store, process or transmit information assets is recorded in the asset Inventory.
6.37. Apply the appropriate label on information.
6.38. Safeguard information in accordance with the established procedures.
6.39. Assign operational responsibilities to a delegate like asset manager/asset custodian as required.

Human Capital shall:
6.40. Ensure that this Policy is read and acknowledged formally by all users.
6.41. Record and retain records of acceptance of the BYOD rules by employees.
6.42. Apply the appropriate label on information.
6.43. Safeguard information in accordance with the established procedures.
6.44. Identify the needed protection levels in accordance with the information classification scheme.
6.45. Establish access procedures to loading and unloading areas to restrict access to only authorized personnel.
6.46. Ensure that each facility's supporting utilities are tested and protected against malfunctions.
6.47. Document supplier's recommendations for the maintenance of equipment and make them available to maintenance personnel.
6.48. Keep maintenance logs for all equipment.
6.49. Establish processes and procedures for decommissioning and commissioning of equipment to ensure protection of sensitive data.

Information Technology shall:
6.50. Identify and enforce required confidentiality and integrity controls necessary to assure compliance with the Information Classification scheme as per the <CLIENT> Data Security Policy (<CLIENT>-ORG-IMS-POL-003).
6.51. If there are availability requirements associated with the Information Classification scheme, ensure that the applicable ICT systems are sufficiently robust to meet these requirements.
6.52. Apply the appropriate label on information.
6.53. Safeguard information in accordance with the established procedures.
6.54. Inhibit the use of removable media in those information systems that do not require it.
6.55. Control users of removable media.

Employees, Line Managers and Third Parties(Contractors, Vendors, etc.) shall:
6.56. Employees and third parties (including contractors, vendors, etc.) who access <CLIENT> premises, information and information assets or use information and communications technology (ICT) systems of the organization are responsible for adhering to this Policy and all its applicable procedures.
6.57. Line manager to:
6.58. Ensure that the Policy is read and acknowledged formally by all personnel directly reporting to him/her.
6.59. Record and retain records of acceptance of the BYOD rules by employees under his/her direct supervision, as well as all contractors and/or third parties managed directly by him/her.
6.60. Apply the appropriate label on information.
6.61. Safeguard information in accordance with the established procedures.
6.62. The following apply to all personnel, irrespective of their role within organization:
6.63. Apply the appropriate label on information.
6.64. Safeguard the information in accordance with the established procedures.
6.65. Destroy media, both paper and digital, when no longer serving organization.
6.66. Keep records for disposed media (containing or used to contain confidential information) when no longer needed.
6.67. Identify physical media carrying sensitive information.
6.68. Ensure physical media in transit carrying sensitive information is tracked sufficiently in accordance with the sensitivity of the information it contains.
6.69. Keep a log of all transitions consistent with this Policy.
Legal shall:
6.70. Identify all relevant and applicable laws and regulations to <CLIENT> and communicate to the respective parties.
6.71. Define standard legal clauses and terms for the contract/agreement to be signed with external parties, employment contracts, confidentiality and Non-Disclosure Agreements (NDAs).
6.72. Liaise with IS Team to define and review Information Security clauses in third-party contracts/agreements, employment contracts, confidentiality and Non-Disclosure Agreements (NDAs).
6.73. Review third-party vendor, clients and partner contracts and involve IS Team for review of clauses concerning Information Security responsibilities.",,,,,,
T1.2.2__clientname-IS-POL-00-Asset Management Policy 6_passage_16,prediction,T1.2.2,T1,Unknown,,0,,(no sub-controls — judge on description),clientname-IS-POL-00-Asset Management Policy 6_passage_16,6 ROLES AND RESPONSIBILITIES,"Executives & Senior Management shall:
6.1. Make available and support the required resources to drive asset management.
6.2. Where relevant, provide direction to and participate in reviews and oversight of asset management.
6.3. IMS Committee to:
6.4. Review and approve this Policy prepared by, or on behalf of, the CISO.
6.5. Establish process for the assignment of asset ownership and its periodical review.
6.6. Assign an owner with management responsibility for each identified asset across asset lifecycle.
6.7. Establish and document the rules for the acceptable use of assets.
6.8. Support the establishment of the process for information classification.
6.9. Adapt rules to the different roles (management, users, administrators, operators, contractors, etc.).
6.10. Ensure circulation and acceptance of the rules by employees, contractors and third parties.
6.11. Review and accept the findings and recommendations arising from Internal Audit.
Information Security shall:
6.12. Develop or adopt an Asset classification scheme based on information value, legal requirements, sensitivity, and criticality to the organization as per the data protection policy.
6.13. Establish the degree of protection required for each category.
6.14. Establish the rules for the acceptable use of personal assets (e.g., BYOD) that are used on organization's environment.
6.15. Adapt these rules to the different roles (management, users, administrators, operators, contractors, etc.).
6.16. Ensure circulation and acceptance of the BYOD rules by employees, contractors and third parties.
6.17. Ensure information classification is:
6.18. Based on the established levels, and
6.19. Mapped to accountable owners.
6.20. Ensure the possibility to be accessed by automated systems to enforce specific protections based on the classification level.
6.21. Allow for the possibility that the information classification scheme can be accessed by automated systems to enforce specific protections based on the classification level.
6.22. Establish a procedure for labelling of information and its related assets in physical or electronic formats to reflect their attributed classification.
6.23. Apply the appropriate label on information.
6.24. Develop handling procedures for processing, storing and communicating information consistent with its classification and its attached label.
6.25. Safeguard information in accordance with the established procedures.
6.26. Define labelling requirements for physical media carrying sensitive information.
6.27. Define measures to be taken in the event of loss of physical media in transit carrying sensitive information.
Infosec Operations shall:
6.28. Identify an inventory of information assets within organization through an asset register.
6.29. Develop and maintain an up-to-date list of assets and associated asset owners.
6.30. Ensure accuracy and consistency with other inventories.
6.31. Establish procedures for secure disposal of media containing confidential information based on the sensitivity of that information.
6.32. Ensure that media, both paper and digital, are destroyed when no longer serving organization.
6.33. Ensure that records of disposed media (containing or used to contain confidential information) are kept when no longer needed.
6.34. Establish media management procedures along its lifecycle (setup, distribution, utilization and disposal).
Asset Owners shall:
6.35. Ensure an up-to-date information classification is assigned to information and information assets in accordance with changes of their value, sensitivity and criticality through their life cycle.
6.36. Ensure sufficient information regarding physical assets (locations, data centers, networks, systems, storage, etc.) used to store, process or transmit information assets is recorded in the asset Inventory.
6.37. Apply the appropriate label on information.
6.38. Safeguard information in accordance with the established procedures.
6.39. Assign operational responsibilities to a delegate like asset manager/asset custodian as required.

Human Capital shall:
6.40. Ensure that this Policy is read and acknowledged formally by all users.
6.41. Record and retain records of acceptance of the BYOD rules by employees.
6.42. Apply the appropriate label on information.
6.43. Safeguard information in accordance with the established procedures.
6.44. Identify the needed protection levels in accordance with the information classification scheme.
6.45. Establish access procedures to loading and unloading areas to restrict access to only authorized personnel.
6.46. Ensure that each facility's supporting utilities are tested and protected against malfunctions.
6.47. Document supplier's recommendations for the maintenance of equipment and make them available to maintenance personnel.
6.48. Keep maintenance logs for all equipment.
6.49. Establish processes and procedures for decommissioning and commissioning of equipment to ensure protection of sensitive data.

Information Technology shall:
6.50. Identify and enforce required confidentiality and integrity controls necessary to assure compliance with the Information Classification scheme as per the <CLIENT> Data Security Policy (<CLIENT>-ORG-IMS-POL-003).
6.51. If there are availability requirements associated with the Information Classification scheme, ensure that the applicable ICT systems are sufficiently robust to meet these requirements.
6.52. Apply the appropriate label on information.
6.53. Safeguard information in accordance with the established procedures.
6.54. Inhibit the use of removable media in those information systems that do not require it.
6.55. Control users of removable media.

Employees, Line Managers and Third Parties(Contractors, Vendors, etc.) shall:
6.56. Employees and third parties (including contractors, vendors, etc.) who access <CLIENT> premises, information and information assets or use information and communications technology (ICT) systems of the organization are responsible for adhering to this Policy and all its applicable procedures.
6.57. Line manager to:
6.58. Ensure that the Policy is read and acknowledged formally by all personnel directly reporting to him/her.
6.59. Record and retain records of acceptance of the BYOD rules by employees under his/her direct supervision, as well as all contractors and/or third parties managed directly by him/her.
6.60. Apply the appropriate label on information.
6.61. Safeguard information in accordance with the established procedures.
6.62. The following apply to all personnel, irrespective of their role within organization:
6.63. Apply the appropriate label on information.
6.64. Safeguard the information in accordance with the established procedures.
6.65. Destroy media, both paper and digital, when no longer serving organization.
6.66. Keep records for disposed media (containing or used to contain confidential information) when no longer needed.
6.67. Identify physical media carrying sensitive information.
6.68. Ensure physical media in transit carrying sensitive information is tracked sufficiently in accordance with the sensitivity of the information it contains.
6.69. Keep a log of all transitions consistent with this Policy.
Legal shall:
6.70. Identify all relevant and applicable laws and regulations to <CLIENT> and communicate to the respective parties.
6.71. Define standard legal clauses and terms for the contract/agreement to be signed with external parties, employment contracts, confidentiality and Non-Disclosure Agreements (NDAs).
6.72. Liaise with IS Team to define and review Information Security clauses in third-party contracts/agreements, employment contracts, confidentiality and Non-Disclosure Agreements (NDAs).
6.73. Review third-party vendor, clients and partner contracts and involve IS Team for review of clauses concerning Information Security responsibilities.",,,,,,
T1.2.4__clientname-IS-POL-00-Asset Management Policy 6_passage_16,retrieval,T1.2.4,T1,Acceptable Bring Your Own,The entity shall develop rules for the acceptable use of information assets associated with BYOD arrangements.,5,"a,b,c,d,e","a: The entity shall:
b: establish the rules for the acceptable use of personal assets that are used on the entity’s environment
c: adapt rules to the different roles (management, users, administrators, operators, contractors, etc.)
d: ensure circulation and acceptance of the rules by employees, contractors and third parties
e: measure compliance with these rules",clientname-IS-POL-00-Asset Management Policy 6_passage_16,6 ROLES AND RESPONSIBILITIES,"Executives & Senior Management shall:
6.1. Make available and support the required resources to drive asset management.
6.2. Where relevant, provide direction to and participate in reviews and oversight of asset management.
6.3. IMS Committee to:
6.4. Review and approve this Policy prepared by, or on behalf of, the CISO.
6.5. Establish process for the assignment of asset ownership and its periodical review.
6.6. Assign an owner with management responsibility for each identified asset across asset lifecycle.
6.7. Establish and document the rules for the acceptable use of assets.
6.8. Support the establishment of the process for information classification.
6.9. Adapt rules to the different roles (management, users, administrators, operators, contractors, etc.).
6.10. Ensure circulation and acceptance of the rules by employees, contractors and third parties.
6.11. Review and accept the findings and recommendations arising from Internal Audit.
Information Security shall:
6.12. Develop or adopt an Asset classification scheme based on information value, legal requirements, sensitivity, and criticality to the organization as per the data protection policy.
6.13. Establish the degree of protection required for each category.
6.14. Establish the rules for the acceptable use of personal assets (e.g., BYOD) that are used on organization's environment.
6.15. Adapt these rules to the different roles (management, users, administrators, operators, contractors, etc.).
6.16. Ensure circulation and acceptance of the BYOD rules by employees, contractors and third parties.
6.17. Ensure information classification is:
6.18. Based on the established levels, and
6.19. Mapped to accountable owners.
6.20. Ensure the possibility to be accessed by automated systems to enforce specific protections based on the classification level.
6.21. Allow for the possibility that the information classification scheme can be accessed by automated systems to enforce specific protections based on the classification level.
6.22. Establish a procedure for labelling of information and its related assets in physical or electronic formats to reflect their attributed classification.
6.23. Apply the appropriate label on information.
6.24. Develop handling procedures for processing, storing and communicating information consistent with its classification and its attached label.
6.25. Safeguard information in accordance with the established procedures.
6.26. Define labelling requirements for physical media carrying sensitive information.
6.27. Define measures to be taken in the event of loss of physical media in transit carrying sensitive information.
Infosec Operations shall:
6.28. Identify an inventory of information assets within organization through an asset register.
6.29. Develop and maintain an up-to-date list of assets and associated asset owners.
6.30. Ensure accuracy and consistency with other inventories.
6.31. Establish procedures for secure disposal of media containing confidential information based on the sensitivity of that information.
6.32. Ensure that media, both paper and digital, are destroyed when no longer serving organization.
6.33. Ensure that records of disposed media (containing or used to contain confidential information) are kept when no longer needed.
6.34. Establish media management procedures along its lifecycle (setup, distribution, utilization and disposal).
Asset Owners shall:
6.35. Ensure an up-to-date information classification is assigned to information and information assets in accordance with changes of their value, sensitivity and criticality through their life cycle.
6.36. Ensure sufficient information regarding physical assets (locations, data centers, networks, systems, storage, etc.) used to store, process or transmit information assets is recorded in the asset Inventory.
6.37. Apply the appropriate label on information.
6.38. Safeguard information in accordance with the established procedures.
6.39. Assign operational responsibilities to a delegate like asset manager/asset custodian as required.

Human Capital shall:
6.40. Ensure that this Policy is read and acknowledged formally by all users.
6.41. Record and retain records of acceptance of the BYOD rules by employees.
6.42. Apply the appropriate label on information.
6.43. Safeguard information in accordance with the established procedures.
6.44. Identify the needed protection levels in accordance with the information classification scheme.
6.45. Establish access procedures to loading and unloading areas to restrict access to only authorized personnel.
6.46. Ensure that each facility's supporting utilities are tested and protected against malfunctions.
6.47. Document supplier's recommendations for the maintenance of equipment and make them available to maintenance personnel.
6.48. Keep maintenance logs for all equipment.
6.49. Establish processes and procedures for decommissioning and commissioning of equipment to ensure protection of sensitive data.

Information Technology shall:
6.50. Identify and enforce required confidentiality and integrity controls necessary to assure compliance with the Information Classification scheme as per the <CLIENT> Data Security Policy (<CLIENT>-ORG-IMS-POL-003).
6.51. If there are availability requirements associated with the Information Classification scheme, ensure that the applicable ICT systems are sufficiently robust to meet these requirements.
6.52. Apply the appropriate label on information.
6.53. Safeguard information in accordance with the established procedures.
6.54. Inhibit the use of removable media in those information systems that do not require it.
6.55. Control users of removable media.

Employees, Line Managers and Third Parties(Contractors, Vendors, etc.) shall:
6.56. Employees and third parties (including contractors, vendors, etc.) who access <CLIENT> premises, information and information assets or use information and communications technology (ICT) systems of the organization are responsible for adhering to this Policy and all its applicable procedures.
6.57. Line manager to:
6.58. Ensure that the Policy is read and acknowledged formally by all personnel directly reporting to him/her.
6.59. Record and retain records of acceptance of the BYOD rules by employees under his/her direct supervision, as well as all contractors and/or third parties managed directly by him/her.
6.60. Apply the appropriate label on information.
6.61. Safeguard information in accordance with the established procedures.
6.62. The following apply to all personnel, irrespective of their role within organization:
6.63. Apply the appropriate label on information.
6.64. Safeguard the information in accordance with the established procedures.
6.65. Destroy media, both paper and digital, when no longer serving organization.
6.66. Keep records for disposed media (containing or used to contain confidential information) when no longer needed.
6.67. Identify physical media carrying sensitive information.
6.68. Ensure physical media in transit carrying sensitive information is tracked sufficiently in accordance with the sensitivity of the information it contains.
6.69. Keep a log of all transitions consistent with this Policy.
Legal shall:
6.70. Identify all relevant and applicable laws and regulations to <CLIENT> and communicate to the respective parties.
6.71. Define standard legal clauses and terms for the contract/agreement to be signed with external parties, employment contracts, confidentiality and Non-Disclosure Agreements (NDAs).
6.72. Liaise with IS Team to define and review Information Security clauses in third-party contracts/agreements, employment contracts, confidentiality and Non-Disclosure Agreements (NDAs).
6.73. Review third-party vendor, clients and partner contracts and involve IS Team for review of clauses concerning Information Security responsibilities.",,,,,,
T1.3.2__clientname-IS-POL-00-Asset Management Policy 6_passage_16,retrieval,T1.3.2,T1,Labeling of Information,The entity shall label information in accordance with the classification scheme adopted by the entity.,3,"a,b,c","a: The entity shall:
b: establish a procedure for labeling of information and its related assets in physical or electronic formats to reflect their attributed classification
c: apply the appropriate label on information",clientname-IS-POL-00-Asset Management Policy 6_passage_16,6 ROLES AND RESPONSIBILITIES,"Executives & Senior Management shall:
6.1. Make available and support the required resources to drive asset management.
6.2. Where relevant, provide direction to and participate in reviews and oversight of asset management.
6.3. IMS Committee to:
6.4. Review and approve this Policy prepared by, or on behalf of, the CISO.
6.5. Establish process for the assignment of asset ownership and its periodical review.
6.6. Assign an owner with management responsibility for each identified asset across asset lifecycle.
6.7. Establish and document the rules for the acceptable use of assets.
6.8. Support the establishment of the process for information classification.
6.9. Adapt rules to the different roles (management, users, administrators, operators, contractors, etc.).
6.10. Ensure circulation and acceptance of the rules by employees, contractors and third parties.
6.11. Review and accept the findings and recommendations arising from Internal Audit.
Information Security shall:
6.12. Develop or adopt an Asset classification scheme based on information value, legal requirements, sensitivity, and criticality to the organization as per the data protection policy.
6.13. Establish the degree of protection required for each category.
6.14. Establish the rules for the acceptable use of personal assets (e.g., BYOD) that are used on organization's environment.
6.15. Adapt these rules to the different roles (management, users, administrators, operators, contractors, etc.).
6.16. Ensure circulation and acceptance of the BYOD rules by employees, contractors and third parties.
6.17. Ensure information classification is:
6.18. Based on the established levels, and
6.19. Mapped to accountable owners.
6.20. Ensure the possibility to be accessed by automated systems to enforce specific protections based on the classification level.
6.21. Allow for the possibility that the information classification scheme can be accessed by automated systems to enforce specific protections based on the classification level.
6.22. Establish a procedure for labelling of information and its related assets in physical or electronic formats to reflect their attributed classification.
6.23. Apply the appropriate label on information.
6.24. Develop handling procedures for processing, storing and communicating information consistent with its classification and its attached label.
6.25. Safeguard information in accordance with the established procedures.
6.26. Define labelling requirements for physical media carrying sensitive information.
6.27. Define measures to be taken in the event of loss of physical media in transit carrying sensitive information.
Infosec Operations shall:
6.28. Identify an inventory of information assets within organization through an asset register.
6.29. Develop and maintain an up-to-date list of assets and associated asset owners.
6.30. Ensure accuracy and consistency with other inventories.
6.31. Establish procedures for secure disposal of media containing confidential information based on the sensitivity of that information.
6.32. Ensure that media, both paper and digital, are destroyed when no longer serving organization.
6.33. Ensure that records of disposed media (containing or used to contain confidential information) are kept when no longer needed.
6.34. Establish media management procedures along its lifecycle (setup, distribution, utilization and disposal).
Asset Owners shall:
6.35. Ensure an up-to-date information classification is assigned to information and information assets in accordance with changes of their value, sensitivity and criticality through their life cycle.
6.36. Ensure sufficient information regarding physical assets (locations, data centers, networks, systems, storage, etc.) used to store, process or transmit information assets is recorded in the asset Inventory.
6.37. Apply the appropriate label on information.
6.38. Safeguard information in accordance with the established procedures.
6.39. Assign operational responsibilities to a delegate like asset manager/asset custodian as required.

Human Capital shall:
6.40. Ensure that this Policy is read and acknowledged formally by all users.
6.41. Record and retain records of acceptance of the BYOD rules by employees.
6.42. Apply the appropriate label on information.
6.43. Safeguard information in accordance with the established procedures.
6.44. Identify the needed protection levels in accordance with the information classification scheme.
6.45. Establish access procedures to loading and unloading areas to restrict access to only authorized personnel.
6.46. Ensure that each facility's supporting utilities are tested and protected against malfunctions.
6.47. Document supplier's recommendations for the maintenance of equipment and make them available to maintenance personnel.
6.48. Keep maintenance logs for all equipment.
6.49. Establish processes and procedures for decommissioning and commissioning of equipment to ensure protection of sensitive data.

Information Technology shall:
6.50. Identify and enforce required confidentiality and integrity controls necessary to assure compliance with the Information Classification scheme as per the <CLIENT> Data Security Policy (<CLIENT>-ORG-IMS-POL-003).
6.51. If there are availability requirements associated with the Information Classification scheme, ensure that the applicable ICT systems are sufficiently robust to meet these requirements.
6.52. Apply the appropriate label on information.
6.53. Safeguard information in accordance with the established procedures.
6.54. Inhibit the use of removable media in those information systems that do not require it.
6.55. Control users of removable media.

Employees, Line Managers and Third Parties(Contractors, Vendors, etc.) shall:
6.56. Employees and third parties (including contractors, vendors, etc.) who access <CLIENT> premises, information and information assets or use information and communications technology (ICT) systems of the organization are responsible for adhering to this Policy and all its applicable procedures.
6.57. Line manager to:
6.58. Ensure that the Policy is read and acknowledged formally by all personnel directly reporting to him/her.
6.59. Record and retain records of acceptance of the BYOD rules by employees under his/her direct supervision, as well as all contractors and/or third parties managed directly by him/her.
6.60. Apply the appropriate label on information.
6.61. Safeguard information in accordance with the established procedures.
6.62. The following apply to all personnel, irrespective of their role within organization:
6.63. Apply the appropriate label on information.
6.64. Safeguard the information in accordance with the established procedures.
6.65. Destroy media, both paper and digital, when no longer serving organization.
6.66. Keep records for disposed media (containing or used to contain confidential information) when no longer needed.
6.67. Identify physical media carrying sensitive information.
6.68. Ensure physical media in transit carrying sensitive information is tracked sufficiently in accordance with the sensitivity of the information it contains.
6.69. Keep a log of all transitions consistent with this Policy.
Legal shall:
6.70. Identify all relevant and applicable laws and regulations to <CLIENT> and communicate to the respective parties.
6.71. Define standard legal clauses and terms for the contract/agreement to be signed with external parties, employment contracts, confidentiality and Non-Disclosure Agreements (NDAs).
6.72. Liaise with IS Team to define and review Information Security clauses in third-party contracts/agreements, employment contracts, confidentiality and Non-Disclosure Agreements (NDAs).
6.73. Review third-party vendor, clients and partner contracts and involve IS Team for review of clauses concerning Information Security responsibilities.",,,,,,
T1.3.3__clientname-IS-POL-00-Asset Management Policy 6_passage_16,retrieval,T1.3.3,T1,Handling of Information,The entity shall handle assets in accordance with the information classification scheme adopted by the entity.,3,"a,b,c","a: The entity shall:
b: develop handling procedures for processing, storing and communicating information consistent with its classification and its attached label
c: safeguard the information in accordance with the established procedures",clientname-IS-POL-00-Asset Management Policy 6_passage_16,6 ROLES AND RESPONSIBILITIES,"Executives & Senior Management shall:
6.1. Make available and support the required resources to drive asset management.
6.2. Where relevant, provide direction to and participate in reviews and oversight of asset management.
6.3. IMS Committee to:
6.4. Review and approve this Policy prepared by, or on behalf of, the CISO.
6.5. Establish process for the assignment of asset ownership and its periodical review.
6.6. Assign an owner with management responsibility for each identified asset across asset lifecycle.
6.7. Establish and document the rules for the acceptable use of assets.
6.8. Support the establishment of the process for information classification.
6.9. Adapt rules to the different roles (management, users, administrators, operators, contractors, etc.).
6.10. Ensure circulation and acceptance of the rules by employees, contractors and third parties.
6.11. Review and accept the findings and recommendations arising from Internal Audit.
Information Security shall:
6.12. Develop or adopt an Asset classification scheme based on information value, legal requirements, sensitivity, and criticality to the organization as per the data protection policy.
6.13. Establish the degree of protection required for each category.
6.14. Establish the rules for the acceptable use of personal assets (e.g., BYOD) that are used on organization's environment.
6.15. Adapt these rules to the different roles (management, users, administrators, operators, contractors, etc.).
6.16. Ensure circulation and acceptance of the BYOD rules by employees, contractors and third parties.
6.17. Ensure information classification is:
6.18. Based on the established levels, and
6.19. Mapped to accountable owners.
6.20. Ensure the possibility to be accessed by automated systems to enforce specific protections based on the classification level.
6.21. Allow for the possibility that the information classification scheme can be accessed by automated systems to enforce specific protections based on the classification level.
6.22. Establish a procedure for labelling of information and its related assets in physical or electronic formats to reflect their attributed classification.
6.23. Apply the appropriate label on information.
6.24. Develop handling procedures for processing, storing and communicating information consistent with its classification and its attached label.
6.25. Safeguard information in accordance with the established procedures.
6.26. Define labelling requirements for physical media carrying sensitive information.
6.27. Define measures to be taken in the event of loss of physical media in transit carrying sensitive information.
Infosec Operations shall:
6.28. Identify an inventory of information assets within organization through an asset register.
6.29. Develop and maintain an up-to-date list of assets and associated asset owners.
6.30. Ensure accuracy and consistency with other inventories.
6.31. Establish procedures for secure disposal of media containing confidential information based on the sensitivity of that information.
6.32. Ensure that media, both paper and digital, are destroyed when no longer serving organization.
6.33. Ensure that records of disposed media (containing or used to contain confidential information) are kept when no longer needed.
6.34. Establish media management procedures along its lifecycle (setup, distribution, utilization and disposal).
Asset Owners shall:
6.35. Ensure an up-to-date information classification is assigned to information and information assets in accordance with changes of their value, sensitivity and criticality through their life cycle.
6.36. Ensure sufficient information regarding physical assets (locations, data centers, networks, systems, storage, etc.) used to store, process or transmit information assets is recorded in the asset Inventory.
6.37. Apply the appropriate label on information.
6.38. Safeguard information in accordance with the established procedures.
6.39. Assign operational responsibilities to a delegate like asset manager/asset custodian as required.

Human Capital shall:
6.40. Ensure that this Policy is read and acknowledged formally by all users.
6.41. Record and retain records of acceptance of the BYOD rules by employees.
6.42. Apply the appropriate label on information.
6.43. Safeguard information in accordance with the established procedures.
6.44. Identify the needed protection levels in accordance with the information classification scheme.
6.45. Establish access procedures to loading and unloading areas to restrict access to only authorized personnel.
6.46. Ensure that each facility's supporting utilities are tested and protected against malfunctions.
6.47. Document supplier's recommendations for the maintenance of equipment and make them available to maintenance personnel.
6.48. Keep maintenance logs for all equipment.
6.49. Establish processes and procedures for decommissioning and commissioning of equipment to ensure protection of sensitive data.

Information Technology shall:
6.50. Identify and enforce required confidentiality and integrity controls necessary to assure compliance with the Information Classification scheme as per the <CLIENT> Data Security Policy (<CLIENT>-ORG-IMS-POL-003).
6.51. If there are availability requirements associated with the Information Classification scheme, ensure that the applicable ICT systems are sufficiently robust to meet these requirements.
6.52. Apply the appropriate label on information.
6.53. Safeguard information in accordance with the established procedures.
6.54. Inhibit the use of removable media in those information systems that do not require it.
6.55. Control users of removable media.

Employees, Line Managers and Third Parties(Contractors, Vendors, etc.) shall:
6.56. Employees and third parties (including contractors, vendors, etc.) who access <CLIENT> premises, information and information assets or use information and communications technology (ICT) systems of the organization are responsible for adhering to this Policy and all its applicable procedures.
6.57. Line manager to:
6.58. Ensure that the Policy is read and acknowledged formally by all personnel directly reporting to him/her.
6.59. Record and retain records of acceptance of the BYOD rules by employees under his/her direct supervision, as well as all contractors and/or third parties managed directly by him/her.
6.60. Apply the appropriate label on information.
6.61. Safeguard information in accordance with the established procedures.
6.62. The following apply to all personnel, irrespective of their role within organization:
6.63. Apply the appropriate label on information.
6.64. Safeguard the information in accordance with the established procedures.
6.65. Destroy media, both paper and digital, when no longer serving organization.
6.66. Keep records for disposed media (containing or used to contain confidential information) when no longer needed.
6.67. Identify physical media carrying sensitive information.
6.68. Ensure physical media in transit carrying sensitive information is tracked sufficiently in accordance with the sensitivity of the information it contains.
6.69. Keep a log of all transitions consistent with this Policy.
Legal shall:
6.70. Identify all relevant and applicable laws and regulations to <CLIENT> and communicate to the respective parties.
6.71. Define standard legal clauses and terms for the contract/agreement to be signed with external parties, employment contracts, confidentiality and Non-Disclosure Agreements (NDAs).
6.72. Liaise with IS Team to define and review Information Security clauses in third-party contracts/agreements, employment contracts, confidentiality and Non-Disclosure Agreements (NDAs).
6.73. Review third-party vendor, clients and partner contracts and involve IS Team for review of clauses concerning Information Security responsibilities.",,,,,,
T1.4.2__clientname-IS-POL-00-Asset Management Policy 6_passage_16,retrieval,T1.4.2,T1,Disposal of Media,The entity shall dispose media when no longer needed.,5,"a,b,c,d,e","a: The entity shall:
b: establish procedures for secure disposal of media containing confidential information based on the sensitivity of that information
c: destroy media, both paper and digital, when no longer serving the entity
d: keep records for disposed media (containing or used to contain confidential informatio
e: when no longer needed",clientname-IS-POL-00-Asset Management Policy 6_passage_16,6 ROLES AND RESPONSIBILITIES,"Executives & Senior Management shall:
6.1. Make available and support the required resources to drive asset management.
6.2. Where relevant, provide direction to and participate in reviews and oversight of asset management.
6.3. IMS Committee to:
6.4. Review and approve this Policy prepared by, or on behalf of, the CISO.
6.5. Establish process for the assignment of asset ownership and its periodical review.
6.6. Assign an owner with management responsibility for each identified asset across asset lifecycle.
6.7. Establish and document the rules for the acceptable use of assets.
6.8. Support the establishment of the process for information classification.
6.9. Adapt rules to the different roles (management, users, administrators, operators, contractors, etc.).
6.10. Ensure circulation and acceptance of the rules by employees, contractors and third parties.
6.11. Review and accept the findings and recommendations arising from Internal Audit.
Information Security shall:
6.12. Develop or adopt an Asset classification scheme based on information value, legal requirements, sensitivity, and criticality to the organization as per the data protection policy.
6.13. Establish the degree of protection required for each category.
6.14. Establish the rules for the acceptable use of personal assets (e.g., BYOD) that are used on organization's environment.
6.15. Adapt these rules to the different roles (management, users, administrators, operators, contractors, etc.).
6.16. Ensure circulation and acceptance of the BYOD rules by employees, contractors and third parties.
6.17. Ensure information classification is:
6.18. Based on the established levels, and
6.19. Mapped to accountable owners.
6.20. Ensure the possibility to be accessed by automated systems to enforce specific protections based on the classification level.
6.21. Allow for the possibility that the information classification scheme can be accessed by automated systems to enforce specific protections based on the classification level.
6.22. Establish a procedure for labelling of information and its related assets in physical or electronic formats to reflect their attributed classification.
6.23. Apply the appropriate label on information.
6.24. Develop handling procedures for processing, storing and communicating information consistent with its classification and its attached label.
6.25. Safeguard information in accordance with the established procedures.
6.26. Define labelling requirements for physical media carrying sensitive information.
6.27. Define measures to be taken in the event of loss of physical media in transit carrying sensitive information.
Infosec Operations shall:
6.28. Identify an inventory of information assets within organization through an asset register.
6.29. Develop and maintain an up-to-date list of assets and associated asset owners.
6.30. Ensure accuracy and consistency with other inventories.
6.31. Establish procedures for secure disposal of media containing confidential information based on the sensitivity of that information.
6.32. Ensure that media, both paper and digital, are destroyed when no longer serving organization.
6.33. Ensure that records of disposed media (containing or used to contain confidential information) are kept when no longer needed.
6.34. Establish media management procedures along its lifecycle (setup, distribution, utilization and disposal).
Asset Owners shall:
6.35. Ensure an up-to-date information classification is assigned to information and information assets in accordance with changes of their value, sensitivity and criticality through their life cycle.
6.36. Ensure sufficient information regarding physical assets (locations, data centers, networks, systems, storage, etc.) used to store, process or transmit information assets is recorded in the asset Inventory.
6.37. Apply the appropriate label on information.
6.38. Safeguard information in accordance with the established procedures.
6.39. Assign operational responsibilities to a delegate like asset manager/asset custodian as required.

Human Capital shall:
6.40. Ensure that this Policy is read and acknowledged formally by all users.
6.41. Record and retain records of acceptance of the BYOD rules by employees.
6.42. Apply the appropriate label on information.
6.43. Safeguard information in accordance with the established procedures.
6.44. Identify the needed protection levels in accordance with the information classification scheme.
6.45. Establish access procedures to loading and unloading areas to restrict access to only authorized personnel.
6.46. Ensure that each facility's supporting utilities are tested and protected against malfunctions.
6.47. Document supplier's recommendations for the maintenance of equipment and make them available to maintenance personnel.
6.48. Keep maintenance logs for all equipment.
6.49. Establish processes and procedures for decommissioning and commissioning of equipment to ensure protection of sensitive data.

Information Technology shall:
6.50. Identify and enforce required confidentiality and integrity controls necessary to assure compliance with the Information Classification scheme as per the <CLIENT> Data Security Policy (<CLIENT>-ORG-IMS-POL-003).
6.51. If there are availability requirements associated with the Information Classification scheme, ensure that the applicable ICT systems are sufficiently robust to meet these requirements.
6.52. Apply the appropriate label on information.
6.53. Safeguard information in accordance with the established procedures.
6.54. Inhibit the use of removable media in those information systems that do not require it.
6.55. Control users of removable media.

Employees, Line Managers and Third Parties(Contractors, Vendors, etc.) shall:
6.56. Employees and third parties (including contractors, vendors, etc.) who access <CLIENT> premises, information and information assets or use information and communications technology (ICT) systems of the organization are responsible for adhering to this Policy and all its applicable procedures.
6.57. Line manager to:
6.58. Ensure that the Policy is read and acknowledged formally by all personnel directly reporting to him/her.
6.59. Record and retain records of acceptance of the BYOD rules by employees under his/her direct supervision, as well as all contractors and/or third parties managed directly by him/her.
6.60. Apply the appropriate label on information.
6.61. Safeguard information in accordance with the established procedures.
6.62. The following apply to all personnel, irrespective of their role within organization:
6.63. Apply the appropriate label on information.
6.64. Safeguard the information in accordance with the established procedures.
6.65. Destroy media, both paper and digital, when no longer serving organization.
6.66. Keep records for disposed media (containing or used to contain confidential information) when no longer needed.
6.67. Identify physical media carrying sensitive information.
6.68. Ensure physical media in transit carrying sensitive information is tracked sufficiently in accordance with the sensitivity of the information it contains.
6.69. Keep a log of all transitions consistent with this Policy.
Legal shall:
6.70. Identify all relevant and applicable laws and regulations to <CLIENT> and communicate to the respective parties.
6.71. Define standard legal clauses and terms for the contract/agreement to be signed with external parties, employment contracts, confidentiality and Non-Disclosure Agreements (NDAs).
6.72. Liaise with IS Team to define and review Information Security clauses in third-party contracts/agreements, employment contracts, confidentiality and Non-Disclosure Agreements (NDAs).
6.73. Review third-party vendor, clients and partner contracts and involve IS Team for review of clauses concerning Information Security responsibilities.",,,,,,
T2.3.6__clientname-IS-POL-00-Asset Management Policy 6_passage_16,retrieval,T2.3.6,T2,Secure Disposal or Re-Use,The entity shall ensure that any sensitive data and licensed software has been removed or securely overwritten prior to disposal.,3,"a,b,c","a: The entity shall:
b: establish procedures for secure disposal or re-use of equipment based on the sensitivity of stored information
c: keep record of disposed equipment when no longer needed",clientname-IS-POL-00-Asset Management Policy 6_passage_16,6 ROLES AND RESPONSIBILITIES,"Executives & Senior Management shall:
6.1. Make available and support the required resources to drive asset management.
6.2. Where relevant, provide direction to and participate in reviews and oversight of asset management.
6.3. IMS Committee to:
6.4. Review and approve this Policy prepared by, or on behalf of, the CISO.
6.5. Establish process for the assignment of asset ownership and its periodical review.
6.6. Assign an owner with management responsibility for each identified asset across asset lifecycle.
6.7. Establish and document the rules for the acceptable use of assets.
6.8. Support the establishment of the process for information classification.
6.9. Adapt rules to the different roles (management, users, administrators, operators, contractors, etc.).
6.10. Ensure circulation and acceptance of the rules by employees, contractors and third parties.
6.11. Review and accept the findings and recommendations arising from Internal Audit.
Information Security shall:
6.12. Develop or adopt an Asset classification scheme based on information value, legal requirements, sensitivity, and criticality to the organization as per the data protection policy.
6.13. Establish the degree of protection required for each category.
6.14. Establish the rules for the acceptable use of personal assets (e.g., BYOD) that are used on organization's environment.
6.15. Adapt these rules to the different roles (management, users, administrators, operators, contractors, etc.).
6.16. Ensure circulation and acceptance of the BYOD rules by employees, contractors and third parties.
6.17. Ensure information classification is:
6.18. Based on the established levels, and
6.19. Mapped to accountable owners.
6.20. Ensure the possibility to be accessed by automated systems to enforce specific protections based on the classification level.
6.21. Allow for the possibility that the information classification scheme can be accessed by automated systems to enforce specific protections based on the classification level.
6.22. Establish a procedure for labelling of information and its related assets in physical or electronic formats to reflect their attributed classification.
6.23. Apply the appropriate label on information.
6.24. Develop handling procedures for processing, storing and communicating information consistent with its classification and its attached label.
6.25. Safeguard information in accordance with the established procedures.
6.26. Define labelling requirements for physical media carrying sensitive information.
6.27. Define measures to be taken in the event of loss of physical media in transit carrying sensitive information.
Infosec Operations shall:
6.28. Identify an inventory of information assets within organization through an asset register.
6.29. Develop and maintain an up-to-date list of assets and associated asset owners.
6.30. Ensure accuracy and consistency with other inventories.
6.31. Establish procedures for secure disposal of media containing confidential information based on the sensitivity of that information.
6.32. Ensure that media, both paper and digital, are destroyed when no longer serving organization.
6.33. Ensure that records of disposed media (containing or used to contain confidential information) are kept when no longer needed.
6.34. Establish media management procedures along its lifecycle (setup, distribution, utilization and disposal).
Asset Owners shall:
6.35. Ensure an up-to-date information classification is assigned to information and information assets in accordance with changes of their value, sensitivity and criticality through their life cycle.
6.36. Ensure sufficient information regarding physical assets (locations, data centers, networks, systems, storage, etc.) used to store, process or transmit information assets is recorded in the asset Inventory.
6.37. Apply the appropriate label on information.
6.38. Safeguard information in accordance with the established procedures.
6.39. Assign operational responsibilities to a delegate like asset manager/asset custodian as required.

Human Capital shall:
6.40. Ensure that this Policy is read and acknowledged formally by all users.
6.41. Record and retain records of acceptance of the BYOD rules by employees.
6.42. Apply the appropriate label on information.
6.43. Safeguard information in accordance with the established procedures.
6.44. Identify the needed protection levels in accordance with the information classification scheme.
6.45. Establish access procedures to loading and unloading areas to restrict access to only authorized personnel.
6.46. Ensure that each facility's supporting utilities are tested and protected against malfunctions.
6.47. Document supplier's recommendations for the maintenance of equipment and make them available to maintenance personnel.
6.48. Keep maintenance logs for all equipment.
6.49. Establish processes and procedures for decommissioning and commissioning of equipment to ensure protection of sensitive data.

Information Technology shall:
6.50. Identify and enforce required confidentiality and integrity controls necessary to assure compliance with the Information Classification scheme as per the <CLIENT> Data Security Policy (<CLIENT>-ORG-IMS-POL-003).
6.51. If there are availability requirements associated with the Information Classification scheme, ensure that the applicable ICT systems are sufficiently robust to meet these requirements.
6.52. Apply the appropriate label on information.
6.53. Safeguard information in accordance with the established procedures.
6.54. Inhibit the use of removable media in those information systems that do not require it.
6.55. Control users of removable media.

Employees, Line Managers and Third Parties(Contractors, Vendors, etc.) shall:
6.56. Employees and third parties (including contractors, vendors, etc.) who access <CLIENT> premises, information and information assets or use information and communications technology (ICT) systems of the organization are responsible for adhering to this Policy and all its applicable procedures.
6.57. Line manager to:
6.58. Ensure that the Policy is read and acknowledged formally by all personnel directly reporting to him/her.
6.59. Record and retain records of acceptance of the BYOD rules by employees under his/her direct supervision, as well as all contractors and/or third parties managed directly by him/her.
6.60. Apply the appropriate label on information.
6.61. Safeguard information in accordance with the established procedures.
6.62. The following apply to all personnel, irrespective of their role within organization:
6.63. Apply the appropriate label on information.
6.64. Safeguard the information in accordance with the established procedures.
6.65. Destroy media, both paper and digital, when no longer serving organization.
6.66. Keep records for disposed media (containing or used to contain confidential information) when no longer needed.
6.67. Identify physical media carrying sensitive information.
6.68. Ensure physical media in transit carrying sensitive information is tracked sufficiently in accordance with the sensitivity of the information it contains.
6.69. Keep a log of all transitions consistent with this Policy.
Legal shall:
6.70. Identify all relevant and applicable laws and regulations to <CLIENT> and communicate to the respective parties.
6.71. Define standard legal clauses and terms for the contract/agreement to be signed with external parties, employment contracts, confidentiality and Non-Disclosure Agreements (NDAs).
6.72. Liaise with IS Team to define and review Information Security clauses in third-party contracts/agreements, employment contracts, confidentiality and Non-Disclosure Agreements (NDAs).
6.73. Review third-party vendor, clients and partner contracts and involve IS Team for review of clauses concerning Information Security responsibilities.",,,,,,
T3.6.3__clientname-IS-POL-00-Asset Management Policy 6_passage_16,retrieval,T3.6.3,T3,Monitoring System Use,The entity shall monitor the use of information systems.,6,"a,b,c,d,e,f","a: The entity shall:
b: identify all types of system use to be monitored
c: identify minimum information gathering requirements for each monitoring activity
d: define minimum frequency requirements for reviewing information gathered from monitoring activities
e: ensure information gathered from monitoring activities is reviewed by personnel with appropriate training and skills
f: define minimum time requirements for maintaining information gathered from monitoring activities",clientname-IS-POL-00-Asset Management Policy 6_passage_16,6 ROLES AND RESPONSIBILITIES,"Executives & Senior Management shall:
6.1. Make available and support the required resources to drive asset management.
6.2. Where relevant, provide direction to and participate in reviews and oversight of asset management.
6.3. IMS Committee to:
6.4. Review and approve this Policy prepared by, or on behalf of, the CISO.
6.5. Establish process for the assignment of asset ownership and its periodical review.
6.6. Assign an owner with management responsibility for each identified asset across asset lifecycle.
6.7. Establish and document the rules for the acceptable use of assets.
6.8. Support the establishment of the process for information classification.
6.9. Adapt rules to the different roles (management, users, administrators, operators, contractors, etc.).
6.10. Ensure circulation and acceptance of the rules by employees, contractors and third parties.
6.11. Review and accept the findings and recommendations arising from Internal Audit.
Information Security shall:
6.12. Develop or adopt an Asset classification scheme based on information value, legal requirements, sensitivity, and criticality to the organization as per the data protection policy.
6.13. Establish the degree of protection required for each category.
6.14. Establish the rules for the acceptable use of personal assets (e.g., BYOD) that are used on organization's environment.
6.15. Adapt these rules to the different roles (management, users, administrators, operators, contractors, etc.).
6.16. Ensure circulation and acceptance of the BYOD rules by employees, contractors and third parties.
6.17. Ensure information classification is:
6.18. Based on the established levels, and
6.19. Mapped to accountable owners.
6.20. Ensure the possibility to be accessed by automated systems to enforce specific protections based on the classification level.
6.21. Allow for the possibility that the information classification scheme can be accessed by automated systems to enforce specific protections based on the classification level.
6.22. Establish a procedure for labelling of information and its related assets in physical or electronic formats to reflect their attributed classification.
6.23. Apply the appropriate label on information.
6.24. Develop handling procedures for processing, storing and communicating information consistent with its classification and its attached label.
6.25. Safeguard information in accordance with the established procedures.
6.26. Define labelling requirements for physical media carrying sensitive information.
6.27. Define measures to be taken in the event of loss of physical media in transit carrying sensitive information.
Infosec Operations shall:
6.28. Identify an inventory of information assets within organization through an asset register.
6.29. Develop and maintain an up-to-date list of assets and associated asset owners.
6.30. Ensure accuracy and consistency with other inventories.
6.31. Establish procedures for secure disposal of media containing confidential information based on the sensitivity of that information.
6.32. Ensure that media, both paper and digital, are destroyed when no longer serving organization.
6.33. Ensure that records of disposed media (containing or used to contain confidential information) are kept when no longer needed.
6.34. Establish media management procedures along its lifecycle (setup, distribution, utilization and disposal).
Asset Owners shall:
6.35. Ensure an up-to-date information classification is assigned to information and information assets in accordance with changes of their value, sensitivity and criticality through their life cycle.
6.36. Ensure sufficient information regarding physical assets (locations, data centers, networks, systems, storage, etc.) used to store, process or transmit information assets is recorded in the asset Inventory.
6.37. Apply the appropriate label on information.
6.38. Safeguard information in accordance with the established procedures.
6.39. Assign operational responsibilities to a delegate like asset manager/asset custodian as required.

Human Capital shall:
6.40. Ensure that this Policy is read and acknowledged formally by all users.
6.41. Record and retain records of acceptance of the BYOD rules by employees.
6.42. Apply the appropriate label on information.
6.43. Safeguard information in accordance with the established procedures.
6.44. Identify the needed protection levels in accordance with the information classification scheme.
6.45. Establish access procedures to loading and unloading areas to restrict access to only authorized personnel.
6.46. Ensure that each facility's supporting utilities are tested and protected against malfunctions.
6.47. Document supplier's recommendations for the maintenance of equipment and make them available to maintenance personnel.
6.48. Keep maintenance logs for all equipment.
6.49. Establish processes and procedures for decommissioning and commissioning of equipment to ensure protection of sensitive data.

Information Technology shall:
6.50. Identify and enforce required confidentiality and integrity controls necessary to assure compliance with the Information Classification scheme as per the <CLIENT> Data Security Policy (<CLIENT>-ORG-IMS-POL-003).
6.51. If there are availability requirements associated with the Information Classification scheme, ensure that the applicable ICT systems are sufficiently robust to meet these requirements.
6.52. Apply the appropriate label on information.
6.53. Safeguard information in accordance with the established procedures.
6.54. Inhibit the use of removable media in those information systems that do not require it.
6.55. Control users of removable media.

Employees, Line Managers and Third Parties(Contractors, Vendors, etc.) shall:
6.56. Employees and third parties (including contractors, vendors, etc.) who access <CLIENT> premises, information and information assets or use information and communications technology (ICT) systems of the organization are responsible for adhering to this Policy and all its applicable procedures.
6.57. Line manager to:
6.58. Ensure that the Policy is read and acknowledged formally by all personnel directly reporting to him/her.
6.59. Record and retain records of acceptance of the BYOD rules by employees under his/her direct supervision, as well as all contractors and/or third parties managed directly by him/her.
6.60. Apply the appropriate label on information.
6.61. Safeguard information in accordance with the established procedures.
6.62. The following apply to all personnel, irrespective of their role within organization:
6.63. Apply the appropriate label on information.
6.64. Safeguard the information in accordance with the established procedures.
6.65. Destroy media, both paper and digital, when no longer serving organization.
6.66. Keep records for disposed media (containing or used to contain confidential information) when no longer needed.
6.67. Identify physical media carrying sensitive information.
6.68. Ensure physical media in transit carrying sensitive information is tracked sufficiently in accordance with the sensitivity of the information it contains.
6.69. Keep a log of all transitions consistent with this Policy.
Legal shall:
6.70. Identify all relevant and applicable laws and regulations to <CLIENT> and communicate to the respective parties.
6.71. Define standard legal clauses and terms for the contract/agreement to be signed with external parties, employment contracts, confidentiality and Non-Disclosure Agreements (NDAs).
6.72. Liaise with IS Team to define and review Information Security clauses in third-party contracts/agreements, employment contracts, confidentiality and Non-Disclosure Agreements (NDAs).
6.73. Review third-party vendor, clients and partner contracts and involve IS Team for review of clauses concerning Information Security responsibilities.",,,,,,
T3.6.4__clientname-IS-POL-00-Asset Management Policy 6_passage_16,retrieval,T3.6.4,T3,Protection of Log,The entity shall protect log information against tampering and unauthorized access.,3,"a,b,c","a: The entity shall:
b: identify the log information across all information systems that shall be protected
c: ensure log information are protected commensurate to the sensitivity of the content of the logs",clientname-IS-POL-00-Asset Management Policy 6_passage_16,6 ROLES AND RESPONSIBILITIES,"Executives & Senior Management shall:
6.1. Make available and support the required resources to drive asset management.
6.2. Where relevant, provide direction to and participate in reviews and oversight of asset management.
6.3. IMS Committee to:
6.4. Review and approve this Policy prepared by, or on behalf of, the CISO.
6.5. Establish process for the assignment of asset ownership and its periodical review.
6.6. Assign an owner with management responsibility for each identified asset across asset lifecycle.
6.7. Establish and document the rules for the acceptable use of assets.
6.8. Support the establishment of the process for information classification.
6.9. Adapt rules to the different roles (management, users, administrators, operators, contractors, etc.).
6.10. Ensure circulation and acceptance of the rules by employees, contractors and third parties.
6.11. Review and accept the findings and recommendations arising from Internal Audit.
Information Security shall:
6.12. Develop or adopt an Asset classification scheme based on information value, legal requirements, sensitivity, and criticality to the organization as per the data protection policy.
6.13. Establish the degree of protection required for each category.
6.14. Establish the rules for the acceptable use of personal assets (e.g., BYOD) that are used on organization's environment.
6.15. Adapt these rules to the different roles (management, users, administrators, operators, contractors, etc.).
6.16. Ensure circulation and acceptance of the BYOD rules by employees, contractors and third parties.
6.17. Ensure information classification is:
6.18. Based on the established levels, and
6.19. Mapped to accountable owners.
6.20. Ensure the possibility to be accessed by automated systems to enforce specific protections based on the classification level.
6.21. Allow for the possibility that the information classification scheme can be accessed by automated systems to enforce specific protections based on the classification level.
6.22. Establish a procedure for labelling of information and its related assets in physical or electronic formats to reflect their attributed classification.
6.23. Apply the appropriate label on information.
6.24. Develop handling procedures for processing, storing and communicating information consistent with its classification and its attached label.
6.25. Safeguard information in accordance with the established procedures.
6.26. Define labelling requirements for physical media carrying sensitive information.
6.27. Define measures to be taken in the event of loss of physical media in transit carrying sensitive information.
Infosec Operations shall:
6.28. Identify an inventory of information assets within organization through an asset register.
6.29. Develop and maintain an up-to-date list of assets and associated asset owners.
6.30. Ensure accuracy and consistency with other inventories.
6.31. Establish procedures for secure disposal of media containing confidential information based on the sensitivity of that information.
6.32. Ensure that media, both paper and digital, are destroyed when no longer serving organization.
6.33. Ensure that records of disposed media (containing or used to contain confidential information) are kept when no longer needed.
6.34. Establish media management procedures along its lifecycle (setup, distribution, utilization and disposal).
Asset Owners shall:
6.35. Ensure an up-to-date information classification is assigned to information and information assets in accordance with changes of their value, sensitivity and criticality through their life cycle.
6.36. Ensure sufficient information regarding physical assets (locations, data centers, networks, systems, storage, etc.) used to store, process or transmit information assets is recorded in the asset Inventory.
6.37. Apply the appropriate label on information.
6.38. Safeguard information in accordance with the established procedures.
6.39. Assign operational responsibilities to a delegate like asset manager/asset custodian as required.

Human Capital shall:
6.40. Ensure that this Policy is read and acknowledged formally by all users.
6.41. Record and retain records of acceptance of the BYOD rules by employees.
6.42. Apply the appropriate label on information.
6.43. Safeguard information in accordance with the established procedures.
6.44. Identify the needed protection levels in accordance with the information classification scheme.
6.45. Establish access procedures to loading and unloading areas to restrict access to only authorized personnel.
6.46. Ensure that each facility's supporting utilities are tested and protected against malfunctions.
6.47. Document supplier's recommendations for the maintenance of equipment and make them available to maintenance personnel.
6.48. Keep maintenance logs for all equipment.
6.49. Establish processes and procedures for decommissioning and commissioning of equipment to ensure protection of sensitive data.

Information Technology shall:
6.50. Identify and enforce required confidentiality and integrity controls necessary to assure compliance with the Information Classification scheme as per the <CLIENT> Data Security Policy (<CLIENT>-ORG-IMS-POL-003).
6.51. If there are availability requirements associated with the Information Classification scheme, ensure that the applicable ICT systems are sufficiently robust to meet these requirements.
6.52. Apply the appropriate label on information.
6.53. Safeguard information in accordance with the established procedures.
6.54. Inhibit the use of removable media in those information systems that do not require it.
6.55. Control users of removable media.

Employees, Line Managers and Third Parties(Contractors, Vendors, etc.) shall:
6.56. Employees and third parties (including contractors, vendors, etc.) who access <CLIENT> premises, information and information assets or use information and communications technology (ICT) systems of the organization are responsible for adhering to this Policy and all its applicable procedures.
6.57. Line manager to:
6.58. Ensure that the Policy is read and acknowledged formally by all personnel directly reporting to him/her.
6.59. Record and retain records of acceptance of the BYOD rules by employees under his/her direct supervision, as well as all contractors and/or third parties managed directly by him/her.
6.60. Apply the appropriate label on information.
6.61. Safeguard information in accordance with the established procedures.
6.62. The following apply to all personnel, irrespective of their role within organization:
6.63. Apply the appropriate label on information.
6.64. Safeguard the information in accordance with the established procedures.
6.65. Destroy media, both paper and digital, when no longer serving organization.
6.66. Keep records for disposed media (containing or used to contain confidential information) when no longer needed.
6.67. Identify physical media carrying sensitive information.
6.68. Ensure physical media in transit carrying sensitive information is tracked sufficiently in accordance with the sensitivity of the information it contains.
6.69. Keep a log of all transitions consistent with this Policy.
Legal shall:
6.70. Identify all relevant and applicable laws and regulations to <CLIENT> and communicate to the respective parties.
6.71. Define standard legal clauses and terms for the contract/agreement to be signed with external parties, employment contracts, confidentiality and Non-Disclosure Agreements (NDAs).
6.72. Liaise with IS Team to define and review Information Security clauses in third-party contracts/agreements, employment contracts, confidentiality and Non-Disclosure Agreements (NDAs).
6.73. Review third-party vendor, clients and partner contracts and involve IS Team for review of clauses concerning Information Security responsibilities.",,,,,,
T3.6.6__clientname-IS-POL-00-Asset Management Policy 6_passage_16,retrieval,T3.6.6,T3,Fault Logging,The entity shall log faults related to information processing or communication,6,"a,b,c,d,e,f","a: The entity shall:
b: identify all faults to be captured in fault logs
c: identify minimum information requirements for each fault to be captured
d: define minimum frequency requirements for reviewing fault logs
e: ensure fault logs are reviewed and analyzed by personnel with appropriate training and skills
f: define minimum time requirements for maintaining fault logs",clientname-IS-POL-00-Asset Management Policy 6_passage_16,6 ROLES AND RESPONSIBILITIES,"Executives & Senior Management shall:
6.1. Make available and support the required resources to drive asset management.
6.2. Where relevant, provide direction to and participate in reviews and oversight of asset management.
6.3. IMS Committee to:
6.4. Review and approve this Policy prepared by, or on behalf of, the CISO.
6.5. Establish process for the assignment of asset ownership and its periodical review.
6.6. Assign an owner with management responsibility for each identified asset across asset lifecycle.
6.7. Establish and document the rules for the acceptable use of assets.
6.8. Support the establishment of the process for information classification.
6.9. Adapt rules to the different roles (management, users, administrators, operators, contractors, etc.).
6.10. Ensure circulation and acceptance of the rules by employees, contractors and third parties.
6.11. Review and accept the findings and recommendations arising from Internal Audit.
Information Security shall:
6.12. Develop or adopt an Asset classification scheme based on information value, legal requirements, sensitivity, and criticality to the organization as per the data protection policy.
6.13. Establish the degree of protection required for each category.
6.14. Establish the rules for the acceptable use of personal assets (e.g., BYOD) that are used on organization's environment.
6.15. Adapt these rules to the different roles (management, users, administrators, operators, contractors, etc.).
6.16. Ensure circulation and acceptance of the BYOD rules by employees, contractors and third parties.
6.17. Ensure information classification is:
6.18. Based on the established levels, and
6.19. Mapped to accountable owners.
6.20. Ensure the possibility to be accessed by automated systems to enforce specific protections based on the classification level.
6.21. Allow for the possibility that the information classification scheme can be accessed by automated systems to enforce specific protections based on the classification level.
6.22. Establish a procedure for labelling of information and its related assets in physical or electronic formats to reflect their attributed classification.
6.23. Apply the appropriate label on information.
6.24. Develop handling procedures for processing, storing and communicating information consistent with its classification and its attached label.
6.25. Safeguard information in accordance with the established procedures.
6.26. Define labelling requirements for physical media carrying sensitive information.
6.27. Define measures to be taken in the event of loss of physical media in transit carrying sensitive information.
Infosec Operations shall:
6.28. Identify an inventory of information assets within organization through an asset register.
6.29. Develop and maintain an up-to-date list of assets and associated asset owners.
6.30. Ensure accuracy and consistency with other inventories.
6.31. Establish procedures for secure disposal of media containing confidential information based on the sensitivity of that information.
6.32. Ensure that media, both paper and digital, are destroyed when no longer serving organization.
6.33. Ensure that records of disposed media (containing or used to contain confidential information) are kept when no longer needed.
6.34. Establish media management procedures along its lifecycle (setup, distribution, utilization and disposal).
Asset Owners shall:
6.35. Ensure an up-to-date information classification is assigned to information and information assets in accordance with changes of their value, sensitivity and criticality through their life cycle.
6.36. Ensure sufficient information regarding physical assets (locations, data centers, networks, systems, storage, etc.) used to store, process or transmit information assets is recorded in the asset Inventory.
6.37. Apply the appropriate label on information.
6.38. Safeguard information in accordance with the established procedures.
6.39. Assign operational responsibilities to a delegate like asset manager/asset custodian as required.

Human Capital shall:
6.40. Ensure that this Policy is read and acknowledged formally by all users.
6.41. Record and retain records of acceptance of the BYOD rules by employees.
6.42. Apply the appropriate label on information.
6.43. Safeguard information in accordance with the established procedures.
6.44. Identify the needed protection levels in accordance with the information classification scheme.
6.45. Establish access procedures to loading and unloading areas to restrict access to only authorized personnel.
6.46. Ensure that each facility's supporting utilities are tested and protected against malfunctions.
6.47. Document supplier's recommendations for the maintenance of equipment and make them available to maintenance personnel.
6.48. Keep maintenance logs for all equipment.
6.49. Establish processes and procedures for decommissioning and commissioning of equipment to ensure protection of sensitive data.

Information Technology shall:
6.50. Identify and enforce required confidentiality and integrity controls necessary to assure compliance with the Information Classification scheme as per the <CLIENT> Data Security Policy (<CLIENT>-ORG-IMS-POL-003).
6.51. If there are availability requirements associated with the Information Classification scheme, ensure that the applicable ICT systems are sufficiently robust to meet these requirements.
6.52. Apply the appropriate label on information.
6.53. Safeguard information in accordance with the established procedures.
6.54. Inhibit the use of removable media in those information systems that do not require it.
6.55. Control users of removable media.

Employees, Line Managers and Third Parties(Contractors, Vendors, etc.) shall:
6.56. Employees and third parties (including contractors, vendors, etc.) who access <CLIENT> premises, information and information assets or use information and communications technology (ICT) systems of the organization are responsible for adhering to this Policy and all its applicable procedures.
6.57. Line manager to:
6.58. Ensure that the Policy is read and acknowledged formally by all personnel directly reporting to him/her.
6.59. Record and retain records of acceptance of the BYOD rules by employees under his/her direct supervision, as well as all contractors and/or third parties managed directly by him/her.
6.60. Apply the appropriate label on information.
6.61. Safeguard information in accordance with the established procedures.
6.62. The following apply to all personnel, irrespective of their role within organization:
6.63. Apply the appropriate label on information.
6.64. Safeguard the information in accordance with the established procedures.
6.65. Destroy media, both paper and digital, when no longer serving organization.
6.66. Keep records for disposed media (containing or used to contain confidential information) when no longer needed.
6.67. Identify physical media carrying sensitive information.
6.68. Ensure physical media in transit carrying sensitive information is tracked sufficiently in accordance with the sensitivity of the information it contains.
6.69. Keep a log of all transitions consistent with this Policy.
Legal shall:
6.70. Identify all relevant and applicable laws and regulations to <CLIENT> and communicate to the respective parties.
6.71. Define standard legal clauses and terms for the contract/agreement to be signed with external parties, employment contracts, confidentiality and Non-Disclosure Agreements (NDAs).
6.72. Liaise with IS Team to define and review Information Security clauses in third-party contracts/agreements, employment contracts, confidentiality and Non-Disclosure Agreements (NDAs).
6.73. Review third-party vendor, clients and partner contracts and involve IS Team for review of clauses concerning Information Security responsibilities.",,,,,,
T5.6.1__clientname-IS-POL-00-Asset Management Policy 6_passage_16,retrieval,T5.6.1,T5,Information Access,The entity shall restrict access to information and application system functions in accordance with the access control policy.,5,"a,b,c,d,e","a: The entity shall:
b: ensure access to information and application system functions is restricted
c: ensure access restriction is based on user’s roles and responsibilities
d: assign the appropriate level of access rights to information and application functions
e: for each user and support personnel, adjust their access control based on specific business needs",clientname-IS-POL-00-Asset Management Policy 6_passage_16,6 ROLES AND RESPONSIBILITIES,"Executives & Senior Management shall:
6.1. Make available and support the required resources to drive asset management.
6.2. Where relevant, provide direction to and participate in reviews and oversight of asset management.
6.3. IMS Committee to:
6.4. Review and approve this Policy prepared by, or on behalf of, the CISO.
6.5. Establish process for the assignment of asset ownership and its periodical review.
6.6. Assign an owner with management responsibility for each identified asset across asset lifecycle.
6.7. Establish and document the rules for the acceptable use of assets.
6.8. Support the establishment of the process for information classification.
6.9. Adapt rules to the different roles (management, users, administrators, operators, contractors, etc.).
6.10. Ensure circulation and acceptance of the rules by employees, contractors and third parties.
6.11. Review and accept the findings and recommendations arising from Internal Audit.
Information Security shall:
6.12. Develop or adopt an Asset classification scheme based on information value, legal requirements, sensitivity, and criticality to the organization as per the data protection policy.
6.13. Establish the degree of protection required for each category.
6.14. Establish the rules for the acceptable use of personal assets (e.g., BYOD) that are used on organization's environment.
6.15. Adapt these rules to the different roles (management, users, administrators, operators, contractors, etc.).
6.16. Ensure circulation and acceptance of the BYOD rules by employees, contractors and third parties.
6.17. Ensure information classification is:
6.18. Based on the established levels, and
6.19. Mapped to accountable owners.
6.20. Ensure the possibility to be accessed by automated systems to enforce specific protections based on the classification level.
6.21. Allow for the possibility that the information classification scheme can be accessed by automated systems to enforce specific protections based on the classification level.
6.22. Establish a procedure for labelling of information and its related assets in physical or electronic formats to reflect their attributed classification.
6.23. Apply the appropriate label on information.
6.24. Develop handling procedures for processing, storing and communicating information consistent with its classification and its attached label.
6.25. Safeguard information in accordance with the established procedures.
6.26. Define labelling requirements for physical media carrying sensitive information.
6.27. Define measures to be taken in the event of loss of physical media in transit carrying sensitive information.
Infosec Operations shall:
6.28. Identify an inventory of information assets within organization through an asset register.
6.29. Develop and maintain an up-to-date list of assets and associated asset owners.
6.30. Ensure accuracy and consistency with other inventories.
6.31. Establish procedures for secure disposal of media containing confidential information based on the sensitivity of that information.
6.32. Ensure that media, both paper and digital, are destroyed when no longer serving organization.
6.33. Ensure that records of disposed media (containing or used to contain confidential information) are kept when no longer needed.
6.34. Establish media management procedures along its lifecycle (setup, distribution, utilization and disposal).
Asset Owners shall:
6.35. Ensure an up-to-date information classification is assigned to information and information assets in accordance with changes of their value, sensitivity and criticality through their life cycle.
6.36. Ensure sufficient information regarding physical assets (locations, data centers, networks, systems, storage, etc.) used to store, process or transmit information assets is recorded in the asset Inventory.
6.37. Apply the appropriate label on information.
6.38. Safeguard information in accordance with the established procedures.
6.39. Assign operational responsibilities to a delegate like asset manager/asset custodian as required.

Human Capital shall:
6.40. Ensure that this Policy is read and acknowledged formally by all users.
6.41. Record and retain records of acceptance of the BYOD rules by employees.
6.42. Apply the appropriate label on information.
6.43. Safeguard information in accordance with the established procedures.
6.44. Identify the needed protection levels in accordance with the information classification scheme.
6.45. Establish access procedures to loading and unloading areas to restrict access to only authorized personnel.
6.46. Ensure that each facility's supporting utilities are tested and protected against malfunctions.
6.47. Document supplier's recommendations for the maintenance of equipment and make them available to maintenance personnel.
6.48. Keep maintenance logs for all equipment.
6.49. Establish processes and procedures for decommissioning and commissioning of equipment to ensure protection of sensitive data.

Information Technology shall:
6.50. Identify and enforce required confidentiality and integrity controls necessary to assure compliance with the Information Classification scheme as per the <CLIENT> Data Security Policy (<CLIENT>-ORG-IMS-POL-003).
6.51. If there are availability requirements associated with the Information Classification scheme, ensure that the applicable ICT systems are sufficiently robust to meet these requirements.
6.52. Apply the appropriate label on information.
6.53. Safeguard information in accordance with the established procedures.
6.54. Inhibit the use of removable media in those information systems that do not require it.
6.55. Control users of removable media.

Employees, Line Managers and Third Parties(Contractors, Vendors, etc.) shall:
6.56. Employees and third parties (including contractors, vendors, etc.) who access <CLIENT> premises, information and information assets or use information and communications technology (ICT) systems of the organization are responsible for adhering to this Policy and all its applicable procedures.
6.57. Line manager to:
6.58. Ensure that the Policy is read and acknowledged formally by all personnel directly reporting to him/her.
6.59. Record and retain records of acceptance of the BYOD rules by employees under his/her direct supervision, as well as all contractors and/or third parties managed directly by him/her.
6.60. Apply the appropriate label on information.
6.61. Safeguard information in accordance with the established procedures.
6.62. The following apply to all personnel, irrespective of their role within organization:
6.63. Apply the appropriate label on information.
6.64. Safeguard the information in accordance with the established procedures.
6.65. Destroy media, both paper and digital, when no longer serving organization.
6.66. Keep records for disposed media (containing or used to contain confidential information) when no longer needed.
6.67. Identify physical media carrying sensitive information.
6.68. Ensure physical media in transit carrying sensitive information is tracked sufficiently in accordance with the sensitivity of the information it contains.
6.69. Keep a log of all transitions consistent with this Policy.
Legal shall:
6.70. Identify all relevant and applicable laws and regulations to <CLIENT> and communicate to the respective parties.
6.71. Define standard legal clauses and terms for the contract/agreement to be signed with external parties, employment contracts, confidentiality and Non-Disclosure Agreements (NDAs).
6.72. Liaise with IS Team to define and review Information Security clauses in third-party contracts/agreements, employment contracts, confidentiality and Non-Disclosure Agreements (NDAs).
6.73. Review third-party vendor, clients and partner contracts and involve IS Team for review of clauses concerning Information Security responsibilities.",,,,,,
T5.6.3__clientname-IS-POL-00-Asset Management Policy 6_passage_16,retrieval,T5.6.3,T5,Publicly Accessible,The entity shall not expose non-public information to the general public.,3,"a,b,c","a: The entity shall:
b: develop and formalize procedures for the publishing of public information to ensure non-public information is not exposed
c: adopt procedures to periodically verify if sensitive information is exposed to the general public",clientname-IS-POL-00-Asset Management Policy 6_passage_16,6 ROLES AND RESPONSIBILITIES,"Executives & Senior Management shall:
6.1. Make available and support the required resources to drive asset management.
6.2. Where relevant, provide direction to and participate in reviews and oversight of asset management.
6.3. IMS Committee to:
6.4. Review and approve this Policy prepared by, or on behalf of, the CISO.
6.5. Establish process for the assignment of asset ownership and its periodical review.
6.6. Assign an owner with management responsibility for each identified asset across asset lifecycle.
6.7. Establish and document the rules for the acceptable use of assets.
6.8. Support the establishment of the process for information classification.
6.9. Adapt rules to the different roles (management, users, administrators, operators, contractors, etc.).
6.10. Ensure circulation and acceptance of the rules by employees, contractors and third parties.
6.11. Review and accept the findings and recommendations arising from Internal Audit.
Information Security shall:
6.12. Develop or adopt an Asset classification scheme based on information value, legal requirements, sensitivity, and criticality to the organization as per the data protection policy.
6.13. Establish the degree of protection required for each category.
6.14. Establish the rules for the acceptable use of personal assets (e.g., BYOD) that are used on organization's environment.
6.15. Adapt these rules to the different roles (management, users, administrators, operators, contractors, etc.).
6.16. Ensure circulation and acceptance of the BYOD rules by employees, contractors and third parties.
6.17. Ensure information classification is:
6.18. Based on the established levels, and
6.19. Mapped to accountable owners.
6.20. Ensure the possibility to be accessed by automated systems to enforce specific protections based on the classification level.
6.21. Allow for the possibility that the information classification scheme can be accessed by automated systems to enforce specific protections based on the classification level.
6.22. Establish a procedure for labelling of information and its related assets in physical or electronic formats to reflect their attributed classification.
6.23. Apply the appropriate label on information.
6.24. Develop handling procedures for processing, storing and communicating information consistent with its classification and its attached label.
6.25. Safeguard information in accordance with the established procedures.
6.26. Define labelling requirements for physical media carrying sensitive information.
6.27. Define measures to be taken in the event of loss of physical media in transit carrying sensitive information.
Infosec Operations shall:
6.28. Identify an inventory of information assets within organization through an asset register.
6.29. Develop and maintain an up-to-date list of assets and associated asset owners.
6.30. Ensure accuracy and consistency with other inventories.
6.31. Establish procedures for secure disposal of media containing confidential information based on the sensitivity of that information.
6.32. Ensure that media, both paper and digital, are destroyed when no longer serving organization.
6.33. Ensure that records of disposed media (containing or used to contain confidential information) are kept when no longer needed.
6.34. Establish media management procedures along its lifecycle (setup, distribution, utilization and disposal).
Asset Owners shall:
6.35. Ensure an up-to-date information classification is assigned to information and information assets in accordance with changes of their value, sensitivity and criticality through their life cycle.
6.36. Ensure sufficient information regarding physical assets (locations, data centers, networks, systems, storage, etc.) used to store, process or transmit information assets is recorded in the asset Inventory.
6.37. Apply the appropriate label on information.
6.38. Safeguard information in accordance with the established procedures.
6.39. Assign operational responsibilities to a delegate like asset manager/asset custodian as required.

Human Capital shall:
6.40. Ensure that this Policy is read and acknowledged formally by all users.
6.41. Record and retain records of acceptance of the BYOD rules by employees.
6.42. Apply the appropriate label on information.
6.43. Safeguard information in accordance with the established procedures.
6.44. Identify the needed protection levels in accordance with the information classification scheme.
6.45. Establish access procedures to loading and unloading areas to restrict access to only authorized personnel.
6.46. Ensure that each facility's supporting utilities are tested and protected against malfunctions.
6.47. Document supplier's recommendations for the maintenance of equipment and make them available to maintenance personnel.
6.48. Keep maintenance logs for all equipment.
6.49. Establish processes and procedures for decommissioning and commissioning of equipment to ensure protection of sensitive data.

Information Technology shall:
6.50. Identify and enforce required confidentiality and integrity controls necessary to assure compliance with the Information Classification scheme as per the <CLIENT> Data Security Policy (<CLIENT>-ORG-IMS-POL-003).
6.51. If there are availability requirements associated with the Information Classification scheme, ensure that the applicable ICT systems are sufficiently robust to meet these requirements.
6.52. Apply the appropriate label on information.
6.53. Safeguard information in accordance with the established procedures.
6.54. Inhibit the use of removable media in those information systems that do not require it.
6.55. Control users of removable media.

Employees, Line Managers and Third Parties(Contractors, Vendors, etc.) shall:
6.56. Employees and third parties (including contractors, vendors, etc.) who access <CLIENT> premises, information and information assets or use information and communications technology (ICT) systems of the organization are responsible for adhering to this Policy and all its applicable procedures.
6.57. Line manager to:
6.58. Ensure that the Policy is read and acknowledged formally by all personnel directly reporting to him/her.
6.59. Record and retain records of acceptance of the BYOD rules by employees under his/her direct supervision, as well as all contractors and/or third parties managed directly by him/her.
6.60. Apply the appropriate label on information.
6.61. Safeguard information in accordance with the established procedures.
6.62. The following apply to all personnel, irrespective of their role within organization:
6.63. Apply the appropriate label on information.
6.64. Safeguard the information in accordance with the established procedures.
6.65. Destroy media, both paper and digital, when no longer serving organization.
6.66. Keep records for disposed media (containing or used to contain confidential information) when no longer needed.
6.67. Identify physical media carrying sensitive information.
6.68. Ensure physical media in transit carrying sensitive information is tracked sufficiently in accordance with the sensitivity of the information it contains.
6.69. Keep a log of all transitions consistent with this Policy.
Legal shall:
6.70. Identify all relevant and applicable laws and regulations to <CLIENT> and communicate to the respective parties.
6.71. Define standard legal clauses and terms for the contract/agreement to be signed with external parties, employment contracts, confidentiality and Non-Disclosure Agreements (NDAs).
6.72. Liaise with IS Team to define and review Information Security clauses in third-party contracts/agreements, employment contracts, confidentiality and Non-Disclosure Agreements (NDAs).
6.73. Review third-party vendor, clients and partner contracts and involve IS Team for review of clauses concerning Information Security responsibilities.",,,,,,
T7.6.4__clientname-IS-POL-00-Asset Management Policy 6_passage_16,retrieval,T7.6.4,T7,Information Leakage,The entity shall prevent opportunities for information leakage.,4,"a,b,c,d","a: The entity shall:
b: adopt Data Leak Prevention (DLP) measures
c: adopt identity and access management solutions to limit access to critical data only to authorized personnel
d: define and enforce a data/information classification policy",clientname-IS-POL-00-Asset Management Policy 6_passage_16,6 ROLES AND RESPONSIBILITIES,"Executives & Senior Management shall:
6.1. Make available and support the required resources to drive asset management.
6.2. Where relevant, provide direction to and participate in reviews and oversight of asset management.
6.3. IMS Committee to:
6.4. Review and approve this Policy prepared by, or on behalf of, the CISO.
6.5. Establish process for the assignment of asset ownership and its periodical review.
6.6. Assign an owner with management responsibility for each identified asset across asset lifecycle.
6.7. Establish and document the rules for the acceptable use of assets.
6.8. Support the establishment of the process for information classification.
6.9. Adapt rules to the different roles (management, users, administrators, operators, contractors, etc.).
6.10. Ensure circulation and acceptance of the rules by employees, contractors and third parties.
6.11. Review and accept the findings and recommendations arising from Internal Audit.
Information Security shall:
6.12. Develop or adopt an Asset classification scheme based on information value, legal requirements, sensitivity, and criticality to the organization as per the data protection policy.
6.13. Establish the degree of protection required for each category.
6.14. Establish the rules for the acceptable use of personal assets (e.g., BYOD) that are used on organization's environment.
6.15. Adapt these rules to the different roles (management, users, administrators, operators, contractors, etc.).
6.16. Ensure circulation and acceptance of the BYOD rules by employees, contractors and third parties.
6.17. Ensure information classification is:
6.18. Based on the established levels, and
6.19. Mapped to accountable owners.
6.20. Ensure the possibility to be accessed by automated systems to enforce specific protections based on the classification level.
6.21. Allow for the possibility that the information classification scheme can be accessed by automated systems to enforce specific protections based on the classification level.
6.22. Establish a procedure for labelling of information and its related assets in physical or electronic formats to reflect their attributed classification.
6.23. Apply the appropriate label on information.
6.24. Develop handling procedures for processing, storing and communicating information consistent with its classification and its attached label.
6.25. Safeguard information in accordance with the established procedures.
6.26. Define labelling requirements for physical media carrying sensitive information.
6.27. Define measures to be taken in the event of loss of physical media in transit carrying sensitive information.
Infosec Operations shall:
6.28. Identify an inventory of information assets within organization through an asset register.
6.29. Develop and maintain an up-to-date list of assets and associated asset owners.
6.30. Ensure accuracy and consistency with other inventories.
6.31. Establish procedures for secure disposal of media containing confidential information based on the sensitivity of that information.
6.32. Ensure that media, both paper and digital, are destroyed when no longer serving organization.
6.33. Ensure that records of disposed media (containing or used to contain confidential information) are kept when no longer needed.
6.34. Establish media management procedures along its lifecycle (setup, distribution, utilization and disposal).
Asset Owners shall:
6.35. Ensure an up-to-date information classification is assigned to information and information assets in accordance with changes of their value, sensitivity and criticality through their life cycle.
6.36. Ensure sufficient information regarding physical assets (locations, data centers, networks, systems, storage, etc.) used to store, process or transmit information assets is recorded in the asset Inventory.
6.37. Apply the appropriate label on information.
6.38. Safeguard information in accordance with the established procedures.
6.39. Assign operational responsibilities to a delegate like asset manager/asset custodian as required.

Human Capital shall:
6.40. Ensure that this Policy is read and acknowledged formally by all users.
6.41. Record and retain records of acceptance of the BYOD rules by employees.
6.42. Apply the appropriate label on information.
6.43. Safeguard information in accordance with the established procedures.
6.44. Identify the needed protection levels in accordance with the information classification scheme.
6.45. Establish access procedures to loading and unloading areas to restrict access to only authorized personnel.
6.46. Ensure that each facility's supporting utilities are tested and protected against malfunctions.
6.47. Document supplier's recommendations for the maintenance of equipment and make them available to maintenance personnel.
6.48. Keep maintenance logs for all equipment.
6.49. Establish processes and procedures for decommissioning and commissioning of equipment to ensure protection of sensitive data.

Information Technology shall:
6.50. Identify and enforce required confidentiality and integrity controls necessary to assure compliance with the Information Classification scheme as per the <CLIENT> Data Security Policy (<CLIENT>-ORG-IMS-POL-003).
6.51. If there are availability requirements associated with the Information Classification scheme, ensure that the applicable ICT systems are sufficiently robust to meet these requirements.
6.52. Apply the appropriate label on information.
6.53. Safeguard information in accordance with the established procedures.
6.54. Inhibit the use of removable media in those information systems that do not require it.
6.55. Control users of removable media.

Employees, Line Managers and Third Parties(Contractors, Vendors, etc.) shall:
6.56. Employees and third parties (including contractors, vendors, etc.) who access <CLIENT> premises, information and information assets or use information and communications technology (ICT) systems of the organization are responsible for adhering to this Policy and all its applicable procedures.
6.57. Line manager to:
6.58. Ensure that the Policy is read and acknowledged formally by all personnel directly reporting to him/her.
6.59. Record and retain records of acceptance of the BYOD rules by employees under his/her direct supervision, as well as all contractors and/or third parties managed directly by him/her.
6.60. Apply the appropriate label on information.
6.61. Safeguard information in accordance with the established procedures.
6.62. The following apply to all personnel, irrespective of their role within organization:
6.63. Apply the appropriate label on information.
6.64. Safeguard the information in accordance with the established procedures.
6.65. Destroy media, both paper and digital, when no longer serving organization.
6.66. Keep records for disposed media (containing or used to contain confidential information) when no longer needed.
6.67. Identify physical media carrying sensitive information.
6.68. Ensure physical media in transit carrying sensitive information is tracked sufficiently in accordance with the sensitivity of the information it contains.
6.69. Keep a log of all transitions consistent with this Policy.
Legal shall:
6.70. Identify all relevant and applicable laws and regulations to <CLIENT> and communicate to the respective parties.
6.71. Define standard legal clauses and terms for the contract/agreement to be signed with external parties, employment contracts, confidentiality and Non-Disclosure Agreements (NDAs).
6.72. Liaise with IS Team to define and review Information Security clauses in third-party contracts/agreements, employment contracts, confidentiality and Non-Disclosure Agreements (NDAs).
6.73. Review third-party vendor, clients and partner contracts and involve IS Team for review of clauses concerning Information Security responsibilities.",,,,,,
T8.2.6__clientname-IS-POL-00-Asset Management Policy 6_passage_16,retrieval,T8.2.6,T8,Incident Response,The entity shall provide an incident response support resource to offer advice and assistance in case of an incident.,3,"a,b,c","a: The entity shall:
b: assign the appropriate resources needed to support employees and external party in handling and reporting of security incidents;
c: establish and make available the procedure to get in touch with the assigned personnel",clientname-IS-POL-00-Asset Management Policy 6_passage_16,6 ROLES AND RESPONSIBILITIES,"Executives & Senior Management shall:
6.1. Make available and support the required resources to drive asset management.
6.2. Where relevant, provide direction to and participate in reviews and oversight of asset management.
6.3. IMS Committee to:
6.4. Review and approve this Policy prepared by, or on behalf of, the CISO.
6.5. Establish process for the assignment of asset ownership and its periodical review.
6.6. Assign an owner with management responsibility for each identified asset across asset lifecycle.
6.7. Establish and document the rules for the acceptable use of assets.
6.8. Support the establishment of the process for information classification.
6.9. Adapt rules to the different roles (management, users, administrators, operators, contractors, etc.).
6.10. Ensure circulation and acceptance of the rules by employees, contractors and third parties.
6.11. Review and accept the findings and recommendations arising from Internal Audit.
Information Security shall:
6.12. Develop or adopt an Asset classification scheme based on information value, legal requirements, sensitivity, and criticality to the organization as per the data protection policy.
6.13. Establish the degree of protection required for each category.
6.14. Establish the rules for the acceptable use of personal assets (e.g., BYOD) that are used on organization's environment.
6.15. Adapt these rules to the different roles (management, users, administrators, operators, contractors, etc.).
6.16. Ensure circulation and acceptance of the BYOD rules by employees, contractors and third parties.
6.17. Ensure information classification is:
6.18. Based on the established levels, and
6.19. Mapped to accountable owners.
6.20. Ensure the possibility to be accessed by automated systems to enforce specific protections based on the classification level.
6.21. Allow for the possibility that the information classification scheme can be accessed by automated systems to enforce specific protections based on the classification level.
6.22. Establish a procedure for labelling of information and its related assets in physical or electronic formats to reflect their attributed classification.
6.23. Apply the appropriate label on information.
6.24. Develop handling procedures for processing, storing and communicating information consistent with its classification and its attached label.
6.25. Safeguard information in accordance with the established procedures.
6.26. Define labelling requirements for physical media carrying sensitive information.
6.27. Define measures to be taken in the event of loss of physical media in transit carrying sensitive information.
Infosec Operations shall:
6.28. Identify an inventory of information assets within organization through an asset register.
6.29. Develop and maintain an up-to-date list of assets and associated asset owners.
6.30. Ensure accuracy and consistency with other inventories.
6.31. Establish procedures for secure disposal of media containing confidential information based on the sensitivity of that information.
6.32. Ensure that media, both paper and digital, are destroyed when no longer serving organization.
6.33. Ensure that records of disposed media (containing or used to contain confidential information) are kept when no longer needed.
6.34. Establish media management procedures along its lifecycle (setup, distribution, utilization and disposal).
Asset Owners shall:
6.35. Ensure an up-to-date information classification is assigned to information and information assets in accordance with changes of their value, sensitivity and criticality through their life cycle.
6.36. Ensure sufficient information regarding physical assets (locations, data centers, networks, systems, storage, etc.) used to store, process or transmit information assets is recorded in the asset Inventory.
6.37. Apply the appropriate label on information.
6.38. Safeguard information in accordance with the established procedures.
6.39. Assign operational responsibilities to a delegate like asset manager/asset custodian as required.

Human Capital shall:
6.40. Ensure that this Policy is read and acknowledged formally by all users.
6.41. Record and retain records of acceptance of the BYOD rules by employees.
6.42. Apply the appropriate label on information.
6.43. Safeguard information in accordance with the established procedures.
6.44. Identify the needed protection levels in accordance with the information classification scheme.
6.45. Establish access procedures to loading and unloading areas to restrict access to only authorized personnel.
6.46. Ensure that each facility's supporting utilities are tested and protected against malfunctions.
6.47. Document supplier's recommendations for the maintenance of equipment and make them available to maintenance personnel.
6.48. Keep maintenance logs for all equipment.
6.49. Establish processes and procedures for decommissioning and commissioning of equipment to ensure protection of sensitive data.

Information Technology shall:
6.50. Identify and enforce required confidentiality and integrity controls necessary to assure compliance with the Information Classification scheme as per the <CLIENT> Data Security Policy (<CLIENT>-ORG-IMS-POL-003).
6.51. If there are availability requirements associated with the Information Classification scheme, ensure that the applicable ICT systems are sufficiently robust to meet these requirements.
6.52. Apply the appropriate label on information.
6.53. Safeguard information in accordance with the established procedures.
6.54. Inhibit the use of removable media in those information systems that do not require it.
6.55. Control users of removable media.

Employees, Line Managers and Third Parties(Contractors, Vendors, etc.) shall:
6.56. Employees and third parties (including contractors, vendors, etc.) who access <CLIENT> premises, information and information assets or use information and communications technology (ICT) systems of the organization are responsible for adhering to this Policy and all its applicable procedures.
6.57. Line manager to:
6.58. Ensure that the Policy is read and acknowledged formally by all personnel directly reporting to him/her.
6.59. Record and retain records of acceptance of the BYOD rules by employees under his/her direct supervision, as well as all contractors and/or third parties managed directly by him/her.
6.60. Apply the appropriate label on information.
6.61. Safeguard information in accordance with the established procedures.
6.62. The following apply to all personnel, irrespective of their role within organization:
6.63. Apply the appropriate label on information.
6.64. Safeguard the information in accordance with the established procedures.
6.65. Destroy media, both paper and digital, when no longer serving organization.
6.66. Keep records for disposed media (containing or used to contain confidential information) when no longer needed.
6.67. Identify physical media carrying sensitive information.
6.68. Ensure physical media in transit carrying sensitive information is tracked sufficiently in accordance with the sensitivity of the information it contains.
6.69. Keep a log of all transitions consistent with this Policy.
Legal shall:
6.70. Identify all relevant and applicable laws and regulations to <CLIENT> and communicate to the respective parties.
6.71. Define standard legal clauses and terms for the contract/agreement to be signed with external parties, employment contracts, confidentiality and Non-Disclosure Agreements (NDAs).
6.72. Liaise with IS Team to define and review Information Security clauses in third-party contracts/agreements, employment contracts, confidentiality and Non-Disclosure Agreements (NDAs).
6.73. Review third-party vendor, clients and partner contracts and involve IS Team for review of clauses concerning Information Security responsibilities.",,,,,,
M1.4.3__clientname-IS-POL-00-Asset Management Policy 6_passage_16,neg_sample,M1.4.3,M1,Documentation,"The entity shall maintain, protect and control documentation of its information security controls and their implementation.",12,"a,b,c,d,e,f,g,h,i,j,k,l","a: The entity shall ensure that
b: documents are approved prior to issue
c: documents are reviewed and updated as necessary
d: changes and the current revision status of documents are identified
e: documents remain legible and readily identifiable
f: documents are available to those who need them, are transferred, and stored in accordance with the procedures applicable to their classification
g: documents are disposed of in accordance with the procedures applicable to their classification
h: documents of external origin are identified
i: the distribution of documents is controlled
j: the unintended use of obsolete documents is prevented, and that up to date versions are available
k: suitable identification is applied to documents if they are retained for any purpose The entity shall document the compliance with the “mandatory” controls in a way that allows unique reference to the requirements of this Regulatio
l: (Sample Compliance Template may be provided by TRA in this regard).",clientname-IS-POL-00-Asset Management Policy 6_passage_16,6 ROLES AND RESPONSIBILITIES,"Executives & Senior Management shall:
6.1. Make available and support the required resources to drive asset management.
6.2. Where relevant, provide direction to and participate in reviews and oversight of asset management.
6.3. IMS Committee to:
6.4. Review and approve this Policy prepared by, or on behalf of, the CISO.
6.5. Establish process for the assignment of asset ownership and its periodical review.
6.6. Assign an owner with management responsibility for each identified asset across asset lifecycle.
6.7. Establish and document the rules for the acceptable use of assets.
6.8. Support the establishment of the process for information classification.
6.9. Adapt rules to the different roles (management, users, administrators, operators, contractors, etc.).
6.10. Ensure circulation and acceptance of the rules by employees, contractors and third parties.
6.11. Review and accept the findings and recommendations arising from Internal Audit.
Information Security shall:
6.12. Develop or adopt an Asset classification scheme based on information value, legal requirements, sensitivity, and criticality to the organization as per the data protection policy.
6.13. Establish the degree of protection required for each category.
6.14. Establish the rules for the acceptable use of personal assets (e.g., BYOD) that are used on organization's environment.
6.15. Adapt these rules to the different roles (management, users, administrators, operators, contractors, etc.).
6.16. Ensure circulation and acceptance of the BYOD rules by employees, contractors and third parties.
6.17. Ensure information classification is:
6.18. Based on the established levels, and
6.19. Mapped to accountable owners.
6.20. Ensure the possibility to be accessed by automated systems to enforce specific protections based on the classification level.
6.21. Allow for the possibility that the information classification scheme can be accessed by automated systems to enforce specific protections based on the classification level.
6.22. Establish a procedure for labelling of information and its related assets in physical or electronic formats to reflect their attributed classification.
6.23. Apply the appropriate label on information.
6.24. Develop handling procedures for processing, storing and communicating information consistent with its classification and its attached label.
6.25. Safeguard information in accordance with the established procedures.
6.26. Define labelling requirements for physical media carrying sensitive information.
6.27. Define measures to be taken in the event of loss of physical media in transit carrying sensitive information.
Infosec Operations shall:
6.28. Identify an inventory of information assets within organization through an asset register.
6.29. Develop and maintain an up-to-date list of assets and associated asset owners.
6.30. Ensure accuracy and consistency with other inventories.
6.31. Establish procedures for secure disposal of media containing confidential information based on the sensitivity of that information.
6.32. Ensure that media, both paper and digital, are destroyed when no longer serving organization.
6.33. Ensure that records of disposed media (containing or used to contain confidential information) are kept when no longer needed.
6.34. Establish media management procedures along its lifecycle (setup, distribution, utilization and disposal).
Asset Owners shall:
6.35. Ensure an up-to-date information classification is assigned to information and information assets in accordance with changes of their value, sensitivity and criticality through their life cycle.
6.36. Ensure sufficient information regarding physical assets (locations, data centers, networks, systems, storage, etc.) used to store, process or transmit information assets is recorded in the asset Inventory.
6.37. Apply the appropriate label on information.
6.38. Safeguard information in accordance with the established procedures.
6.39. Assign operational responsibilities to a delegate like asset manager/asset custodian as required.

Human Capital shall:
6.40. Ensure that this Policy is read and acknowledged formally by all users.
6.41. Record and retain records of acceptance of the BYOD rules by employees.
6.42. Apply the appropriate label on information.
6.43. Safeguard information in accordance with the established procedures.
6.44. Identify the needed protection levels in accordance with the information classification scheme.
6.45. Establish access procedures to loading and unloading areas to restrict access to only authorized personnel.
6.46. Ensure that each facility's supporting utilities are tested and protected against malfunctions.
6.47. Document supplier's recommendations for the maintenance of equipment and make them available to maintenance personnel.
6.48. Keep maintenance logs for all equipment.
6.49. Establish processes and procedures for decommissioning and commissioning of equipment to ensure protection of sensitive data.

Information Technology shall:
6.50. Identify and enforce required confidentiality and integrity controls necessary to assure compliance with the Information Classification scheme as per the <CLIENT> Data Security Policy (<CLIENT>-ORG-IMS-POL-003).
6.51. If there are availability requirements associated with the Information Classification scheme, ensure that the applicable ICT systems are sufficiently robust to meet these requirements.
6.52. Apply the appropriate label on information.
6.53. Safeguard information in accordance with the established procedures.
6.54. Inhibit the use of removable media in those information systems that do not require it.
6.55. Control users of removable media.

Employees, Line Managers and Third Parties(Contractors, Vendors, etc.) shall:
6.56. Employees and third parties (including contractors, vendors, etc.) who access <CLIENT> premises, information and information assets or use information and communications technology (ICT) systems of the organization are responsible for adhering to this Policy and all its applicable procedures.
6.57. Line manager to:
6.58. Ensure that the Policy is read and acknowledged formally by all personnel directly reporting to him/her.
6.59. Record and retain records of acceptance of the BYOD rules by employees under his/her direct supervision, as well as all contractors and/or third parties managed directly by him/her.
6.60. Apply the appropriate label on information.
6.61. Safeguard information in accordance with the established procedures.
6.62. The following apply to all personnel, irrespective of their role within organization:
6.63. Apply the appropriate label on information.
6.64. Safeguard the information in accordance with the established procedures.
6.65. Destroy media, both paper and digital, when no longer serving organization.
6.66. Keep records for disposed media (containing or used to contain confidential information) when no longer needed.
6.67. Identify physical media carrying sensitive information.
6.68. Ensure physical media in transit carrying sensitive information is tracked sufficiently in accordance with the sensitivity of the information it contains.
6.69. Keep a log of all transitions consistent with this Policy.
Legal shall:
6.70. Identify all relevant and applicable laws and regulations to <CLIENT> and communicate to the respective parties.
6.71. Define standard legal clauses and terms for the contract/agreement to be signed with external parties, employment contracts, confidentiality and Non-Disclosure Agreements (NDAs).
6.72. Liaise with IS Team to define and review Information Security clauses in third-party contracts/agreements, employment contracts, confidentiality and Non-Disclosure Agreements (NDAs).
6.73. Review third-party vendor, clients and partner contracts and involve IS Team for review of clauses concerning Information Security responsibilities.",,,,,,
M4.4.1__clientname-IS-POL-00-Asset Management Policy 6_passage_16,neg_sample,M4.4.1,M4,Termination Responsibilities M4.4.2 Return of Assets,,0,,(no sub-controls — judge on description),clientname-IS-POL-00-Asset Management Policy 6_passage_16,6 ROLES AND RESPONSIBILITIES,"Executives & Senior Management shall:
6.1. Make available and support the required resources to drive asset management.
6.2. Where relevant, provide direction to and participate in reviews and oversight of asset management.
6.3. IMS Committee to:
6.4. Review and approve this Policy prepared by, or on behalf of, the CISO.
6.5. Establish process for the assignment of asset ownership and its periodical review.
6.6. Assign an owner with management responsibility for each identified asset across asset lifecycle.
6.7. Establish and document the rules for the acceptable use of assets.
6.8. Support the establishment of the process for information classification.
6.9. Adapt rules to the different roles (management, users, administrators, operators, contractors, etc.).
6.10. Ensure circulation and acceptance of the rules by employees, contractors and third parties.
6.11. Review and accept the findings and recommendations arising from Internal Audit.
Information Security shall:
6.12. Develop or adopt an Asset classification scheme based on information value, legal requirements, sensitivity, and criticality to the organization as per the data protection policy.
6.13. Establish the degree of protection required for each category.
6.14. Establish the rules for the acceptable use of personal assets (e.g., BYOD) that are used on organization's environment.
6.15. Adapt these rules to the different roles (management, users, administrators, operators, contractors, etc.).
6.16. Ensure circulation and acceptance of the BYOD rules by employees, contractors and third parties.
6.17. Ensure information classification is:
6.18. Based on the established levels, and
6.19. Mapped to accountable owners.
6.20. Ensure the possibility to be accessed by automated systems to enforce specific protections based on the classification level.
6.21. Allow for the possibility that the information classification scheme can be accessed by automated systems to enforce specific protections based on the classification level.
6.22. Establish a procedure for labelling of information and its related assets in physical or electronic formats to reflect their attributed classification.
6.23. Apply the appropriate label on information.
6.24. Develop handling procedures for processing, storing and communicating information consistent with its classification and its attached label.
6.25. Safeguard information in accordance with the established procedures.
6.26. Define labelling requirements for physical media carrying sensitive information.
6.27. Define measures to be taken in the event of loss of physical media in transit carrying sensitive information.
Infosec Operations shall:
6.28. Identify an inventory of information assets within organization through an asset register.
6.29. Develop and maintain an up-to-date list of assets and associated asset owners.
6.30. Ensure accuracy and consistency with other inventories.
6.31. Establish procedures for secure disposal of media containing confidential information based on the sensitivity of that information.
6.32. Ensure that media, both paper and digital, are destroyed when no longer serving organization.
6.33. Ensure that records of disposed media (containing or used to contain confidential information) are kept when no longer needed.
6.34. Establish media management procedures along its lifecycle (setup, distribution, utilization and disposal).
Asset Owners shall:
6.35. Ensure an up-to-date information classification is assigned to information and information assets in accordance with changes of their value, sensitivity and criticality through their life cycle.
6.36. Ensure sufficient information regarding physical assets (locations, data centers, networks, systems, storage, etc.) used to store, process or transmit information assets is recorded in the asset Inventory.
6.37. Apply the appropriate label on information.
6.38. Safeguard information in accordance with the established procedures.
6.39. Assign operational responsibilities to a delegate like asset manager/asset custodian as required.

Human Capital shall:
6.40. Ensure that this Policy is read and acknowledged formally by all users.
6.41. Record and retain records of acceptance of the BYOD rules by employees.
6.42. Apply the appropriate label on information.
6.43. Safeguard information in accordance with the established procedures.
6.44. Identify the needed protection levels in accordance with the information classification scheme.
6.45. Establish access procedures to loading and unloading areas to restrict access to only authorized personnel.
6.46. Ensure that each facility's supporting utilities are tested and protected against malfunctions.
6.47. Document supplier's recommendations for the maintenance of equipment and make them available to maintenance personnel.
6.48. Keep maintenance logs for all equipment.
6.49. Establish processes and procedures for decommissioning and commissioning of equipment to ensure protection of sensitive data.

Information Technology shall:
6.50. Identify and enforce required confidentiality and integrity controls necessary to assure compliance with the Information Classification scheme as per the <CLIENT> Data Security Policy (<CLIENT>-ORG-IMS-POL-003).
6.51. If there are availability requirements associated with the Information Classification scheme, ensure that the applicable ICT systems are sufficiently robust to meet these requirements.
6.52. Apply the appropriate label on information.
6.53. Safeguard information in accordance with the established procedures.
6.54. Inhibit the use of removable media in those information systems that do not require it.
6.55. Control users of removable media.

Employees, Line Managers and Third Parties(Contractors, Vendors, etc.) shall:
6.56. Employees and third parties (including contractors, vendors, etc.) who access <CLIENT> premises, information and information assets or use information and communications technology (ICT) systems of the organization are responsible for adhering to this Policy and all its applicable procedures.
6.57. Line manager to:
6.58. Ensure that the Policy is read and acknowledged formally by all personnel directly reporting to him/her.
6.59. Record and retain records of acceptance of the BYOD rules by employees under his/her direct supervision, as well as all contractors and/or third parties managed directly by him/her.
6.60. Apply the appropriate label on information.
6.61. Safeguard information in accordance with the established procedures.
6.62. The following apply to all personnel, irrespective of their role within organization:
6.63. Apply the appropriate label on information.
6.64. Safeguard the information in accordance with the established procedures.
6.65. Destroy media, both paper and digital, when no longer serving organization.
6.66. Keep records for disposed media (containing or used to contain confidential information) when no longer needed.
6.67. Identify physical media carrying sensitive information.
6.68. Ensure physical media in transit carrying sensitive information is tracked sufficiently in accordance with the sensitivity of the information it contains.
6.69. Keep a log of all transitions consistent with this Policy.
Legal shall:
6.70. Identify all relevant and applicable laws and regulations to <CLIENT> and communicate to the respective parties.
6.71. Define standard legal clauses and terms for the contract/agreement to be signed with external parties, employment contracts, confidentiality and Non-Disclosure Agreements (NDAs).
6.72. Liaise with IS Team to define and review Information Security clauses in third-party contracts/agreements, employment contracts, confidentiality and Non-Disclosure Agreements (NDAs).
6.73. Review third-party vendor, clients and partner contracts and involve IS Team for review of clauses concerning Information Security responsibilities.",,,,,,
T4.3.2__clientname-IS-POL-00-Asset Management Policy 6_passage_16,neg_sample,T4.3.2,T4,On-Line Transactions,"The entity shall protect information involved in on-line transactions against incomplete transmission, mis-routing, unauthorized message alteration, unauthorized disclosure, unauthorized message duplication or replay.",5,"a,b,c,d,e","a: The entity shall:
b: identify all information used in on-line transactions
c: identify appropriate security measures for information used in on- line transactions based on the risk assessment
d: ensure security requirements are captured in service agreements with all partners involved in on-line transactions
e: monitor on-line transactions for on-going compliance with security requirements",clientname-IS-POL-00-Asset Management Policy 6_passage_16,6 ROLES AND RESPONSIBILITIES,"Executives & Senior Management shall:
6.1. Make available and support the required resources to drive asset management.
6.2. Where relevant, provide direction to and participate in reviews and oversight of asset management.
6.3. IMS Committee to:
6.4. Review and approve this Policy prepared by, or on behalf of, the CISO.
6.5. Establish process for the assignment of asset ownership and its periodical review.
6.6. Assign an owner with management responsibility for each identified asset across asset lifecycle.
6.7. Establish and document the rules for the acceptable use of assets.
6.8. Support the establishment of the process for information classification.
6.9. Adapt rules to the different roles (management, users, administrators, operators, contractors, etc.).
6.10. Ensure circulation and acceptance of the rules by employees, contractors and third parties.
6.11. Review and accept the findings and recommendations arising from Internal Audit.
Information Security shall:
6.12. Develop or adopt an Asset classification scheme based on information value, legal requirements, sensitivity, and criticality to the organization as per the data protection policy.
6.13. Establish the degree of protection required for each category.
6.14. Establish the rules for the acceptable use of personal assets (e.g., BYOD) that are used on organization's environment.
6.15. Adapt these rules to the different roles (management, users, administrators, operators, contractors, etc.).
6.16. Ensure circulation and acceptance of the BYOD rules by employees, contractors and third parties.
6.17. Ensure information classification is:
6.18. Based on the established levels, and
6.19. Mapped to accountable owners.
6.20. Ensure the possibility to be accessed by automated systems to enforce specific protections based on the classification level.
6.21. Allow for the possibility that the information classification scheme can be accessed by automated systems to enforce specific protections based on the classification level.
6.22. Establish a procedure for labelling of information and its related assets in physical or electronic formats to reflect their attributed classification.
6.23. Apply the appropriate label on information.
6.24. Develop handling procedures for processing, storing and communicating information consistent with its classification and its attached label.
6.25. Safeguard information in accordance with the established procedures.
6.26. Define labelling requirements for physical media carrying sensitive information.
6.27. Define measures to be taken in the event of loss of physical media in transit carrying sensitive information.
Infosec Operations shall:
6.28. Identify an inventory of information assets within organization through an asset register.
6.29. Develop and maintain an up-to-date list of assets and associated asset owners.
6.30. Ensure accuracy and consistency with other inventories.
6.31. Establish procedures for secure disposal of media containing confidential information based on the sensitivity of that information.
6.32. Ensure that media, both paper and digital, are destroyed when no longer serving organization.
6.33. Ensure that records of disposed media (containing or used to contain confidential information) are kept when no longer needed.
6.34. Establish media management procedures along its lifecycle (setup, distribution, utilization and disposal).
Asset Owners shall:
6.35. Ensure an up-to-date information classification is assigned to information and information assets in accordance with changes of their value, sensitivity and criticality through their life cycle.
6.36. Ensure sufficient information regarding physical assets (locations, data centers, networks, systems, storage, etc.) used to store, process or transmit information assets is recorded in the asset Inventory.
6.37. Apply the appropriate label on information.
6.38. Safeguard information in accordance with the established procedures.
6.39. Assign operational responsibilities to a delegate like asset manager/asset custodian as required.

Human Capital shall:
6.40. Ensure that this Policy is read and acknowledged formally by all users.
6.41. Record and retain records of acceptance of the BYOD rules by employees.
6.42. Apply the appropriate label on information.
6.43. Safeguard information in accordance with the established procedures.
6.44. Identify the needed protection levels in accordance with the information classification scheme.
6.45. Establish access procedures to loading and unloading areas to restrict access to only authorized personnel.
6.46. Ensure that each facility's supporting utilities are tested and protected against malfunctions.
6.47. Document supplier's recommendations for the maintenance of equipment and make them available to maintenance personnel.
6.48. Keep maintenance logs for all equipment.
6.49. Establish processes and procedures for decommissioning and commissioning of equipment to ensure protection of sensitive data.

Information Technology shall:
6.50. Identify and enforce required confidentiality and integrity controls necessary to assure compliance with the Information Classification scheme as per the <CLIENT> Data Security Policy (<CLIENT>-ORG-IMS-POL-003).
6.51. If there are availability requirements associated with the Information Classification scheme, ensure that the applicable ICT systems are sufficiently robust to meet these requirements.
6.52. Apply the appropriate label on information.
6.53. Safeguard information in accordance with the established procedures.
6.54. Inhibit the use of removable media in those information systems that do not require it.
6.55. Control users of removable media.

Employees, Line Managers and Third Parties(Contractors, Vendors, etc.) shall:
6.56. Employees and third parties (including contractors, vendors, etc.) who access <CLIENT> premises, information and information assets or use information and communications technology (ICT) systems of the organization are responsible for adhering to this Policy and all its applicable procedures.
6.57. Line manager to:
6.58. Ensure that the Policy is read and acknowledged formally by all personnel directly reporting to him/her.
6.59. Record and retain records of acceptance of the BYOD rules by employees under his/her direct supervision, as well as all contractors and/or third parties managed directly by him/her.
6.60. Apply the appropriate label on information.
6.61. Safeguard information in accordance with the established procedures.
6.62. The following apply to all personnel, irrespective of their role within organization:
6.63. Apply the appropriate label on information.
6.64. Safeguard the information in accordance with the established procedures.
6.65. Destroy media, both paper and digital, when no longer serving organization.
6.66. Keep records for disposed media (containing or used to contain confidential information) when no longer needed.
6.67. Identify physical media carrying sensitive information.
6.68. Ensure physical media in transit carrying sensitive information is tracked sufficiently in accordance with the sensitivity of the information it contains.
6.69. Keep a log of all transitions consistent with this Policy.
Legal shall:
6.70. Identify all relevant and applicable laws and regulations to <CLIENT> and communicate to the respective parties.
6.71. Define standard legal clauses and terms for the contract/agreement to be signed with external parties, employment contracts, confidentiality and Non-Disclosure Agreements (NDAs).
6.72. Liaise with IS Team to define and review Information Security clauses in third-party contracts/agreements, employment contracts, confidentiality and Non-Disclosure Agreements (NDAs).
6.73. Review third-party vendor, clients and partner contracts and involve IS Team for review of clauses concerning Information Security responsibilities.",,,,,,
T7.8.2__clientname-IS-POL-00-Asset Management Policy 6_passage_16,neg_sample,T7.8.2,T7,Supplier Reviews,"The entity shall conduct a supplier review prior to entering into a contractual agreement to acquire the information system, system component, or information system service.",4,"a,b,c,d","a: The entity shall:
b: define an evaluation process for suppliers of information systems, system components and services
c: periodically review supplier evaluations
d: ensure the supplier review process includes checks with appropriate sector and national level requirements",clientname-IS-POL-00-Asset Management Policy 6_passage_16,6 ROLES AND RESPONSIBILITIES,"Executives & Senior Management shall:
6.1. Make available and support the required resources to drive asset management.
6.2. Where relevant, provide direction to and participate in reviews and oversight of asset management.
6.3. IMS Committee to:
6.4. Review and approve this Policy prepared by, or on behalf of, the CISO.
6.5. Establish process for the assignment of asset ownership and its periodical review.
6.6. Assign an owner with management responsibility for each identified asset across asset lifecycle.
6.7. Establish and document the rules for the acceptable use of assets.
6.8. Support the establishment of the process for information classification.
6.9. Adapt rules to the different roles (management, users, administrators, operators, contractors, etc.).
6.10. Ensure circulation and acceptance of the rules by employees, contractors and third parties.
6.11. Review and accept the findings and recommendations arising from Internal Audit.
Information Security shall:
6.12. Develop or adopt an Asset classification scheme based on information value, legal requirements, sensitivity, and criticality to the organization as per the data protection policy.
6.13. Establish the degree of protection required for each category.
6.14. Establish the rules for the acceptable use of personal assets (e.g., BYOD) that are used on organization's environment.
6.15. Adapt these rules to the different roles (management, users, administrators, operators, contractors, etc.).
6.16. Ensure circulation and acceptance of the BYOD rules by employees, contractors and third parties.
6.17. Ensure information classification is:
6.18. Based on the established levels, and
6.19. Mapped to accountable owners.
6.20. Ensure the possibility to be accessed by automated systems to enforce specific protections based on the classification level.
6.21. Allow for the possibility that the information classification scheme can be accessed by automated systems to enforce specific protections based on the classification level.
6.22. Establish a procedure for labelling of information and its related assets in physical or electronic formats to reflect their attributed classification.
6.23. Apply the appropriate label on information.
6.24. Develop handling procedures for processing, storing and communicating information consistent with its classification and its attached label.
6.25. Safeguard information in accordance with the established procedures.
6.26. Define labelling requirements for physical media carrying sensitive information.
6.27. Define measures to be taken in the event of loss of physical media in transit carrying sensitive information.
Infosec Operations shall:
6.28. Identify an inventory of information assets within organization through an asset register.
6.29. Develop and maintain an up-to-date list of assets and associated asset owners.
6.30. Ensure accuracy and consistency with other inventories.
6.31. Establish procedures for secure disposal of media containing confidential information based on the sensitivity of that information.
6.32. Ensure that media, both paper and digital, are destroyed when no longer serving organization.
6.33. Ensure that records of disposed media (containing or used to contain confidential information) are kept when no longer needed.
6.34. Establish media management procedures along its lifecycle (setup, distribution, utilization and disposal).
Asset Owners shall:
6.35. Ensure an up-to-date information classification is assigned to information and information assets in accordance with changes of their value, sensitivity and criticality through their life cycle.
6.36. Ensure sufficient information regarding physical assets (locations, data centers, networks, systems, storage, etc.) used to store, process or transmit information assets is recorded in the asset Inventory.
6.37. Apply the appropriate label on information.
6.38. Safeguard information in accordance with the established procedures.
6.39. Assign operational responsibilities to a delegate like asset manager/asset custodian as required.

Human Capital shall:
6.40. Ensure that this Policy is read and acknowledged formally by all users.
6.41. Record and retain records of acceptance of the BYOD rules by employees.
6.42. Apply the appropriate label on information.
6.43. Safeguard information in accordance with the established procedures.
6.44. Identify the needed protection levels in accordance with the information classification scheme.
6.45. Establish access procedures to loading and unloading areas to restrict access to only authorized personnel.
6.46. Ensure that each facility's supporting utilities are tested and protected against malfunctions.
6.47. Document supplier's recommendations for the maintenance of equipment and make them available to maintenance personnel.
6.48. Keep maintenance logs for all equipment.
6.49. Establish processes and procedures for decommissioning and commissioning of equipment to ensure protection of sensitive data.

Information Technology shall:
6.50. Identify and enforce required confidentiality and integrity controls necessary to assure compliance with the Information Classification scheme as per the <CLIENT> Data Security Policy (<CLIENT>-ORG-IMS-POL-003).
6.51. If there are availability requirements associated with the Information Classification scheme, ensure that the applicable ICT systems are sufficiently robust to meet these requirements.
6.52. Apply the appropriate label on information.
6.53. Safeguard information in accordance with the established procedures.
6.54. Inhibit the use of removable media in those information systems that do not require it.
6.55. Control users of removable media.

Employees, Line Managers and Third Parties(Contractors, Vendors, etc.) shall:
6.56. Employees and third parties (including contractors, vendors, etc.) who access <CLIENT> premises, information and information assets or use information and communications technology (ICT) systems of the organization are responsible for adhering to this Policy and all its applicable procedures.
6.57. Line manager to:
6.58. Ensure that the Policy is read and acknowledged formally by all personnel directly reporting to him/her.
6.59. Record and retain records of acceptance of the BYOD rules by employees under his/her direct supervision, as well as all contractors and/or third parties managed directly by him/her.
6.60. Apply the appropriate label on information.
6.61. Safeguard information in accordance with the established procedures.
6.62. The following apply to all personnel, irrespective of their role within organization:
6.63. Apply the appropriate label on information.
6.64. Safeguard the information in accordance with the established procedures.
6.65. Destroy media, both paper and digital, when no longer serving organization.
6.66. Keep records for disposed media (containing or used to contain confidential information) when no longer needed.
6.67. Identify physical media carrying sensitive information.
6.68. Ensure physical media in transit carrying sensitive information is tracked sufficiently in accordance with the sensitivity of the information it contains.
6.69. Keep a log of all transitions consistent with this Policy.
Legal shall:
6.70. Identify all relevant and applicable laws and regulations to <CLIENT> and communicate to the respective parties.
6.71. Define standard legal clauses and terms for the contract/agreement to be signed with external parties, employment contracts, confidentiality and Non-Disclosure Agreements (NDAs).
6.72. Liaise with IS Team to define and review Information Security clauses in third-party contracts/agreements, employment contracts, confidentiality and Non-Disclosure Agreements (NDAs).
6.73. Review third-party vendor, clients and partner contracts and involve IS Team for review of clauses concerning Information Security responsibilities.",,,,,,
M1.4.3__clientname-IS-POL-00-Asset Management Policy 6_passage_17,retrieval,M1.4.3,M1,Documentation,"The entity shall maintain, protect and control documentation of its information security controls and their implementation.",12,"a,b,c,d,e,f,g,h,i,j,k,l","a: The entity shall ensure that
b: documents are approved prior to issue
c: documents are reviewed and updated as necessary
d: changes and the current revision status of documents are identified
e: documents remain legible and readily identifiable
f: documents are available to those who need them, are transferred, and stored in accordance with the procedures applicable to their classification
g: documents are disposed of in accordance with the procedures applicable to their classification
h: documents of external origin are identified
i: the distribution of documents is controlled
j: the unintended use of obsolete documents is prevented, and that up to date versions are available
k: suitable identification is applied to documents if they are retained for any purpose The entity shall document the compliance with the “mandatory” controls in a way that allows unique reference to the requirements of this Regulatio
l: (Sample Compliance Template may be provided by TRA in this regard).",clientname-IS-POL-00-Asset Management Policy 6_passage_17,7 POLICY ENFORCEMENT AND EXCEPTIONS,"7 POLICY ENFORCEMENT AND EXCEPTIONS

This Policy is to be part of all Employees' and Third Parties' processes, and all are responsible for understanding and adhering to this Policy. Any violation of this Policy shall be reported to Policy Owner. Violation of this Policy shall be subjected to disciplinary action by the <CLIENT>'s Human Capital Department, taking into consideration the recommendation of the Information Security department and in accordance with other applicable policies, laws and regulations.

Disciplinary action may range from a verbal warning to discontinuation of access to facility or services, or termination of employment/contract/agreement, and possible legal action. The actual action taken shall depend on factors such as the seriousness of the breach and the user's disciplinary record.

Any exceptions on the applicability of this Policy should be formally requested through the Policy Exception Management procedure.",,,,,,
M4.2.2__clientname-IS-POL-00-Asset Management Policy 6_passage_17,retrieval,M4.2.2,M4,Terms and Conditions of,"The entity shall ensure that employees, contractors and third party user understand, agree and sign the terms and conditions of their employment contract, which should state their and the entity’s responsibilities for",6,"a,b,c,d,e,f","a: information security, as part of their contractual obligatio
b: The entity shall:
c: define standard information security terms and conditions for employees, third parties and contractors
d: include information security terms and conditions in any contract
e: ensure that their employees, contractors, and third parties fully understand their relevant terms and conditions
f: review and eventually amend any existing contract with employees, contractors and third parties",clientname-IS-POL-00-Asset Management Policy 6_passage_17,7 POLICY ENFORCEMENT AND EXCEPTIONS,"7 POLICY ENFORCEMENT AND EXCEPTIONS

This Policy is to be part of all Employees' and Third Parties' processes, and all are responsible for understanding and adhering to this Policy. Any violation of this Policy shall be reported to Policy Owner. Violation of this Policy shall be subjected to disciplinary action by the <CLIENT>'s Human Capital Department, taking into consideration the recommendation of the Information Security department and in accordance with other applicable policies, laws and regulations.

Disciplinary action may range from a verbal warning to discontinuation of access to facility or services, or termination of employment/contract/agreement, and possible legal action. The actual action taken shall depend on factors such as the seriousness of the breach and the user's disciplinary record.

Any exceptions on the applicability of this Policy should be formally requested through the Policy Exception Management procedure.",,,,,,
M4.3.1__clientname-IS-POL-00-Asset Management Policy 6_passage_17,retrieval,M4.3.1,M4,Management,"The entity’s management shall require employees, contractors and third party users to apply security in accordance with established policies and procedures of the entity.",4,"a,b,c,d","a: The entity shall:
b: include in human resources security policy that employees, contractors and third party users have to comply with entity security policies and procedures
c: inform all employees, contractors and third parties of the security policies they are required to be compliant with
d: present, on first access, relevant security policy/guidelines for users to read and accept",clientname-IS-POL-00-Asset Management Policy 6_passage_17,7 POLICY ENFORCEMENT AND EXCEPTIONS,"7 POLICY ENFORCEMENT AND EXCEPTIONS

This Policy is to be part of all Employees' and Third Parties' processes, and all are responsible for understanding and adhering to this Policy. Any violation of this Policy shall be reported to Policy Owner. Violation of this Policy shall be subjected to disciplinary action by the <CLIENT>'s Human Capital Department, taking into consideration the recommendation of the Information Security department and in accordance with other applicable policies, laws and regulations.

Disciplinary action may range from a verbal warning to discontinuation of access to facility or services, or termination of employment/contract/agreement, and possible legal action. The actual action taken shall depend on factors such as the seriousness of the breach and the user's disciplinary record.

Any exceptions on the applicability of this Policy should be formally requested through the Policy Exception Management procedure.",,,,,,
M4.4.2__clientname-IS-POL-00-Asset Management Policy 6_passage_17,retrieval,M4.4.2,M4,Return of Assets,"The entity shall ensure that all stakeholders should return all of the entity’s assets in their possession upon termination of their employment, contract or agreement.",2,"a,b","a: The entity shall:
b: include in employee termination policy that all employees, contractors and third parties should return of all assets upon termination of employment, contract or agreement",clientname-IS-POL-00-Asset Management Policy 6_passage_17,7 POLICY ENFORCEMENT AND EXCEPTIONS,"7 POLICY ENFORCEMENT AND EXCEPTIONS

This Policy is to be part of all Employees' and Third Parties' processes, and all are responsible for understanding and adhering to this Policy. Any violation of this Policy shall be reported to Policy Owner. Violation of this Policy shall be subjected to disciplinary action by the <CLIENT>'s Human Capital Department, taking into consideration the recommendation of the Information Security department and in accordance with other applicable policies, laws and regulations.

Disciplinary action may range from a verbal warning to discontinuation of access to facility or services, or termination of employment/contract/agreement, and possible legal action. The actual action taken shall depend on factors such as the seriousness of the breach and the user's disciplinary record.

Any exceptions on the applicability of this Policy should be formally requested through the Policy Exception Management procedure.",,,,,,
M6.2.2__clientname-IS-POL-00-Asset Management Policy 6_passage_17,retrieval,M6.2.2,M6,Internal Audits,The entity shall plan and conduct internal audits of the information security in place.,12,"a,b,c,d,e,f,g,h,i,j,k,l","a: The entity shall:
b: define the audit criteria, scope and audit plan for each audit
c: select auditors and conduct audits to ensure objectivity and the impartiality of the audit process
d: ensure that the results of the audits are reported to relevant management
e: document the audit program and the audit results
f: ensure that the internal audit is effectively implemented and maintained The internal audits shall:
g: be planned, established, implemented and maintained, including the frequency, methods, responsibilities, planning requirements, and reporting of the internal audits
h: take account of the importance of the processes concerned and the results of previous audits
i: ensure that entity’s information security conforms to:
j: the entity’s own requirements for information security
k: the requirements of this Regulation
l: any applicable requirements from the entity’s sector, national or regulatory environment",clientname-IS-POL-00-Asset Management Policy 6_passage_17,7 POLICY ENFORCEMENT AND EXCEPTIONS,"7 POLICY ENFORCEMENT AND EXCEPTIONS

This Policy is to be part of all Employees' and Third Parties' processes, and all are responsible for understanding and adhering to this Policy. Any violation of this Policy shall be reported to Policy Owner. Violation of this Policy shall be subjected to disciplinary action by the <CLIENT>'s Human Capital Department, taking into consideration the recommendation of the Information Security department and in accordance with other applicable policies, laws and regulations.

Disciplinary action may range from a verbal warning to discontinuation of access to facility or services, or termination of employment/contract/agreement, and possible legal action. The actual action taken shall depend on factors such as the seriousness of the breach and the user's disciplinary record.

Any exceptions on the applicability of this Policy should be formally requested through the Policy Exception Management procedure.",,,,,,
M6.3.1__clientname-IS-POL-00-Asset Management Policy 6_passage_17,retrieval,M6.3.1,M6,Corrective Action,The entity shall correct any nonconformity with these .,9,"a,b,c,d,e,f,g,h,i","a: The entity shall react to the nonconformity when it occurs, and take action to control and correct it, and to deal with the consequence
b: The entity shall:
c: evaluate the need for action to eliminate the causes of nonconformities, in order that it does not recur or occur elsewhere, by:
d: reviewing the nonconformity
e: determining the causes of the nonconformity
f: determining if similar nonconformities exist, or could potentially occur
g: implement the appropriate action needed to the effects of the encountered nonconformities
h: review the effectiveness of any corrective action taken
i: document the corrective actions taken against the nonconformities",clientname-IS-POL-00-Asset Management Policy 6_passage_17,7 POLICY ENFORCEMENT AND EXCEPTIONS,"7 POLICY ENFORCEMENT AND EXCEPTIONS

This Policy is to be part of all Employees' and Third Parties' processes, and all are responsible for understanding and adhering to this Policy. Any violation of this Policy shall be reported to Policy Owner. Violation of this Policy shall be subjected to disciplinary action by the <CLIENT>'s Human Capital Department, taking into consideration the recommendation of the Information Security department and in accordance with other applicable policies, laws and regulations.

Disciplinary action may range from a verbal warning to discontinuation of access to facility or services, or termination of employment/contract/agreement, and possible legal action. The actual action taken shall depend on factors such as the seriousness of the breach and the user's disciplinary record.

Any exceptions on the applicability of this Policy should be formally requested through the Policy Exception Management procedure.",,,,,,
T1.1.1__clientname-IS-POL-00-Asset Management Policy 6_passage_17,retrieval,T1.1.1,T1,Asset Management Policy,The entity shall establish an asset management policy.,9,"a,b,c,d,e,f,g,h,i","a: The asset management policy shall:
b: be appropriate to the complexity of the entity and to the assets managed by the entity
c: include statement of the management commitment, purpose, objective and scope of the policy
d: outline the roles and responsibilities
e: provide the framework for managing the entity’s assets, including assignment of owners
f: provide the framework for managing Bring Your Own Device (BYOD) arrangements
g: be documented and communicated to all users
h: be read and acknowledged formally by all users
i: be maintained, reviewed and updated at planned intervals or if significant changes occur",clientname-IS-POL-00-Asset Management Policy 6_passage_17,7 POLICY ENFORCEMENT AND EXCEPTIONS,"7 POLICY ENFORCEMENT AND EXCEPTIONS

This Policy is to be part of all Employees' and Third Parties' processes, and all are responsible for understanding and adhering to this Policy. Any violation of this Policy shall be reported to Policy Owner. Violation of this Policy shall be subjected to disciplinary action by the <CLIENT>'s Human Capital Department, taking into consideration the recommendation of the Information Security department and in accordance with other applicable policies, laws and regulations.

Disciplinary action may range from a verbal warning to discontinuation of access to facility or services, or termination of employment/contract/agreement, and possible legal action. The actual action taken shall depend on factors such as the seriousness of the breach and the user's disciplinary record.

Any exceptions on the applicability of this Policy should be formally requested through the Policy Exception Management procedure.",,,,,,
T4.1.1__clientname-IS-POL-00-Asset Management Policy 6_passage_17,retrieval,T4.1.1,T4,Communications Policy,The entity shall establish a communications policy to guide the protection of information in transit.,8,"a,b,c,d,e,f,g,h","a: The communications policy shall:
b: be appropriate to the purpose of the entity
c: include statement of the management commitment, purpose, objective and scope of the policy
d: outline the roles and responsibilities
e: provide the framework to protect information in transit from interception, copying, modification, mis-routing, destruction, and other unauthorized activities
f: be documented and communicated to all users
g: be read and acknowledged formally by all users
h: be maintained, reviewed and updated at planned intervals or if significant changes occur",clientname-IS-POL-00-Asset Management Policy 6_passage_17,7 POLICY ENFORCEMENT AND EXCEPTIONS,"7 POLICY ENFORCEMENT AND EXCEPTIONS

This Policy is to be part of all Employees' and Third Parties' processes, and all are responsible for understanding and adhering to this Policy. Any violation of this Policy shall be reported to Policy Owner. Violation of this Policy shall be subjected to disciplinary action by the <CLIENT>'s Human Capital Department, taking into consideration the recommendation of the Information Security department and in accordance with other applicable policies, laws and regulations.

Disciplinary action may range from a verbal warning to discontinuation of access to facility or services, or termination of employment/contract/agreement, and possible legal action. The actual action taken shall depend on factors such as the seriousness of the breach and the user's disciplinary record.

Any exceptions on the applicability of this Policy should be formally requested through the Policy Exception Management procedure.",,,,,,
T4.2.2__clientname-IS-POL-00-Asset Management Policy 6_passage_17,retrieval,T4.2.2,T4,Agreements on,The entity shall establish agreements for the exchange of information and software between the entity and external parties.,6,"a,b,c,d,e,f","a: The entity shall:
b: identify all security requirements for exchanging information and software with external parties
c: establish an exchange of information agreement with each external party outlining clear roles and responsibilities of each party
d: ensure external parties are aware of all information security requirements and policies that are necessary before signing the agreement
e: monitor the exchange of information and software with external parties to ensure the requirements in the agreement are being met
f: take corrective action when the exchange of information or software does not follow the terms of the agreement",clientname-IS-POL-00-Asset Management Policy 6_passage_17,7 POLICY ENFORCEMENT AND EXCEPTIONS,"7 POLICY ENFORCEMENT AND EXCEPTIONS

This Policy is to be part of all Employees' and Third Parties' processes, and all are responsible for understanding and adhering to this Policy. Any violation of this Policy shall be reported to Policy Owner. Violation of this Policy shall be subjected to disciplinary action by the <CLIENT>'s Human Capital Department, taking into consideration the recommendation of the Information Security department and in accordance with other applicable policies, laws and regulations.

Disciplinary action may range from a verbal warning to discontinuation of access to facility or services, or termination of employment/contract/agreement, and possible legal action. The actual action taken shall depend on factors such as the seriousness of the breach and the user's disciplinary record.

Any exceptions on the applicability of this Policy should be formally requested through the Policy Exception Management procedure.",,,,,,
T6.1.1__clientname-IS-POL-00-Asset Management Policy 6_passage_17,retrieval,T6.1.1,T6,Third Party,The entity shall establish a third party security policy to facilitate the implementation of the associated controls.,8,"a,b,c,d,e,f,g,h","a: The third party security policy shall:
b: be appropriate to the relationship of the entity and the third party
c: include statement of the management commitment, purpose, objective and scope of the policy
d: outline the roles and responsibilities for managing third parties
e: provide the framework for setting information security objectives and/or include information security objectives to be used when engaging third parties
f: be documented and communicated to the third party
g: be read and acknowledged formally by the third party
h: be maintained, reviewed and updated at planned intervals or if significant changes occur",clientname-IS-POL-00-Asset Management Policy 6_passage_17,7 POLICY ENFORCEMENT AND EXCEPTIONS,"7 POLICY ENFORCEMENT AND EXCEPTIONS

This Policy is to be part of all Employees' and Third Parties' processes, and all are responsible for understanding and adhering to this Policy. Any violation of this Policy shall be reported to Policy Owner. Violation of this Policy shall be subjected to disciplinary action by the <CLIENT>'s Human Capital Department, taking into consideration the recommendation of the Information Security department and in accordance with other applicable policies, laws and regulations.

Disciplinary action may range from a verbal warning to discontinuation of access to facility or services, or termination of employment/contract/agreement, and possible legal action. The actual action taken shall depend on factors such as the seriousness of the breach and the user's disciplinary record.

Any exceptions on the applicability of this Policy should be formally requested through the Policy Exception Management procedure.",,,,,,
T7.1.1__clientname-IS-POL-00-Asset Management Policy 6_passage_17,retrieval,T7.1.1,T7,"Information Systems Acquisition,","The entity shall establish an information systems acquisition, development, and maintenance policy.",8,"a,b,c,d,e,f,g,h","a: The information systems acquisition, development, and maintenance policy shall:
b: be appropriate to the relationship of the entity and all internal and external parties involved in the process
c: include statement of the management commitment, purpose, objective and scope of the policy
d: outline the roles and responsibilities
e: provide the framework for setting information security objectives and/or include information security objectives to be used when engaging in the process
f: be documented and communicated to all users
g: be read and acknowledged formally by all users
h: be maintained, reviewed and updated at planned intervals or if significant changes occur",clientname-IS-POL-00-Asset Management Policy 6_passage_17,7 POLICY ENFORCEMENT AND EXCEPTIONS,"7 POLICY ENFORCEMENT AND EXCEPTIONS

This Policy is to be part of all Employees' and Third Parties' processes, and all are responsible for understanding and adhering to this Policy. Any violation of this Policy shall be reported to Policy Owner. Violation of this Policy shall be subjected to disciplinary action by the <CLIENT>'s Human Capital Department, taking into consideration the recommendation of the Information Security department and in accordance with other applicable policies, laws and regulations.

Disciplinary action may range from a verbal warning to discontinuation of access to facility or services, or termination of employment/contract/agreement, and possible legal action. The actual action taken shall depend on factors such as the seriousness of the breach and the user's disciplinary record.

Any exceptions on the applicability of this Policy should be formally requested through the Policy Exception Management procedure.",,,,,,
T9.1.1__clientname-IS-POL-00-Asset Management Policy 6_passage_17,retrieval,T9.1.1,T9,Information Systems,The entity shall establish an information systems continuity planning policy.,8,"a,b,c,d,e,f,g,h","a: The information systems continuity planning policy shall:
b: be appropriate to the purpose of the entity
c: include statement of the management commitment, purpose, objective and scope of the policy
d: outline roles and responsibilities
e: provide the framework for continuity of information in adverse situations in accordance with the entity overall business continuity and / or disaster recovery planning
f: be documented and communicated to all users
g: be read and acknowledged formally by all users
h: be maintained, reviewed, tested and updated at planned intervals or if significant changes occur",clientname-IS-POL-00-Asset Management Policy 6_passage_17,7 POLICY ENFORCEMENT AND EXCEPTIONS,"7 POLICY ENFORCEMENT AND EXCEPTIONS

This Policy is to be part of all Employees' and Third Parties' processes, and all are responsible for understanding and adhering to this Policy. Any violation of this Policy shall be reported to Policy Owner. Violation of this Policy shall be subjected to disciplinary action by the <CLIENT>'s Human Capital Department, taking into consideration the recommendation of the Information Security department and in accordance with other applicable policies, laws and regulations.

Disciplinary action may range from a verbal warning to discontinuation of access to facility or services, or termination of employment/contract/agreement, and possible legal action. The actual action taken shall depend on factors such as the seriousness of the breach and the user's disciplinary record.

Any exceptions on the applicability of this Policy should be formally requested through the Policy Exception Management procedure.",,,,,,
M1.1.3__clientname-IS-POL-00-Asset Management Policy 6_passage_17,neg_sample,M1.1.3,M1,Roles and Responsibilities,The entity shall ensure that the responsibilities and authorities of roles for information security are assigned and communicated.,5,"a,b,c,d,e","a: Top management shall assign the responsibility and the authority for:
b: ensuring that the information security implemented in the entity conforms to the requirements of the
c: reporting on the performance of information security to top management Top management shall ensure that
d: an Information Security Manager is appointed to take overall responsibility for the establishment, implementation, maintenance and continual improvement of information security
e: an Information Security Committee is established that oversees and governs the establishment, implementation, maintenance and continual improvement of information security in the entity, and that integrates information security in the entity",clientname-IS-POL-00-Asset Management Policy 6_passage_17,7 POLICY ENFORCEMENT AND EXCEPTIONS,"7 POLICY ENFORCEMENT AND EXCEPTIONS

This Policy is to be part of all Employees' and Third Parties' processes, and all are responsible for understanding and adhering to this Policy. Any violation of this Policy shall be reported to Policy Owner. Violation of this Policy shall be subjected to disciplinary action by the <CLIENT>'s Human Capital Department, taking into consideration the recommendation of the Information Security department and in accordance with other applicable policies, laws and regulations.

Disciplinary action may range from a verbal warning to discontinuation of access to facility or services, or termination of employment/contract/agreement, and possible legal action. The actual action taken shall depend on factors such as the seriousness of the breach and the user's disciplinary record.

Any exceptions on the applicability of this Policy should be formally requested through the Policy Exception Management procedure.",,,,,,
M5.2.3__clientname-IS-POL-00-Asset Management Policy 6_passage_17,neg_sample,M5.2.3,M5,Protection of,"The entity shall protect important records from loss, destruction, and falsification, in accordance with statutory, regulatory, contractual, and business requirements.",5,"a,b,c,d,e","a: The entity shall:
b: define a process for identifying records with specific compliance requirements regarding loss, destruction, falsification, or other applicable characteristics
c: determine specific system requirements resulting from the identified requirements
d: define specific controls to ensure all record protection requirements are met
e: periodically review requirements and associated controls for completeness",clientname-IS-POL-00-Asset Management Policy 6_passage_17,7 POLICY ENFORCEMENT AND EXCEPTIONS,"7 POLICY ENFORCEMENT AND EXCEPTIONS

This Policy is to be part of all Employees' and Third Parties' processes, and all are responsible for understanding and adhering to this Policy. Any violation of this Policy shall be reported to Policy Owner. Violation of this Policy shall be subjected to disciplinary action by the <CLIENT>'s Human Capital Department, taking into consideration the recommendation of the Information Security department and in accordance with other applicable policies, laws and regulations.

Disciplinary action may range from a verbal warning to discontinuation of access to facility or services, or termination of employment/contract/agreement, and possible legal action. The actual action taken shall depend on factors such as the seriousness of the breach and the user's disciplinary record.

Any exceptions on the applicability of this Policy should be formally requested through the Policy Exception Management procedure.",,,,,,
T3.6.1__clientname-IS-POL-00-Asset Management Policy 6_passage_17,neg_sample,T3.6.1,T3,Monitoring Policy and,The entity shall establish a monitoring policy and related procedures.,6,"a,b,c,d,e,f","a: The monitoring policy and related procedures shall:
b: outline what system aspects shall be monitored, how they shall be monitored, and how often they shall be monitored
c: assign responsibility for monitoring activities
d: define how information from monitoring activities will be fed into the incident response process
e: account for any sector or national requirements regarding information to be shared with external entities
f: be documented",clientname-IS-POL-00-Asset Management Policy 6_passage_17,7 POLICY ENFORCEMENT AND EXCEPTIONS,"7 POLICY ENFORCEMENT AND EXCEPTIONS

This Policy is to be part of all Employees' and Third Parties' processes, and all are responsible for understanding and adhering to this Policy. Any violation of this Policy shall be reported to Policy Owner. Violation of this Policy shall be subjected to disciplinary action by the <CLIENT>'s Human Capital Department, taking into consideration the recommendation of the Information Security department and in accordance with other applicable policies, laws and regulations.

Disciplinary action may range from a verbal warning to discontinuation of access to facility or services, or termination of employment/contract/agreement, and possible legal action. The actual action taken shall depend on factors such as the seriousness of the breach and the user's disciplinary record.

Any exceptions on the applicability of this Policy should be formally requested through the Policy Exception Management procedure.",,,,,,
T7.2.2__clientname-IS-POL-00-Asset Management Policy 6_passage_17,neg_sample,T7.2.2,T7,Developer-Provided,"The entity shall require the developer of the information system, system component, or information system service to provide the trainings needed.",2,"a,b","a: The entity shall require the developer to:
b: identify training requirements based on implemented security functions and in line with the Awareness and Training Policy (refer to",clientname-IS-POL-00-Asset Management Policy 6_passage_17,7 POLICY ENFORCEMENT AND EXCEPTIONS,"7 POLICY ENFORCEMENT AND EXCEPTIONS

This Policy is to be part of all Employees' and Third Parties' processes, and all are responsible for understanding and adhering to this Policy. Any violation of this Policy shall be reported to Policy Owner. Violation of this Policy shall be subjected to disciplinary action by the <CLIENT>'s Human Capital Department, taking into consideration the recommendation of the Information Security department and in accordance with other applicable policies, laws and regulations.

Disciplinary action may range from a verbal warning to discontinuation of access to facility or services, or termination of employment/contract/agreement, and possible legal action. The actual action taken shall depend on factors such as the seriousness of the breach and the user's disciplinary record.

Any exceptions on the applicability of this Policy should be formally requested through the Policy Exception Management procedure.",,,,,,
T7.6.5__clientname-IS-POL-00-Asset Management Policy 6_passage_17,neg_sample,T7.6.5,T7,Outsourced Software,The entity shall supervise outsourced software development.,6,"a,b,c,d,e,f","a: The entity shall:
b: define a secure coding policy
c: define a Quality Assurance (QA) process
d: include in the software acquisition contract a clause to oblige third part to be compliant to Entity secure coding policy, to align to Entity QA process; contract shall also include the possibility to conduct audit on the third party
e: specify in the software development contract any requirement and information security functionality
f: conduct a source code review to identify potential vulnerabilities and/or malicious code or code that does not conform to the functionalities required",clientname-IS-POL-00-Asset Management Policy 6_passage_17,7 POLICY ENFORCEMENT AND EXCEPTIONS,"7 POLICY ENFORCEMENT AND EXCEPTIONS

This Policy is to be part of all Employees' and Third Parties' processes, and all are responsible for understanding and adhering to this Policy. Any violation of this Policy shall be reported to Policy Owner. Violation of this Policy shall be subjected to disciplinary action by the <CLIENT>'s Human Capital Department, taking into consideration the recommendation of the Information Security department and in accordance with other applicable policies, laws and regulations.

Disciplinary action may range from a verbal warning to discontinuation of access to facility or services, or termination of employment/contract/agreement, and possible legal action. The actual action taken shall depend on factors such as the seriousness of the breach and the user's disciplinary record.

Any exceptions on the applicability of this Policy should be formally requested through the Policy Exception Management procedure.",,,,,,
M1.4.3__clientname-IS-POL-00-Asset Management Policy 6_passage_18,retrieval,M1.4.3,M1,Documentation,"The entity shall maintain, protect and control documentation of its information security controls and their implementation.",12,"a,b,c,d,e,f,g,h,i,j,k,l","a: The entity shall ensure that
b: documents are approved prior to issue
c: documents are reviewed and updated as necessary
d: changes and the current revision status of documents are identified
e: documents remain legible and readily identifiable
f: documents are available to those who need them, are transferred, and stored in accordance with the procedures applicable to their classification
g: documents are disposed of in accordance with the procedures applicable to their classification
h: documents of external origin are identified
i: the distribution of documents is controlled
j: the unintended use of obsolete documents is prevented, and that up to date versions are available
k: suitable identification is applied to documents if they are retained for any purpose The entity shall document the compliance with the “mandatory” controls in a way that allows unique reference to the requirements of this Regulatio
l: (Sample Compliance Template may be provided by TRA in this regard).",clientname-IS-POL-00-Asset Management Policy 6_passage_18,8 MONITORING AND REVIEW,"8 MONITORING AND REVIEW

This Policy is developed and owned by the <CLIENT> Information Security (IS) Team. It is reviewed by the CISO and approved by the CEO.

<CLIENT> IS Team will initiate a review and of this Policy annually or whenever a significant change occurs in the organization’s operating environment.

Feedback, suggestions or questions regarding the Policy shall be directed to the <CLIENT> IS Team at [infosec@<CLIENT>.com](mailto:infosec@cpx.net) .",,,,,,
M5.2.7__clientname-IS-POL-00-Asset Management Policy 6_passage_18,retrieval,M5.2.7,M5,Liability to the Information,"The entity shall ensure that liability issues and remediation are clarified, understood and approved by all members of an information sharing community, to address situations in which information is intentionally or unintentionally disclosed.",4,"a,b,c,d","a: The entity shall:
b: identify any liability issues and remediation requirements regarding unauthorized disclosure of information in all information sharing communities in which the entity participates
c: define specific remediation procedures for each relevant information sharing community
d: communicate to the relevant information sharing community any issues identified regarding remediation procedures",clientname-IS-POL-00-Asset Management Policy 6_passage_18,8 MONITORING AND REVIEW,"8 MONITORING AND REVIEW

This Policy is developed and owned by the <CLIENT> Information Security (IS) Team. It is reviewed by the CISO and approved by the CEO.

<CLIENT> IS Team will initiate a review and of this Policy annually or whenever a significant change occurs in the organization’s operating environment.

Feedback, suggestions or questions regarding the Policy shall be directed to the <CLIENT> IS Team at [infosec@<CLIENT>.com](mailto:infosec@cpx.net) .",,,,,,
T1.1.1__clientname-IS-POL-00-Asset Management Policy 6_passage_18,retrieval,T1.1.1,T1,Asset Management Policy,The entity shall establish an asset management policy.,9,"a,b,c,d,e,f,g,h,i","a: The asset management policy shall:
b: be appropriate to the complexity of the entity and to the assets managed by the entity
c: include statement of the management commitment, purpose, objective and scope of the policy
d: outline the roles and responsibilities
e: provide the framework for managing the entity’s assets, including assignment of owners
f: provide the framework for managing Bring Your Own Device (BYOD) arrangements
g: be documented and communicated to all users
h: be read and acknowledged formally by all users
i: be maintained, reviewed and updated at planned intervals or if significant changes occur",clientname-IS-POL-00-Asset Management Policy 6_passage_18,8 MONITORING AND REVIEW,"8 MONITORING AND REVIEW

This Policy is developed and owned by the <CLIENT> Information Security (IS) Team. It is reviewed by the CISO and approved by the CEO.

<CLIENT> IS Team will initiate a review and of this Policy annually or whenever a significant change occurs in the organization’s operating environment.

Feedback, suggestions or questions regarding the Policy shall be directed to the <CLIENT> IS Team at [infosec@<CLIENT>.com](mailto:infosec@cpx.net) .",,,,,,
T2.1.1__clientname-IS-POL-00-Asset Management Policy 6_passage_18,retrieval,T2.1.1,T2,Physical and Environmental,The entity shall develop and maintain a physical and environmental security policy to ensure appropriate physical protection of assets.,8,"a,b,c,d,e,g,h,i","a: The physical and environmental security policy shall:
b: be appropriate to the purpose of the entity
c: include statement of the management commitment, purpose, objective and scope of the policy
d: outline the roles and responsibilities for the physical and environmental security
e: consider the Information Assets classification and their physical location (storage, processing, transfe
g: be documented and communicated to all users
h: be read and acknowledged formally by all users
i: be maintained, reviewed and updated at planned intervals or if significant changes occur",clientname-IS-POL-00-Asset Management Policy 6_passage_18,8 MONITORING AND REVIEW,"8 MONITORING AND REVIEW

This Policy is developed and owned by the <CLIENT> Information Security (IS) Team. It is reviewed by the CISO and approved by the CEO.

<CLIENT> IS Team will initiate a review and of this Policy annually or whenever a significant change occurs in the organization’s operating environment.

Feedback, suggestions or questions regarding the Policy shall be directed to the <CLIENT> IS Team at [infosec@<CLIENT>.com](mailto:infosec@cpx.net) .",,,,,,
T3.6.1__clientname-IS-POL-00-Asset Management Policy 6_passage_18,retrieval,T3.6.1,T3,Monitoring Policy and,The entity shall establish a monitoring policy and related procedures.,6,"a,b,c,d,e,f","a: The monitoring policy and related procedures shall:
b: outline what system aspects shall be monitored, how they shall be monitored, and how often they shall be monitored
c: assign responsibility for monitoring activities
d: define how information from monitoring activities will be fed into the incident response process
e: account for any sector or national requirements regarding information to be shared with external entities
f: be documented",clientname-IS-POL-00-Asset Management Policy 6_passage_18,8 MONITORING AND REVIEW,"8 MONITORING AND REVIEW

This Policy is developed and owned by the <CLIENT> Information Security (IS) Team. It is reviewed by the CISO and approved by the CEO.

<CLIENT> IS Team will initiate a review and of this Policy annually or whenever a significant change occurs in the organization’s operating environment.

Feedback, suggestions or questions regarding the Policy shall be directed to the <CLIENT> IS Team at [infosec@<CLIENT>.com](mailto:infosec@cpx.net) .",,,,,,
T4.1.1__clientname-IS-POL-00-Asset Management Policy 6_passage_18,retrieval,T4.1.1,T4,Communications Policy,The entity shall establish a communications policy to guide the protection of information in transit.,8,"a,b,c,d,e,f,g,h","a: The communications policy shall:
b: be appropriate to the purpose of the entity
c: include statement of the management commitment, purpose, objective and scope of the policy
d: outline the roles and responsibilities
e: provide the framework to protect information in transit from interception, copying, modification, mis-routing, destruction, and other unauthorized activities
f: be documented and communicated to all users
g: be read and acknowledged formally by all users
h: be maintained, reviewed and updated at planned intervals or if significant changes occur",clientname-IS-POL-00-Asset Management Policy 6_passage_18,8 MONITORING AND REVIEW,"8 MONITORING AND REVIEW

This Policy is developed and owned by the <CLIENT> Information Security (IS) Team. It is reviewed by the CISO and approved by the CEO.

<CLIENT> IS Team will initiate a review and of this Policy annually or whenever a significant change occurs in the organization’s operating environment.

Feedback, suggestions or questions regarding the Policy shall be directed to the <CLIENT> IS Team at [infosec@<CLIENT>.com](mailto:infosec@cpx.net) .",,,,,,
T4.2.1__clientname-IS-POL-00-Asset Management Policy 6_passage_18,retrieval,T4.2.1,T4,Information Transfer,The entity shall develop formal transfer procedures and controls should be in place to protect the exchange of information.,6,"a,b,c,d,e,f","a: The entity shall:
b: Establish information transfer procedures The procedures shall:
c: outline conditions under which the transfer of information must be protected
d: identify specific controls to be put in place to ensure information is adequately protected during transfer
e: identify actions to be taken when issues arise regarding the transfer of information
f: be documented, maintained, reviewed and updated at planned intervals or if significant changes occur",clientname-IS-POL-00-Asset Management Policy 6_passage_18,8 MONITORING AND REVIEW,"8 MONITORING AND REVIEW

This Policy is developed and owned by the <CLIENT> Information Security (IS) Team. It is reviewed by the CISO and approved by the CEO.

<CLIENT> IS Team will initiate a review and of this Policy annually or whenever a significant change occurs in the organization’s operating environment.

Feedback, suggestions or questions regarding the Policy shall be directed to the <CLIENT> IS Team at [infosec@<CLIENT>.com](mailto:infosec@cpx.net) .",,,,,,
T6.1.1__clientname-IS-POL-00-Asset Management Policy 6_passage_18,retrieval,T6.1.1,T6,Third Party,The entity shall establish a third party security policy to facilitate the implementation of the associated controls.,8,"a,b,c,d,e,f,g,h","a: The third party security policy shall:
b: be appropriate to the relationship of the entity and the third party
c: include statement of the management commitment, purpose, objective and scope of the policy
d: outline the roles and responsibilities for managing third parties
e: provide the framework for setting information security objectives and/or include information security objectives to be used when engaging third parties
f: be documented and communicated to the third party
g: be read and acknowledged formally by the third party
h: be maintained, reviewed and updated at planned intervals or if significant changes occur",clientname-IS-POL-00-Asset Management Policy 6_passage_18,8 MONITORING AND REVIEW,"8 MONITORING AND REVIEW

This Policy is developed and owned by the <CLIENT> Information Security (IS) Team. It is reviewed by the CISO and approved by the CEO.

<CLIENT> IS Team will initiate a review and of this Policy annually or whenever a significant change occurs in the organization’s operating environment.

Feedback, suggestions or questions regarding the Policy shall be directed to the <CLIENT> IS Team at [infosec@<CLIENT>.com](mailto:infosec@cpx.net) .",,,,,,
T7.1.1__clientname-IS-POL-00-Asset Management Policy 6_passage_18,retrieval,T7.1.1,T7,"Information Systems Acquisition,","The entity shall establish an information systems acquisition, development, and maintenance policy.",8,"a,b,c,d,e,f,g,h","a: The information systems acquisition, development, and maintenance policy shall:
b: be appropriate to the relationship of the entity and all internal and external parties involved in the process
c: include statement of the management commitment, purpose, objective and scope of the policy
d: outline the roles and responsibilities
e: provide the framework for setting information security objectives and/or include information security objectives to be used when engaging in the process
f: be documented and communicated to all users
g: be read and acknowledged formally by all users
h: be maintained, reviewed and updated at planned intervals or if significant changes occur",clientname-IS-POL-00-Asset Management Policy 6_passage_18,8 MONITORING AND REVIEW,"8 MONITORING AND REVIEW

This Policy is developed and owned by the <CLIENT> Information Security (IS) Team. It is reviewed by the CISO and approved by the CEO.

<CLIENT> IS Team will initiate a review and of this Policy annually or whenever a significant change occurs in the organization’s operating environment.

Feedback, suggestions or questions regarding the Policy shall be directed to the <CLIENT> IS Team at [infosec@<CLIENT>.com](mailto:infosec@cpx.net) .",,,,,,
T8.1.1__clientname-IS-POL-00-Asset Management Policy 6_passage_18,retrieval,T8.1.1,T8,Information Security Incident,The entity shall establish a policy to manage and guide the response to information security incidents.,9,"a,b,c,d,e,f,g,h,i","a: The incident management policy shall:
b: be appropriate to the purpose of the entity
c: include statement of the management commitment, purpose, objective and scope of the policy
d: outline roles and responsibilities
e: provide the framework for managing incidents
f: address sector and national level requirements for handling and reporting incidents
g: be documented and communicated to all users
h: be read and acknowledged formally by all users
i: be maintained, reviewed, exercised and updated at planned intervals or if significant changes occur",clientname-IS-POL-00-Asset Management Policy 6_passage_18,8 MONITORING AND REVIEW,"8 MONITORING AND REVIEW

This Policy is developed and owned by the <CLIENT> Information Security (IS) Team. It is reviewed by the CISO and approved by the CEO.

<CLIENT> IS Team will initiate a review and of this Policy annually or whenever a significant change occurs in the organization’s operating environment.

Feedback, suggestions or questions regarding the Policy shall be directed to the <CLIENT> IS Team at [infosec@<CLIENT>.com](mailto:infosec@cpx.net) .",,,,,,
T8.2.4__clientname-IS-POL-00-Asset Management Policy 6_passage_18,retrieval,T8.2.4,T8,Incident Response Training,The entity shall provide incident response training to information system users.,2,"a,b","a: The entity shall:
b: establish a training program for the cyber security incident response team (CSIRT), in line with the Awareness and Training Policy (refer to",clientname-IS-POL-00-Asset Management Policy 6_passage_18,8 MONITORING AND REVIEW,"8 MONITORING AND REVIEW

This Policy is developed and owned by the <CLIENT> Information Security (IS) Team. It is reviewed by the CISO and approved by the CEO.

<CLIENT> IS Team will initiate a review and of this Policy annually or whenever a significant change occurs in the organization’s operating environment.

Feedback, suggestions or questions regarding the Policy shall be directed to the <CLIENT> IS Team at [infosec@<CLIENT>.com](mailto:infosec@cpx.net) .",,,,,,
T9.1.1__clientname-IS-POL-00-Asset Management Policy 6_passage_18,retrieval,T9.1.1,T9,Information Systems,The entity shall establish an information systems continuity planning policy.,8,"a,b,c,d,e,f,g,h","a: The information systems continuity planning policy shall:
b: be appropriate to the purpose of the entity
c: include statement of the management commitment, purpose, objective and scope of the policy
d: outline roles and responsibilities
e: provide the framework for continuity of information in adverse situations in accordance with the entity overall business continuity and / or disaster recovery planning
f: be documented and communicated to all users
g: be read and acknowledged formally by all users
h: be maintained, reviewed, tested and updated at planned intervals or if significant changes occur",clientname-IS-POL-00-Asset Management Policy 6_passage_18,8 MONITORING AND REVIEW,"8 MONITORING AND REVIEW

This Policy is developed and owned by the <CLIENT> Information Security (IS) Team. It is reviewed by the CISO and approved by the CEO.

<CLIENT> IS Team will initiate a review and of this Policy annually or whenever a significant change occurs in the organization’s operating environment.

Feedback, suggestions or questions regarding the Policy shall be directed to the <CLIENT> IS Team at [infosec@<CLIENT>.com](mailto:infosec@cpx.net) .",,,,,,
T2.3.8__clientname-IS-POL-00-Asset Management Policy 6_passage_18,neg_sample,T2.3.8,T2,"Unattended User Equipment A.11.3.2 AC-11, IA-2, PE-3, PE- 11.3.2 PE.3 5, PE-18, SC-10",,0,,(no sub-controls — judge on description),clientname-IS-POL-00-Asset Management Policy 6_passage_18,8 MONITORING AND REVIEW,"8 MONITORING AND REVIEW

This Policy is developed and owned by the <CLIENT> Information Security (IS) Team. It is reviewed by the CISO and approved by the CEO.

<CLIENT> IS Team will initiate a review and of this Policy annually or whenever a significant change occurs in the organization’s operating environment.

Feedback, suggestions or questions regarding the Policy shall be directed to the <CLIENT> IS Team at [infosec@<CLIENT>.com](mailto:infosec@cpx.net) .",,,,,,
M1.3.2__clientname-IS-POL-00-Asset Management Policy 6_passage_19,retrieval,M1.3.2,M1,"Confidentiality Agreements A.6.1.5 PL-4, PS-6, SA-9 8.1.1 HR.1",,0,,(no sub-controls — judge on description),clientname-IS-POL-00-Asset Management Policy 6_passage_19,9 POLICY – UAE IA CONTROL MAPPING,9 POLICY – UAE IA CONTROL MAPPING,,,,,,
M1.3.6__clientname-IS-POL-00-Asset Management Policy 6_passage_19,retrieval,M1.3.6,M1,Addressing Security When,The entity shall address all identified security requirements before giving customers access to the entity’s information or assets.,3,"a,b,c","a: The entity shall:
b: make sure that any customer accessing entity information and information systems are compliant with the entity’s information security policy and security requirements
c: monitor any customer access and verify compliance to agreed access control policy",clientname-IS-POL-00-Asset Management Policy 6_passage_19,9 POLICY – UAE IA CONTROL MAPPING,9 POLICY – UAE IA CONTROL MAPPING,,,,,,
M1.4.2__clientname-IS-POL-00-Asset Management Policy 6_passage_19,retrieval,M1.4.2,M1,Internal and External,The entity shall determine the plan and mechanism for internal and external communications in support of its information security.,8,"b,c,d,e,f,g,h,i","b: The entity shall determine:
c: on what to communicate
d: when to communicate
e: with whom to communicate
f: who shall communicate
g: the processes by which communication shall be effected
h: The entity shall ensure that adequate communication can be maintained with the designated UAE Government entities
i: The entity shall document the communication plan.",clientname-IS-POL-00-Asset Management Policy 6_passage_19,9 POLICY – UAE IA CONTROL MAPPING,9 POLICY – UAE IA CONTROL MAPPING,,,,,,
M4.1.1__clientname-IS-POL-00-Asset Management Policy 6_passage_19,retrieval,M4.1.1,M4,Human Resources Security,The entity shall develop and maintain a human resources security policy and associated security controls.,3,"a,b,d","a: The entity shall:
b: establish and maintain a human resources security policy that outlines roles and responsibilities of different stakeholders, and procedures to facilitate the implementation of the associated control
d: identify and implement associated controls",clientname-IS-POL-00-Asset Management Policy 6_passage_19,9 POLICY – UAE IA CONTROL MAPPING,9 POLICY – UAE IA CONTROL MAPPING,,,,,,
T2.3.8__clientname-IS-POL-00-Asset Management Policy 6_passage_19,retrieval,T2.3.8,T2,"Unattended User Equipment A.11.3.2 AC-11, IA-2, PE-3, PE- 11.3.2 PE.3 5, PE-18, SC-10",,0,,(no sub-controls — judge on description),clientname-IS-POL-00-Asset Management Policy 6_passage_19,9 POLICY – UAE IA CONTROL MAPPING,9 POLICY – UAE IA CONTROL MAPPING,,,,,,
T5.1.1__clientname-IS-POL-00-Asset Management Policy 6_passage_19,retrieval,T5.1.1,T5,Access,"Policy A.11.1.1 AC-1, AC-5, AC-6, 11.1.1 IA.4 AC-17, AC-18, AC-19, CM-5, MP-1, SI-9",0,,(no sub-controls — judge on description),clientname-IS-POL-00-Asset Management Policy 6_passage_19,9 POLICY – UAE IA CONTROL MAPPING,9 POLICY – UAE IA CONTROL MAPPING,,,,,,
T5.2.3__clientname-IS-POL-00-Asset Management Policy 6_passage_19,retrieval,T5.2.3,T5,User Security Credentials,The entity shall control the allocation of user security credentials.,8,"a,b,c,e,f,g,h,i","a: The entity shall:
b: establish a user security credential management policy for users and administrators that is appropriate to the purpose of the entity
c: ensure that the policy includes a secure process to provide users with security credentials; policy should also include credential revocation procedure and credential re-allocatio
e: in case of use of security credentials (i.
f: password
g: change default security credentials of all systems and applications
h: in case of credentials, always store them in a well-hashed (including “salting”) or encrypted format
i: for accessing critical resources/assets, implement credential systems based on multi-factor authentication",clientname-IS-POL-00-Asset Management Policy 6_passage_19,9 POLICY – UAE IA CONTROL MAPPING,9 POLICY – UAE IA CONTROL MAPPING,,,,,,
T5.6.1__clientname-IS-POL-00-Asset Management Policy 6_passage_19,retrieval,T5.6.1,T5,Information Access,The entity shall restrict access to information and application system functions in accordance with the access control policy.,5,"a,b,c,d,e","a: The entity shall:
b: ensure access to information and application system functions is restricted
c: ensure access restriction is based on user’s roles and responsibilities
d: assign the appropriate level of access rights to information and application functions
e: for each user and support personnel, adjust their access control based on specific business needs",clientname-IS-POL-00-Asset Management Policy 6_passage_19,9 POLICY – UAE IA CONTROL MAPPING,9 POLICY – UAE IA CONTROL MAPPING,,,,,,
T5.7.2__clientname-IS-POL-00-Asset Management Policy 6_passage_19,retrieval,T5.7.2,T5,Teleworking,"The entity shall implement security measures to protect information accessed, processed or stored on teleworking sites.",3,"a,b,c","a: The entity shall:
b: establish security measures for using teleworking in line with the access control policy
c: authorize the usage of teleworking in accordance with the established security measures",clientname-IS-POL-00-Asset Management Policy 6_passage_19,9 POLICY – UAE IA CONTROL MAPPING,9 POLICY – UAE IA CONTROL MAPPING,,,,,,
T7.4.1__clientname-IS-POL-00-Asset Management Policy 6_passage_19,retrieval,T7.4.1,T7,"Policy on the Use of Cryptographic A.12.3.1 Multiple controls 12.3.1 IS.5 Controls address cryptography (e.g., IA-7, SC-8, SC-9, SC-12, SC-13)",,0,,(no sub-controls — judge on description),clientname-IS-POL-00-Asset Management Policy 6_passage_19,9 POLICY – UAE IA CONTROL MAPPING,9 POLICY – UAE IA CONTROL MAPPING,,,,,,
T7.5.3__clientname-IS-POL-00-Asset Management Policy 6_passage_19,retrieval,T7.5.3,T7,Access,to Program,4,"a,b,c,d","a: The entity shall:
b: define an access control policy to source code
c: define and periodically review permissions
d: keep an audit log of all accesses",clientname-IS-POL-00-Asset Management Policy 6_passage_19,9 POLICY – UAE IA CONTROL MAPPING,9 POLICY – UAE IA CONTROL MAPPING,,,,,,
T7.8.6__clientname-IS-POL-00-Asset Management Policy 6_passage_19,retrieval,T7.8.6,T7,Processes to Address Weaknesses or T2.3.9 Clear Desk and Clear Screen Policy Deficiencies,,0,,(no sub-controls — judge on description),clientname-IS-POL-00-Asset Management Policy 6_passage_19,9 POLICY – UAE IA CONTROL MAPPING,9 POLICY – UAE IA CONTROL MAPPING,,,,,,
M2.3.1__clientname-IS-POL-00-Asset Management Policy 6_passage_19,neg_sample,M2.3.1,M2,Information Security Risk Treatment Options M2.3.2 Identification of Controls,,0,,(no sub-controls — judge on description),clientname-IS-POL-00-Asset Management Policy 6_passage_19,9 POLICY – UAE IA CONTROL MAPPING,9 POLICY – UAE IA CONTROL MAPPING,,,,,,
T2.3.4__clientname-IS-POL-00-Asset Management Policy 6_passage_19,neg_sample,T2.3.4,T2,Equipment Maintenance,The entity shall maintain its equipment. The entity shall:,3,"b,c,d","b: document suppliers recommendations for the maintenance of equipment and make them available to maintenance personnel
c: establish policies and procedures for decommissioning and commissioning of equipment to ensure protection of sensitive data
d: keep maintenance logs for all equipment",clientname-IS-POL-00-Asset Management Policy 6_passage_19,9 POLICY – UAE IA CONTROL MAPPING,9 POLICY – UAE IA CONTROL MAPPING,,,,,,
T3.2.3__clientname-IS-POL-00-Asset Management Policy 6_passage_19,neg_sample,T3.2.3,T3,Change Management,The entity shall control the changes to information systems.,5,"a,b,c,d,e","a: The entity shall:
b: document a change management process
c: integrate specific process controls to ensure the change management process is executed correctly
d: define the systems to which the change management process applies
e: assign management responsibilities for control of changes to identified systems",clientname-IS-POL-00-Asset Management Policy 6_passage_19,9 POLICY – UAE IA CONTROL MAPPING,9 POLICY – UAE IA CONTROL MAPPING,,,,,,
T5.2.1__clientname-IS-POL-00-Asset Management Policy 6_passage_19,neg_sample,T5.2.1,T5,User Registration,The entity shall implement a formal user registration and de-registration procedure.,5,"a,b,c,d,e","a: The entity shall:
b: establish and formalize procedures for the registration and de- registration of users
c: ensure that a separate account is created for each person requiring access, and prohibit sharing of same accounts across multiple users
d: immediately revoke access from users who have changed roles or jobs or left the entity following the established procedure
e: periodically check and revoke access related to temporary and inactive accounts",clientname-IS-POL-00-Asset Management Policy 6_passage_19,9 POLICY – UAE IA CONTROL MAPPING,9 POLICY – UAE IA CONTROL MAPPING,,,,,,
M1.3.2__clientname-IS-POL-00-Asset Management Policy 6_passage_2,retrieval,M1.3.2,M1,"Confidentiality Agreements A.6.1.5 PL-4, PS-6, SA-9 8.1.1 HR.1",,0,,(no sub-controls — judge on description),clientname-IS-POL-00-Asset Management Policy 6_passage_2,Table of Contents,"Table of Contents

[1.	INTRODUCTION	4](.)

[2.	PURPOSE	4](.)

[3.	SCOPE	4](.)

[4.	POLICY STATEMENT	5](.)

[5.	POLICY DETAILS	5](.)

[**5.1	Asset Inventory	5**](.)

[**5.2	Asset Ownership	5**](.)

[**5.3	Asset Labelling	5**](.)

[**5.4	Asset Handling	6**](.)

[**5.5	Removable Media Management	6**](.)

[**5.6	Disposal of Media	6**](.)

[**5.7	Physical Media Transfer	7**](.)

[**5.8	Acceptable Use of Assets	7**](.)

[**5.9	Bring Your Own Device (BYOD) Arrangements	7**](.)

[6.	ROLES AND RESPONSIBILITIES	8](.)

[7.	POLICY ENFORCEMENT AND EXCEPTIONS	11](.)

[8.	MONITORING AND REVIEW	11](.)

[9.	POLICY – UAE IA CONTROL MAPPING	11](.)
Table of Contents

[1.	INTRODUCTION	4](.)

[2.	PURPOSE	4](.)

[3.	SCOPE	4](.)

[4.	POLICY STATEMENT	5](.)

[5.	POLICY DETAILS	5](.)

[**5.1	Asset Inventory	5**](.)

[**5.2	Asset Ownership	5**](.)

[**5.3	Asset Labelling	5**](.)

[**5.4	Asset Handling	6**](.)

[**5.5	Removable Media Management	6**](.)

[**5.6	Disposal of Media	6**](.)

[**5.7	Physical Media Transfer	7**](.)

[**5.8	Acceptable Use of Assets	7**](.)

[**5.9	Bring Your Own Device (BYOD) Arrangements	7**](.)

[6.	ROLES AND RESPONSIBILITIES	8](.)

[7.	POLICY ENFORCEMENT AND EXCEPTIONS	11](.)

[8.	MONITORING AND REVIEW	11](.)

[9.	POLICY – UAE IA CONTROL MAPPING	11](.)",,,,,,
M1.3.5__clientname-IS-POL-00-Asset Management Policy 6_passage_2,retrieval,M1.3.5,M1,Identification of Risks,The entity shall identify and properly manage the risks related to its information and information systems from business processes involving external parties,5,"a,b,c,d,e","a: The entity shall:
b: identify risks to its information and information systems and implement the appropriate controls before granting access to any external party
c: define an external party access policy
d: identify and adopt proper controls to limit physical and logical access to information assets and entity information systems
e: monitor external party access to entity information and entity information systems",clientname-IS-POL-00-Asset Management Policy 6_passage_2,Table of Contents,"Table of Contents

[1.	INTRODUCTION	4](.)

[2.	PURPOSE	4](.)

[3.	SCOPE	4](.)

[4.	POLICY STATEMENT	5](.)

[5.	POLICY DETAILS	5](.)

[**5.1	Asset Inventory	5**](.)

[**5.2	Asset Ownership	5**](.)

[**5.3	Asset Labelling	5**](.)

[**5.4	Asset Handling	6**](.)

[**5.5	Removable Media Management	6**](.)

[**5.6	Disposal of Media	6**](.)

[**5.7	Physical Media Transfer	7**](.)

[**5.8	Acceptable Use of Assets	7**](.)

[**5.9	Bring Your Own Device (BYOD) Arrangements	7**](.)

[6.	ROLES AND RESPONSIBILITIES	8](.)

[7.	POLICY ENFORCEMENT AND EXCEPTIONS	11](.)

[8.	MONITORING AND REVIEW	11](.)

[9.	POLICY – UAE IA CONTROL MAPPING	11](.)
Table of Contents

[1.	INTRODUCTION	4](.)

[2.	PURPOSE	4](.)

[3.	SCOPE	4](.)

[4.	POLICY STATEMENT	5](.)

[5.	POLICY DETAILS	5](.)

[**5.1	Asset Inventory	5**](.)

[**5.2	Asset Ownership	5**](.)

[**5.3	Asset Labelling	5**](.)

[**5.4	Asset Handling	6**](.)

[**5.5	Removable Media Management	6**](.)

[**5.6	Disposal of Media	6**](.)

[**5.7	Physical Media Transfer	7**](.)

[**5.8	Acceptable Use of Assets	7**](.)

[**5.9	Bring Your Own Device (BYOD) Arrangements	7**](.)

[6.	ROLES AND RESPONSIBILITIES	8](.)

[7.	POLICY ENFORCEMENT AND EXCEPTIONS	11](.)

[8.	MONITORING AND REVIEW	11](.)

[9.	POLICY – UAE IA CONTROL MAPPING	11](.)",,,,,,
M5.2.5__clientname-IS-POL-00-Asset Management Policy 6_passage_2,retrieval,M5.2.5,M5,"Prevention of Misuse of Information A.15.1.5 AC-8, AU-6, PL-4, PS- 11.5.1 NONE Systems 6, PS-8, SA-7",,0,,(no sub-controls — judge on description),clientname-IS-POL-00-Asset Management Policy 6_passage_2,Table of Contents,"Table of Contents

[1.	INTRODUCTION	4](.)

[2.	PURPOSE	4](.)

[3.	SCOPE	4](.)

[4.	POLICY STATEMENT	5](.)

[5.	POLICY DETAILS	5](.)

[**5.1	Asset Inventory	5**](.)

[**5.2	Asset Ownership	5**](.)

[**5.3	Asset Labelling	5**](.)

[**5.4	Asset Handling	6**](.)

[**5.5	Removable Media Management	6**](.)

[**5.6	Disposal of Media	6**](.)

[**5.7	Physical Media Transfer	7**](.)

[**5.8	Acceptable Use of Assets	7**](.)

[**5.9	Bring Your Own Device (BYOD) Arrangements	7**](.)

[6.	ROLES AND RESPONSIBILITIES	8](.)

[7.	POLICY ENFORCEMENT AND EXCEPTIONS	11](.)

[8.	MONITORING AND REVIEW	11](.)

[9.	POLICY – UAE IA CONTROL MAPPING	11](.)
Table of Contents

[1.	INTRODUCTION	4](.)

[2.	PURPOSE	4](.)

[3.	SCOPE	4](.)

[4.	POLICY STATEMENT	5](.)

[5.	POLICY DETAILS	5](.)

[**5.1	Asset Inventory	5**](.)

[**5.2	Asset Ownership	5**](.)

[**5.3	Asset Labelling	5**](.)

[**5.4	Asset Handling	6**](.)

[**5.5	Removable Media Management	6**](.)

[**5.6	Disposal of Media	6**](.)

[**5.7	Physical Media Transfer	7**](.)

[**5.8	Acceptable Use of Assets	7**](.)

[**5.9	Bring Your Own Device (BYOD) Arrangements	7**](.)

[6.	ROLES AND RESPONSIBILITIES	8](.)

[7.	POLICY ENFORCEMENT AND EXCEPTIONS	11](.)

[8.	MONITORING AND REVIEW	11](.)

[9.	POLICY – UAE IA CONTROL MAPPING	11](.)",,,,,,
T1.1.1__clientname-IS-POL-00-Asset Management Policy 6_passage_2,retrieval,T1.1.1,T1,Asset Management Policy,The entity shall establish an asset management policy.,9,"a,b,c,d,e,f,g,h,i","a: The asset management policy shall:
b: be appropriate to the complexity of the entity and to the assets managed by the entity
c: include statement of the management commitment, purpose, objective and scope of the policy
d: outline the roles and responsibilities
e: provide the framework for managing the entity’s assets, including assignment of owners
f: provide the framework for managing Bring Your Own Device (BYOD) arrangements
g: be documented and communicated to all users
h: be read and acknowledged formally by all users
i: be maintained, reviewed and updated at planned intervals or if significant changes occur",clientname-IS-POL-00-Asset Management Policy 6_passage_2,Table of Contents,"Table of Contents

[1.	INTRODUCTION	4](.)

[2.	PURPOSE	4](.)

[3.	SCOPE	4](.)

[4.	POLICY STATEMENT	5](.)

[5.	POLICY DETAILS	5](.)

[**5.1	Asset Inventory	5**](.)

[**5.2	Asset Ownership	5**](.)

[**5.3	Asset Labelling	5**](.)

[**5.4	Asset Handling	6**](.)

[**5.5	Removable Media Management	6**](.)

[**5.6	Disposal of Media	6**](.)

[**5.7	Physical Media Transfer	7**](.)

[**5.8	Acceptable Use of Assets	7**](.)

[**5.9	Bring Your Own Device (BYOD) Arrangements	7**](.)

[6.	ROLES AND RESPONSIBILITIES	8](.)

[7.	POLICY ENFORCEMENT AND EXCEPTIONS	11](.)

[8.	MONITORING AND REVIEW	11](.)

[9.	POLICY – UAE IA CONTROL MAPPING	11](.)
Table of Contents

[1.	INTRODUCTION	4](.)

[2.	PURPOSE	4](.)

[3.	SCOPE	4](.)

[4.	POLICY STATEMENT	5](.)

[5.	POLICY DETAILS	5](.)

[**5.1	Asset Inventory	5**](.)

[**5.2	Asset Ownership	5**](.)

[**5.3	Asset Labelling	5**](.)

[**5.4	Asset Handling	6**](.)

[**5.5	Removable Media Management	6**](.)

[**5.6	Disposal of Media	6**](.)

[**5.7	Physical Media Transfer	7**](.)

[**5.8	Acceptable Use of Assets	7**](.)

[**5.9	Bring Your Own Device (BYOD) Arrangements	7**](.)

[6.	ROLES AND RESPONSIBILITIES	8](.)

[7.	POLICY ENFORCEMENT AND EXCEPTIONS	11](.)

[8.	MONITORING AND REVIEW	11](.)

[9.	POLICY – UAE IA CONTROL MAPPING	11](.)",,,,,,
T2.3.8__clientname-IS-POL-00-Asset Management Policy 6_passage_2,retrieval,T2.3.8,T2,"Unattended User Equipment A.11.3.2 AC-11, IA-2, PE-3, PE- 11.3.2 PE.3 5, PE-18, SC-10",,0,,(no sub-controls — judge on description),clientname-IS-POL-00-Asset Management Policy 6_passage_2,Table of Contents,"Table of Contents

[1.	INTRODUCTION	4](.)

[2.	PURPOSE	4](.)

[3.	SCOPE	4](.)

[4.	POLICY STATEMENT	5](.)

[5.	POLICY DETAILS	5](.)

[**5.1	Asset Inventory	5**](.)

[**5.2	Asset Ownership	5**](.)

[**5.3	Asset Labelling	5**](.)

[**5.4	Asset Handling	6**](.)

[**5.5	Removable Media Management	6**](.)

[**5.6	Disposal of Media	6**](.)

[**5.7	Physical Media Transfer	7**](.)

[**5.8	Acceptable Use of Assets	7**](.)

[**5.9	Bring Your Own Device (BYOD) Arrangements	7**](.)

[6.	ROLES AND RESPONSIBILITIES	8](.)

[7.	POLICY ENFORCEMENT AND EXCEPTIONS	11](.)

[8.	MONITORING AND REVIEW	11](.)

[9.	POLICY – UAE IA CONTROL MAPPING	11](.)
Table of Contents

[1.	INTRODUCTION	4](.)

[2.	PURPOSE	4](.)

[3.	SCOPE	4](.)

[4.	POLICY STATEMENT	5](.)

[5.	POLICY DETAILS	5](.)

[**5.1	Asset Inventory	5**](.)

[**5.2	Asset Ownership	5**](.)

[**5.3	Asset Labelling	5**](.)

[**5.4	Asset Handling	6**](.)

[**5.5	Removable Media Management	6**](.)

[**5.6	Disposal of Media	6**](.)

[**5.7	Physical Media Transfer	7**](.)

[**5.8	Acceptable Use of Assets	7**](.)

[**5.9	Bring Your Own Device (BYOD) Arrangements	7**](.)

[6.	ROLES AND RESPONSIBILITIES	8](.)

[7.	POLICY ENFORCEMENT AND EXCEPTIONS	11](.)

[8.	MONITORING AND REVIEW	11](.)

[9.	POLICY – UAE IA CONTROL MAPPING	11](.)",,,,,,
T4.5.4__clientname-IS-POL-00-Asset Management Policy 6_passage_2,retrieval,T4.5.4,T4,Security of Wireless,The entity shall ensure that all wireless networks are adequately secured.,5,"a,b,c,d,e","a: The entity shall:
b: undertake and document a site survey to determine the optimal physical locations to avoid stray signal leaking too far outside of the entity’s physical perimeter
c: identify criteria for grouping information services, users, and information systems into different groups that facilitate segregation on wireless networks
d: for each wireless network, identify the security controls that should be in place based on the required protection level of the information services, users, and information systems it supports
e: periodically evaluate the effectiveness of implemented segregation strategies and identify areas for improvement",clientname-IS-POL-00-Asset Management Policy 6_passage_2,Table of Contents,"Table of Contents

[1.	INTRODUCTION	4](.)

[2.	PURPOSE	4](.)

[3.	SCOPE	4](.)

[4.	POLICY STATEMENT	5](.)

[5.	POLICY DETAILS	5](.)

[**5.1	Asset Inventory	5**](.)

[**5.2	Asset Ownership	5**](.)

[**5.3	Asset Labelling	5**](.)

[**5.4	Asset Handling	6**](.)

[**5.5	Removable Media Management	6**](.)

[**5.6	Disposal of Media	6**](.)

[**5.7	Physical Media Transfer	7**](.)

[**5.8	Acceptable Use of Assets	7**](.)

[**5.9	Bring Your Own Device (BYOD) Arrangements	7**](.)

[6.	ROLES AND RESPONSIBILITIES	8](.)

[7.	POLICY ENFORCEMENT AND EXCEPTIONS	11](.)

[8.	MONITORING AND REVIEW	11](.)

[9.	POLICY – UAE IA CONTROL MAPPING	11](.)
Table of Contents

[1.	INTRODUCTION	4](.)

[2.	PURPOSE	4](.)

[3.	SCOPE	4](.)

[4.	POLICY STATEMENT	5](.)

[5.	POLICY DETAILS	5](.)

[**5.1	Asset Inventory	5**](.)

[**5.2	Asset Ownership	5**](.)

[**5.3	Asset Labelling	5**](.)

[**5.4	Asset Handling	6**](.)

[**5.5	Removable Media Management	6**](.)

[**5.6	Disposal of Media	6**](.)

[**5.7	Physical Media Transfer	7**](.)

[**5.8	Acceptable Use of Assets	7**](.)

[**5.9	Bring Your Own Device (BYOD) Arrangements	7**](.)

[6.	ROLES AND RESPONSIBILITIES	8](.)

[7.	POLICY ENFORCEMENT AND EXCEPTIONS	11](.)

[8.	MONITORING AND REVIEW	11](.)

[9.	POLICY – UAE IA CONTROL MAPPING	11](.)",,,,,,
T5.1.1__clientname-IS-POL-00-Asset Management Policy 6_passage_2,retrieval,T5.1.1,T5,Access,"Policy A.11.1.1 AC-1, AC-5, AC-6, 11.1.1 IA.4 AC-17, AC-18, AC-19, CM-5, MP-1, SI-9",0,,(no sub-controls — judge on description),clientname-IS-POL-00-Asset Management Policy 6_passage_2,Table of Contents,"Table of Contents

[1.	INTRODUCTION	4](.)

[2.	PURPOSE	4](.)

[3.	SCOPE	4](.)

[4.	POLICY STATEMENT	5](.)

[5.	POLICY DETAILS	5](.)

[**5.1	Asset Inventory	5**](.)

[**5.2	Asset Ownership	5**](.)

[**5.3	Asset Labelling	5**](.)

[**5.4	Asset Handling	6**](.)

[**5.5	Removable Media Management	6**](.)

[**5.6	Disposal of Media	6**](.)

[**5.7	Physical Media Transfer	7**](.)

[**5.8	Acceptable Use of Assets	7**](.)

[**5.9	Bring Your Own Device (BYOD) Arrangements	7**](.)

[6.	ROLES AND RESPONSIBILITIES	8](.)

[7.	POLICY ENFORCEMENT AND EXCEPTIONS	11](.)

[8.	MONITORING AND REVIEW	11](.)

[9.	POLICY – UAE IA CONTROL MAPPING	11](.)
Table of Contents

[1.	INTRODUCTION	4](.)

[2.	PURPOSE	4](.)

[3.	SCOPE	4](.)

[4.	POLICY STATEMENT	5](.)

[5.	POLICY DETAILS	5](.)

[**5.1	Asset Inventory	5**](.)

[**5.2	Asset Ownership	5**](.)

[**5.3	Asset Labelling	5**](.)

[**5.4	Asset Handling	6**](.)

[**5.5	Removable Media Management	6**](.)

[**5.6	Disposal of Media	6**](.)

[**5.7	Physical Media Transfer	7**](.)

[**5.8	Acceptable Use of Assets	7**](.)

[**5.9	Bring Your Own Device (BYOD) Arrangements	7**](.)

[6.	ROLES AND RESPONSIBILITIES	8](.)

[7.	POLICY ENFORCEMENT AND EXCEPTIONS	11](.)

[8.	MONITORING AND REVIEW	11](.)

[9.	POLICY – UAE IA CONTROL MAPPING	11](.)",,,,,,
T5.5.4__clientname-IS-POL-00-Asset Management Policy 6_passage_2,retrieval,T5.5.4,T5,"Use of System Utilities A.11.5.4 AC-3, AC-6 11.5.4 OM.13",,0,,(no sub-controls — judge on description),clientname-IS-POL-00-Asset Management Policy 6_passage_2,Table of Contents,"Table of Contents

[1.	INTRODUCTION	4](.)

[2.	PURPOSE	4](.)

[3.	SCOPE	4](.)

[4.	POLICY STATEMENT	5](.)

[5.	POLICY DETAILS	5](.)

[**5.1	Asset Inventory	5**](.)

[**5.2	Asset Ownership	5**](.)

[**5.3	Asset Labelling	5**](.)

[**5.4	Asset Handling	6**](.)

[**5.5	Removable Media Management	6**](.)

[**5.6	Disposal of Media	6**](.)

[**5.7	Physical Media Transfer	7**](.)

[**5.8	Acceptable Use of Assets	7**](.)

[**5.9	Bring Your Own Device (BYOD) Arrangements	7**](.)

[6.	ROLES AND RESPONSIBILITIES	8](.)

[7.	POLICY ENFORCEMENT AND EXCEPTIONS	11](.)

[8.	MONITORING AND REVIEW	11](.)

[9.	POLICY – UAE IA CONTROL MAPPING	11](.)
Table of Contents

[1.	INTRODUCTION	4](.)

[2.	PURPOSE	4](.)

[3.	SCOPE	4](.)

[4.	POLICY STATEMENT	5](.)

[5.	POLICY DETAILS	5](.)

[**5.1	Asset Inventory	5**](.)

[**5.2	Asset Ownership	5**](.)

[**5.3	Asset Labelling	5**](.)

[**5.4	Asset Handling	6**](.)

[**5.5	Removable Media Management	6**](.)

[**5.6	Disposal of Media	6**](.)

[**5.7	Physical Media Transfer	7**](.)

[**5.8	Acceptable Use of Assets	7**](.)

[**5.9	Bring Your Own Device (BYOD) Arrangements	7**](.)

[6.	ROLES AND RESPONSIBILITIES	8](.)

[7.	POLICY ENFORCEMENT AND EXCEPTIONS	11](.)

[8.	MONITORING AND REVIEW	11](.)

[9.	POLICY – UAE IA CONTROL MAPPING	11](.)",,,,,,
T7.4.1__clientname-IS-POL-00-Asset Management Policy 6_passage_2,retrieval,T7.4.1,T7,"Policy on the Use of Cryptographic A.12.3.1 Multiple controls 12.3.1 IS.5 Controls address cryptography (e.g., IA-7, SC-8, SC-9, SC-12, SC-13)",,0,,(no sub-controls — judge on description),clientname-IS-POL-00-Asset Management Policy 6_passage_2,Table of Contents,"Table of Contents

[1.	INTRODUCTION	4](.)

[2.	PURPOSE	4](.)

[3.	SCOPE	4](.)

[4.	POLICY STATEMENT	5](.)

[5.	POLICY DETAILS	5](.)

[**5.1	Asset Inventory	5**](.)

[**5.2	Asset Ownership	5**](.)

[**5.3	Asset Labelling	5**](.)

[**5.4	Asset Handling	6**](.)

[**5.5	Removable Media Management	6**](.)

[**5.6	Disposal of Media	6**](.)

[**5.7	Physical Media Transfer	7**](.)

[**5.8	Acceptable Use of Assets	7**](.)

[**5.9	Bring Your Own Device (BYOD) Arrangements	7**](.)

[6.	ROLES AND RESPONSIBILITIES	8](.)

[7.	POLICY ENFORCEMENT AND EXCEPTIONS	11](.)

[8.	MONITORING AND REVIEW	11](.)

[9.	POLICY – UAE IA CONTROL MAPPING	11](.)
Table of Contents

[1.	INTRODUCTION	4](.)

[2.	PURPOSE	4](.)

[3.	SCOPE	4](.)

[4.	POLICY STATEMENT	5](.)

[5.	POLICY DETAILS	5](.)

[**5.1	Asset Inventory	5**](.)

[**5.2	Asset Ownership	5**](.)

[**5.3	Asset Labelling	5**](.)

[**5.4	Asset Handling	6**](.)

[**5.5	Removable Media Management	6**](.)

[**5.6	Disposal of Media	6**](.)

[**5.7	Physical Media Transfer	7**](.)

[**5.8	Acceptable Use of Assets	7**](.)

[**5.9	Bring Your Own Device (BYOD) Arrangements	7**](.)

[6.	ROLES AND RESPONSIBILITIES	8](.)

[7.	POLICY ENFORCEMENT AND EXCEPTIONS	11](.)

[8.	MONITORING AND REVIEW	11](.)

[9.	POLICY – UAE IA CONTROL MAPPING	11](.)",,,,,,
T7.5.3__clientname-IS-POL-00-Asset Management Policy 6_passage_2,retrieval,T7.5.3,T7,Access,to Program,4,"a,b,c,d","a: The entity shall:
b: define an access control policy to source code
c: define and periodically review permissions
d: keep an audit log of all accesses",clientname-IS-POL-00-Asset Management Policy 6_passage_2,Table of Contents,"Table of Contents

[1.	INTRODUCTION	4](.)

[2.	PURPOSE	4](.)

[3.	SCOPE	4](.)

[4.	POLICY STATEMENT	5](.)

[5.	POLICY DETAILS	5](.)

[**5.1	Asset Inventory	5**](.)

[**5.2	Asset Ownership	5**](.)

[**5.3	Asset Labelling	5**](.)

[**5.4	Asset Handling	6**](.)

[**5.5	Removable Media Management	6**](.)

[**5.6	Disposal of Media	6**](.)

[**5.7	Physical Media Transfer	7**](.)

[**5.8	Acceptable Use of Assets	7**](.)

[**5.9	Bring Your Own Device (BYOD) Arrangements	7**](.)

[6.	ROLES AND RESPONSIBILITIES	8](.)

[7.	POLICY ENFORCEMENT AND EXCEPTIONS	11](.)

[8.	MONITORING AND REVIEW	11](.)

[9.	POLICY – UAE IA CONTROL MAPPING	11](.)
Table of Contents

[1.	INTRODUCTION	4](.)

[2.	PURPOSE	4](.)

[3.	SCOPE	4](.)

[4.	POLICY STATEMENT	5](.)

[5.	POLICY DETAILS	5](.)

[**5.1	Asset Inventory	5**](.)

[**5.2	Asset Ownership	5**](.)

[**5.3	Asset Labelling	5**](.)

[**5.4	Asset Handling	6**](.)

[**5.5	Removable Media Management	6**](.)

[**5.6	Disposal of Media	6**](.)

[**5.7	Physical Media Transfer	7**](.)

[**5.8	Acceptable Use of Assets	7**](.)

[**5.9	Bring Your Own Device (BYOD) Arrangements	7**](.)

[6.	ROLES AND RESPONSIBILITIES	8](.)

[7.	POLICY ENFORCEMENT AND EXCEPTIONS	11](.)

[8.	MONITORING AND REVIEW	11](.)

[9.	POLICY – UAE IA CONTROL MAPPING	11](.)",,,,,,
T7.6.5__clientname-IS-POL-00-Asset Management Policy 6_passage_2,retrieval,T7.6.5,T7,Outsourced Software,The entity shall supervise outsourced software development.,6,"a,b,c,d,e,f","a: The entity shall:
b: define a secure coding policy
c: define a Quality Assurance (QA) process
d: include in the software acquisition contract a clause to oblige third part to be compliant to Entity secure coding policy, to align to Entity QA process; contract shall also include the possibility to conduct audit on the third party
e: specify in the software development contract any requirement and information security functionality
f: conduct a source code review to identify potential vulnerabilities and/or malicious code or code that does not conform to the functionalities required",clientname-IS-POL-00-Asset Management Policy 6_passage_2,Table of Contents,"Table of Contents

[1.	INTRODUCTION	4](.)

[2.	PURPOSE	4](.)

[3.	SCOPE	4](.)

[4.	POLICY STATEMENT	5](.)

[5.	POLICY DETAILS	5](.)

[**5.1	Asset Inventory	5**](.)

[**5.2	Asset Ownership	5**](.)

[**5.3	Asset Labelling	5**](.)

[**5.4	Asset Handling	6**](.)

[**5.5	Removable Media Management	6**](.)

[**5.6	Disposal of Media	6**](.)

[**5.7	Physical Media Transfer	7**](.)

[**5.8	Acceptable Use of Assets	7**](.)

[**5.9	Bring Your Own Device (BYOD) Arrangements	7**](.)

[6.	ROLES AND RESPONSIBILITIES	8](.)

[7.	POLICY ENFORCEMENT AND EXCEPTIONS	11](.)

[8.	MONITORING AND REVIEW	11](.)

[9.	POLICY – UAE IA CONTROL MAPPING	11](.)
Table of Contents

[1.	INTRODUCTION	4](.)

[2.	PURPOSE	4](.)

[3.	SCOPE	4](.)

[4.	POLICY STATEMENT	5](.)

[5.	POLICY DETAILS	5](.)

[**5.1	Asset Inventory	5**](.)

[**5.2	Asset Ownership	5**](.)

[**5.3	Asset Labelling	5**](.)

[**5.4	Asset Handling	6**](.)

[**5.5	Removable Media Management	6**](.)

[**5.6	Disposal of Media	6**](.)

[**5.7	Physical Media Transfer	7**](.)

[**5.8	Acceptable Use of Assets	7**](.)

[**5.9	Bring Your Own Device (BYOD) Arrangements	7**](.)

[6.	ROLES AND RESPONSIBILITIES	8](.)

[7.	POLICY ENFORCEMENT AND EXCEPTIONS	11](.)

[8.	MONITORING AND REVIEW	11](.)

[9.	POLICY – UAE IA CONTROL MAPPING	11](.)",,,,,,
T7.8.5__clientname-IS-POL-00-Asset Management Policy 6_passage_2,retrieval,T7.8.5,T7,Reliable Delivery,The entity shall ensure a reliable delivery of information systems or system components.,3,"a,b,c","a: The entity shall:
b: ensure information systems and components received are genuine
c: verify software delivered has not being altered",clientname-IS-POL-00-Asset Management Policy 6_passage_2,Table of Contents,"Table of Contents

[1.	INTRODUCTION	4](.)

[2.	PURPOSE	4](.)

[3.	SCOPE	4](.)

[4.	POLICY STATEMENT	5](.)

[5.	POLICY DETAILS	5](.)

[**5.1	Asset Inventory	5**](.)

[**5.2	Asset Ownership	5**](.)

[**5.3	Asset Labelling	5**](.)

[**5.4	Asset Handling	6**](.)

[**5.5	Removable Media Management	6**](.)

[**5.6	Disposal of Media	6**](.)

[**5.7	Physical Media Transfer	7**](.)

[**5.8	Acceptable Use of Assets	7**](.)

[**5.9	Bring Your Own Device (BYOD) Arrangements	7**](.)

[6.	ROLES AND RESPONSIBILITIES	8](.)

[7.	POLICY ENFORCEMENT AND EXCEPTIONS	11](.)

[8.	MONITORING AND REVIEW	11](.)

[9.	POLICY – UAE IA CONTROL MAPPING	11](.)
Table of Contents

[1.	INTRODUCTION	4](.)

[2.	PURPOSE	4](.)

[3.	SCOPE	4](.)

[4.	POLICY STATEMENT	5](.)

[5.	POLICY DETAILS	5](.)

[**5.1	Asset Inventory	5**](.)

[**5.2	Asset Ownership	5**](.)

[**5.3	Asset Labelling	5**](.)

[**5.4	Asset Handling	6**](.)

[**5.5	Removable Media Management	6**](.)

[**5.6	Disposal of Media	6**](.)

[**5.7	Physical Media Transfer	7**](.)

[**5.8	Acceptable Use of Assets	7**](.)

[**5.9	Bring Your Own Device (BYOD) Arrangements	7**](.)

[6.	ROLES AND RESPONSIBILITIES	8](.)

[7.	POLICY ENFORCEMENT AND EXCEPTIONS	11](.)

[8.	MONITORING AND REVIEW	11](.)

[9.	POLICY – UAE IA CONTROL MAPPING	11](.)",,,,,,
M2.1.1__clientname-IS-POL-00-Asset Management Policy 6_passage_2,neg_sample,M2.1.1,M2,Unknown,The entity shall communicate and consult risk information obtained from risk management activities with all stakeholders involved. The entity shall:,2,"b,c","b: establish a risk communication plan for communicating risk information with key stakeholders including decision-makers within the entity during all stages of the risk management process
c: take into account all TRA’s issuances with regard to risk management",clientname-IS-POL-00-Asset Management Policy 6_passage_2,Table of Contents,"Table of Contents

[1.	INTRODUCTION	4](.)

[2.	PURPOSE	4](.)

[3.	SCOPE	4](.)

[4.	POLICY STATEMENT	5](.)

[5.	POLICY DETAILS	5](.)

[**5.1	Asset Inventory	5**](.)

[**5.2	Asset Ownership	5**](.)

[**5.3	Asset Labelling	5**](.)

[**5.4	Asset Handling	6**](.)

[**5.5	Removable Media Management	6**](.)

[**5.6	Disposal of Media	6**](.)

[**5.7	Physical Media Transfer	7**](.)

[**5.8	Acceptable Use of Assets	7**](.)

[**5.9	Bring Your Own Device (BYOD) Arrangements	7**](.)

[6.	ROLES AND RESPONSIBILITIES	8](.)

[7.	POLICY ENFORCEMENT AND EXCEPTIONS	11](.)

[8.	MONITORING AND REVIEW	11](.)

[9.	POLICY – UAE IA CONTROL MAPPING	11](.)
Table of Contents

[1.	INTRODUCTION	4](.)

[2.	PURPOSE	4](.)

[3.	SCOPE	4](.)

[4.	POLICY STATEMENT	5](.)

[5.	POLICY DETAILS	5](.)

[**5.1	Asset Inventory	5**](.)

[**5.2	Asset Ownership	5**](.)

[**5.3	Asset Labelling	5**](.)

[**5.4	Asset Handling	6**](.)

[**5.5	Removable Media Management	6**](.)

[**5.6	Disposal of Media	6**](.)

[**5.7	Physical Media Transfer	7**](.)

[**5.8	Acceptable Use of Assets	7**](.)

[**5.9	Bring Your Own Device (BYOD) Arrangements	7**](.)

[6.	ROLES AND RESPONSIBILITIES	8](.)

[7.	POLICY ENFORCEMENT AND EXCEPTIONS	11](.)

[8.	MONITORING AND REVIEW	11](.)

[9.	POLICY – UAE IA CONTROL MAPPING	11](.)",,,,,,
T1.1.1__clientname-IS-POL-00-Asset Management Policy 6_passage_3,golden+retrieval,T1.1.1,T1,Asset Management Policy,The entity shall establish an asset management policy.,9,"a,b,c,d,e,f,g,h,i","a: The asset management policy shall:
b: be appropriate to the complexity of the entity and to the assets managed by the entity
c: include statement of the management commitment, purpose, objective and scope of the policy
d: outline the roles and responsibilities
e: provide the framework for managing the entity’s assets, including assignment of owners
f: provide the framework for managing Bring Your Own Device (BYOD) arrangements
g: be documented and communicated to all users
h: be read and acknowledged formally by all users
i: be maintained, reviewed and updated at planned intervals or if significant changes occur",clientname-IS-POL-00-Asset Management Policy 6_passage_3,1 INTRODUCTION,"1 INTRODUCTION

<CLIENT> (hereon referred to as <CLIENT>) has embarked on a robust Asset Management initiative to safeguard information assets collected and generated during the normal course of its business operations. As a company that delivers cybersecurity services, <CLIENT>; maintains and uses valuable assets. As such, a robust and comprehensive Asset Management program is required to ensure that the assets maintained and operated by <CLIENT>; are secured and protected throughout the lifecycle.

<CLIENT>; is responsible for identifying assets and how they are used within the company; therefore, it shall set policies, processes, and standard operating procedures for handling assets, implement appropriate technical controls, and educate users about current threats to the assets that they work with and observe best practices for asset protection.

<CLIENT>; employees are expected to understand and comply with this Policy and ultimately be responsible for protecting all Information Assets from unauthorized access. Compliance with this Policy is highly important to safeguard the organization's assets and reputation. Any Policy violation may invite appropriate disciplinary action per the corporate policies, applicable laws and regulations in the United Arab Emirates.",,,,,,Not Addressed
M1.3.5__clientname-IS-POL-00-Asset Management Policy 6_passage_3,retrieval,M1.3.5,M1,Identification of Risks,The entity shall identify and properly manage the risks related to its information and information systems from business processes involving external parties,5,"a,b,c,d,e","a: The entity shall:
b: identify risks to its information and information systems and implement the appropriate controls before granting access to any external party
c: define an external party access policy
d: identify and adopt proper controls to limit physical and logical access to information assets and entity information systems
e: monitor external party access to entity information and entity information systems",clientname-IS-POL-00-Asset Management Policy 6_passage_3,1 INTRODUCTION,"1 INTRODUCTION

<CLIENT> (hereon referred to as <CLIENT>) has embarked on a robust Asset Management initiative to safeguard information assets collected and generated during the normal course of its business operations. As a company that delivers cybersecurity services, <CLIENT>; maintains and uses valuable assets. As such, a robust and comprehensive Asset Management program is required to ensure that the assets maintained and operated by <CLIENT>; are secured and protected throughout the lifecycle.

<CLIENT>; is responsible for identifying assets and how they are used within the company; therefore, it shall set policies, processes, and standard operating procedures for handling assets, implement appropriate technical controls, and educate users about current threats to the assets that they work with and observe best practices for asset protection.

<CLIENT>; employees are expected to understand and comply with this Policy and ultimately be responsible for protecting all Information Assets from unauthorized access. Compliance with this Policy is highly important to safeguard the organization's assets and reputation. Any Policy violation may invite appropriate disciplinary action per the corporate policies, applicable laws and regulations in the United Arab Emirates.",,,,,,
M1.3.6__clientname-IS-POL-00-Asset Management Policy 6_passage_3,retrieval,M1.3.6,M1,Addressing Security When,The entity shall address all identified security requirements before giving customers access to the entity’s information or assets.,3,"a,b,c","a: The entity shall:
b: make sure that any customer accessing entity information and information systems are compliant with the entity’s information security policy and security requirements
c: monitor any customer access and verify compliance to agreed access control policy",clientname-IS-POL-00-Asset Management Policy 6_passage_3,1 INTRODUCTION,"1 INTRODUCTION

<CLIENT> (hereon referred to as <CLIENT>) has embarked on a robust Asset Management initiative to safeguard information assets collected and generated during the normal course of its business operations. As a company that delivers cybersecurity services, <CLIENT>; maintains and uses valuable assets. As such, a robust and comprehensive Asset Management program is required to ensure that the assets maintained and operated by <CLIENT>; are secured and protected throughout the lifecycle.

<CLIENT>; is responsible for identifying assets and how they are used within the company; therefore, it shall set policies, processes, and standard operating procedures for handling assets, implement appropriate technical controls, and educate users about current threats to the assets that they work with and observe best practices for asset protection.

<CLIENT>; employees are expected to understand and comply with this Policy and ultimately be responsible for protecting all Information Assets from unauthorized access. Compliance with this Policy is highly important to safeguard the organization's assets and reputation. Any Policy violation may invite appropriate disciplinary action per the corporate policies, applicable laws and regulations in the United Arab Emirates.",,,,,,
M1.4.3__clientname-IS-POL-00-Asset Management Policy 6_passage_3,retrieval,M1.4.3,M1,Documentation,"The entity shall maintain, protect and control documentation of its information security controls and their implementation.",12,"a,b,c,d,e,f,g,h,i,j,k,l","a: The entity shall ensure that
b: documents are approved prior to issue
c: documents are reviewed and updated as necessary
d: changes and the current revision status of documents are identified
e: documents remain legible and readily identifiable
f: documents are available to those who need them, are transferred, and stored in accordance with the procedures applicable to their classification
g: documents are disposed of in accordance with the procedures applicable to their classification
h: documents of external origin are identified
i: the distribution of documents is controlled
j: the unintended use of obsolete documents is prevented, and that up to date versions are available
k: suitable identification is applied to documents if they are retained for any purpose The entity shall document the compliance with the “mandatory” controls in a way that allows unique reference to the requirements of this Regulatio
l: (Sample Compliance Template may be provided by TRA in this regard).",clientname-IS-POL-00-Asset Management Policy 6_passage_3,1 INTRODUCTION,"1 INTRODUCTION

<CLIENT> (hereon referred to as <CLIENT>) has embarked on a robust Asset Management initiative to safeguard information assets collected and generated during the normal course of its business operations. As a company that delivers cybersecurity services, <CLIENT>; maintains and uses valuable assets. As such, a robust and comprehensive Asset Management program is required to ensure that the assets maintained and operated by <CLIENT>; are secured and protected throughout the lifecycle.

<CLIENT>; is responsible for identifying assets and how they are used within the company; therefore, it shall set policies, processes, and standard operating procedures for handling assets, implement appropriate technical controls, and educate users about current threats to the assets that they work with and observe best practices for asset protection.

<CLIENT>; employees are expected to understand and comply with this Policy and ultimately be responsible for protecting all Information Assets from unauthorized access. Compliance with this Policy is highly important to safeguard the organization's assets and reputation. Any Policy violation may invite appropriate disciplinary action per the corporate policies, applicable laws and regulations in the United Arab Emirates.",,,,,,
M4.3.1__clientname-IS-POL-00-Asset Management Policy 6_passage_3,retrieval,M4.3.1,M4,Management,"The entity’s management shall require employees, contractors and third party users to apply security in accordance with established policies and procedures of the entity.",4,"a,b,c,d","a: The entity shall:
b: include in human resources security policy that employees, contractors and third party users have to comply with entity security policies and procedures
c: inform all employees, contractors and third parties of the security policies they are required to be compliant with
d: present, on first access, relevant security policy/guidelines for users to read and accept",clientname-IS-POL-00-Asset Management Policy 6_passage_3,1 INTRODUCTION,"1 INTRODUCTION

<CLIENT> (hereon referred to as <CLIENT>) has embarked on a robust Asset Management initiative to safeguard information assets collected and generated during the normal course of its business operations. As a company that delivers cybersecurity services, <CLIENT>; maintains and uses valuable assets. As such, a robust and comprehensive Asset Management program is required to ensure that the assets maintained and operated by <CLIENT>; are secured and protected throughout the lifecycle.

<CLIENT>; is responsible for identifying assets and how they are used within the company; therefore, it shall set policies, processes, and standard operating procedures for handling assets, implement appropriate technical controls, and educate users about current threats to the assets that they work with and observe best practices for asset protection.

<CLIENT>; employees are expected to understand and comply with this Policy and ultimately be responsible for protecting all Information Assets from unauthorized access. Compliance with this Policy is highly important to safeguard the organization's assets and reputation. Any Policy violation may invite appropriate disciplinary action per the corporate policies, applicable laws and regulations in the United Arab Emirates.",,,,,,
T1.2.4__clientname-IS-POL-00-Asset Management Policy 6_passage_3,retrieval,T1.2.4,T1,Acceptable Bring Your Own,The entity shall develop rules for the acceptable use of information assets associated with BYOD arrangements.,5,"a,b,c,d,e","a: The entity shall:
b: establish the rules for the acceptable use of personal assets that are used on the entity’s environment
c: adapt rules to the different roles (management, users, administrators, operators, contractors, etc.)
d: ensure circulation and acceptance of the rules by employees, contractors and third parties
e: measure compliance with these rules",clientname-IS-POL-00-Asset Management Policy 6_passage_3,1 INTRODUCTION,"1 INTRODUCTION

<CLIENT> (hereon referred to as <CLIENT>) has embarked on a robust Asset Management initiative to safeguard information assets collected and generated during the normal course of its business operations. As a company that delivers cybersecurity services, <CLIENT>; maintains and uses valuable assets. As such, a robust and comprehensive Asset Management program is required to ensure that the assets maintained and operated by <CLIENT>; are secured and protected throughout the lifecycle.

<CLIENT>; is responsible for identifying assets and how they are used within the company; therefore, it shall set policies, processes, and standard operating procedures for handling assets, implement appropriate technical controls, and educate users about current threats to the assets that they work with and observe best practices for asset protection.

<CLIENT>; employees are expected to understand and comply with this Policy and ultimately be responsible for protecting all Information Assets from unauthorized access. Compliance with this Policy is highly important to safeguard the organization's assets and reputation. Any Policy violation may invite appropriate disciplinary action per the corporate policies, applicable laws and regulations in the United Arab Emirates.",,,,,,
T1.3.3__clientname-IS-POL-00-Asset Management Policy 6_passage_3,retrieval,T1.3.3,T1,Handling of Information,The entity shall handle assets in accordance with the information classification scheme adopted by the entity.,3,"a,b,c","a: The entity shall:
b: develop handling procedures for processing, storing and communicating information consistent with its classification and its attached label
c: safeguard the information in accordance with the established procedures",clientname-IS-POL-00-Asset Management Policy 6_passage_3,1 INTRODUCTION,"1 INTRODUCTION

<CLIENT> (hereon referred to as <CLIENT>) has embarked on a robust Asset Management initiative to safeguard information assets collected and generated during the normal course of its business operations. As a company that delivers cybersecurity services, <CLIENT>; maintains and uses valuable assets. As such, a robust and comprehensive Asset Management program is required to ensure that the assets maintained and operated by <CLIENT>; are secured and protected throughout the lifecycle.

<CLIENT>; is responsible for identifying assets and how they are used within the company; therefore, it shall set policies, processes, and standard operating procedures for handling assets, implement appropriate technical controls, and educate users about current threats to the assets that they work with and observe best practices for asset protection.

<CLIENT>; employees are expected to understand and comply with this Policy and ultimately be responsible for protecting all Information Assets from unauthorized access. Compliance with this Policy is highly important to safeguard the organization's assets and reputation. Any Policy violation may invite appropriate disciplinary action per the corporate policies, applicable laws and regulations in the United Arab Emirates.",,,,,,
T2.1.1__clientname-IS-POL-00-Asset Management Policy 6_passage_3,retrieval,T2.1.1,T2,Physical and Environmental,The entity shall develop and maintain a physical and environmental security policy to ensure appropriate physical protection of assets.,8,"a,b,c,d,e,g,h,i","a: The physical and environmental security policy shall:
b: be appropriate to the purpose of the entity
c: include statement of the management commitment, purpose, objective and scope of the policy
d: outline the roles and responsibilities for the physical and environmental security
e: consider the Information Assets classification and their physical location (storage, processing, transfe
g: be documented and communicated to all users
h: be read and acknowledged formally by all users
i: be maintained, reviewed and updated at planned intervals or if significant changes occur",clientname-IS-POL-00-Asset Management Policy 6_passage_3,1 INTRODUCTION,"1 INTRODUCTION

<CLIENT> (hereon referred to as <CLIENT>) has embarked on a robust Asset Management initiative to safeguard information assets collected and generated during the normal course of its business operations. As a company that delivers cybersecurity services, <CLIENT>; maintains and uses valuable assets. As such, a robust and comprehensive Asset Management program is required to ensure that the assets maintained and operated by <CLIENT>; are secured and protected throughout the lifecycle.

<CLIENT>; is responsible for identifying assets and how they are used within the company; therefore, it shall set policies, processes, and standard operating procedures for handling assets, implement appropriate technical controls, and educate users about current threats to the assets that they work with and observe best practices for asset protection.

<CLIENT>; employees are expected to understand and comply with this Policy and ultimately be responsible for protecting all Information Assets from unauthorized access. Compliance with this Policy is highly important to safeguard the organization's assets and reputation. Any Policy violation may invite appropriate disciplinary action per the corporate policies, applicable laws and regulations in the United Arab Emirates.",,,,,,
T2.2.1__clientname-IS-POL-00-Asset Management Policy 6_passage_3,retrieval,T2.2.1,T2,Physical Security Perimeter,"The entity shall use security perimeters (barriers such as walls, card controlled entry gates or manned reception desks) to protect areas that contain information and information systems.",4,"a,b,c,d","a: The entity shall:
b: identify and classify security areas based on the assets and information they process or contain
c: define security perimeters for every classified security level to ensure the right level of protection is applied
d: ensure the right security countermeasures are adopted to protect areas that contain information and information systems",clientname-IS-POL-00-Asset Management Policy 6_passage_3,1 INTRODUCTION,"1 INTRODUCTION

<CLIENT> (hereon referred to as <CLIENT>) has embarked on a robust Asset Management initiative to safeguard information assets collected and generated during the normal course of its business operations. As a company that delivers cybersecurity services, <CLIENT>; maintains and uses valuable assets. As such, a robust and comprehensive Asset Management program is required to ensure that the assets maintained and operated by <CLIENT>; are secured and protected throughout the lifecycle.

<CLIENT>; is responsible for identifying assets and how they are used within the company; therefore, it shall set policies, processes, and standard operating procedures for handling assets, implement appropriate technical controls, and educate users about current threats to the assets that they work with and observe best practices for asset protection.

<CLIENT>; employees are expected to understand and comply with this Policy and ultimately be responsible for protecting all Information Assets from unauthorized access. Compliance with this Policy is highly important to safeguard the organization's assets and reputation. Any Policy violation may invite appropriate disciplinary action per the corporate policies, applicable laws and regulations in the United Arab Emirates.",,,,,,
T3.4.1__clientname-IS-POL-00-Asset Management Policy 6_passage_3,retrieval,T3.4.1,T3,Controls Against Malware,The entity shall protect its information assets from malware.,9,"a,b,c,d,e,f,g,h,j","a: The entity shall:
b: employ anti-malware protection mechanisms for the network as well as servers, workstations, laptops and other devices connected to it
c: ensure that all anti-malware protection are up-to-date
d: periodically scan all information systems files as well as files downloaded from public networks
e: scan all email attachments before reaching user’s inbox
f: scan removable media for malware every time they are connected to the information systems
g: configure servers, workstations, laptops so that they don’t “auto-run” contents from removable media
h: monitor anti-malware protection tools for malware detection events that should be logged and a notification should be sent to the administrators (refer to T.3.6.
j: ensure that users are aware of malware risks, behaviors and preventative actions (refer to M.3.2.1)",clientname-IS-POL-00-Asset Management Policy 6_passage_3,1 INTRODUCTION,"1 INTRODUCTION

<CLIENT> (hereon referred to as <CLIENT>) has embarked on a robust Asset Management initiative to safeguard information assets collected and generated during the normal course of its business operations. As a company that delivers cybersecurity services, <CLIENT>; maintains and uses valuable assets. As such, a robust and comprehensive Asset Management program is required to ensure that the assets maintained and operated by <CLIENT>; are secured and protected throughout the lifecycle.

<CLIENT>; is responsible for identifying assets and how they are used within the company; therefore, it shall set policies, processes, and standard operating procedures for handling assets, implement appropriate technical controls, and educate users about current threats to the assets that they work with and observe best practices for asset protection.

<CLIENT>; employees are expected to understand and comply with this Policy and ultimately be responsible for protecting all Information Assets from unauthorized access. Compliance with this Policy is highly important to safeguard the organization's assets and reputation. Any Policy violation may invite appropriate disciplinary action per the corporate policies, applicable laws and regulations in the United Arab Emirates.",,,,,,
T5.4.1__clientname-IS-POL-00-Asset Management Policy 6_passage_3,retrieval,T5.4.1,T5,Policy on Use of Network,The entity shall provide access to users only to the services that they have been specifically authorized to use.,4,"a,b,c,d","a: The entity shall:
b: establish a policy for the use of network services that is appropriate to the entity
c: develop the framework for managing the network services and ensure the right level of protection provided against unauthorized access
d: limit user access to the required network services and in line with the developed framework",clientname-IS-POL-00-Asset Management Policy 6_passage_3,1 INTRODUCTION,"1 INTRODUCTION

<CLIENT> (hereon referred to as <CLIENT>) has embarked on a robust Asset Management initiative to safeguard information assets collected and generated during the normal course of its business operations. As a company that delivers cybersecurity services, <CLIENT>; maintains and uses valuable assets. As such, a robust and comprehensive Asset Management program is required to ensure that the assets maintained and operated by <CLIENT>; are secured and protected throughout the lifecycle.

<CLIENT>; is responsible for identifying assets and how they are used within the company; therefore, it shall set policies, processes, and standard operating procedures for handling assets, implement appropriate technical controls, and educate users about current threats to the assets that they work with and observe best practices for asset protection.

<CLIENT>; employees are expected to understand and comply with this Policy and ultimately be responsible for protecting all Information Assets from unauthorized access. Compliance with this Policy is highly important to safeguard the organization's assets and reputation. Any Policy violation may invite appropriate disciplinary action per the corporate policies, applicable laws and regulations in the United Arab Emirates.",,,,,,
T9.2.2__clientname-IS-POL-00-Asset Management Policy 6_passage_3,retrieval,T9.2.2,T9,Unknown,"logs when a user attempts to access resources without the appropriate privileges. To evaluate whether such logging is in place, an entity should periodically scan through its logs and compare them with the asset inventory in order to ensure that each managed item actively connected to the network is periodically generating logs. Analytical programs such as SIM/SEM solutions for reviewing logs can provide value, but the capabilities employed to analyze audit logs are quite extensive, including, importantly, even just a cursory examination by a person. Actual correlation tools can make audit logs far more useful for subsequent manual inspection. Such tools can be quite helpful in identifying subtle attacks. However, these tools are neither a panacea nor a replacement for skilled information security personnel and system administrators. Even with automated log analysis tools, human expertise and intuition are often required to identify and understand attacks. Relevant Threats and • Unauthorized access Vulnerabilities • Tempering with information systems • Backdoor or command and control",0,,(no sub-controls — judge on description),clientname-IS-POL-00-Asset Management Policy 6_passage_3,1 INTRODUCTION,"1 INTRODUCTION

<CLIENT> (hereon referred to as <CLIENT>) has embarked on a robust Asset Management initiative to safeguard information assets collected and generated during the normal course of its business operations. As a company that delivers cybersecurity services, <CLIENT>; maintains and uses valuable assets. As such, a robust and comprehensive Asset Management program is required to ensure that the assets maintained and operated by <CLIENT>; are secured and protected throughout the lifecycle.

<CLIENT>; is responsible for identifying assets and how they are used within the company; therefore, it shall set policies, processes, and standard operating procedures for handling assets, implement appropriate technical controls, and educate users about current threats to the assets that they work with and observe best practices for asset protection.

<CLIENT>; employees are expected to understand and comply with this Policy and ultimately be responsible for protecting all Information Assets from unauthorized access. Compliance with this Policy is highly important to safeguard the organization's assets and reputation. Any Policy violation may invite appropriate disciplinary action per the corporate policies, applicable laws and regulations in the United Arab Emirates.",,,,,,
T2.3.8__clientname-IS-POL-00-Asset Management Policy 6_passage_3,neg_sample,T2.3.8,T2,"Unattended User Equipment A.11.3.2 AC-11, IA-2, PE-3, PE- 11.3.2 PE.3 5, PE-18, SC-10",,0,,(no sub-controls — judge on description),clientname-IS-POL-00-Asset Management Policy 6_passage_3,1 INTRODUCTION,"1 INTRODUCTION

<CLIENT> (hereon referred to as <CLIENT>) has embarked on a robust Asset Management initiative to safeguard information assets collected and generated during the normal course of its business operations. As a company that delivers cybersecurity services, <CLIENT>; maintains and uses valuable assets. As such, a robust and comprehensive Asset Management program is required to ensure that the assets maintained and operated by <CLIENT>; are secured and protected throughout the lifecycle.

<CLIENT>; is responsible for identifying assets and how they are used within the company; therefore, it shall set policies, processes, and standard operating procedures for handling assets, implement appropriate technical controls, and educate users about current threats to the assets that they work with and observe best practices for asset protection.

<CLIENT>; employees are expected to understand and comply with this Policy and ultimately be responsible for protecting all Information Assets from unauthorized access. Compliance with this Policy is highly important to safeguard the organization's assets and reputation. Any Policy violation may invite appropriate disciplinary action per the corporate policies, applicable laws and regulations in the United Arab Emirates.",,,,,,
T5.5.2__clientname-IS-POL-00-Asset Management Policy 6_passage_3,neg_sample,T5.5.2,T5,User Identification and,The entity shall create a unique identifier (user ID) for each user and implement a suitable authentication technique.,4,"a,b,c,d","a: The entity shall:
b: provide a unique identifier to each user
c: enable authentication techniques that are suitable to entity
d: ensure all restricted activity are logged with the associated authenticated users",clientname-IS-POL-00-Asset Management Policy 6_passage_3,1 INTRODUCTION,"1 INTRODUCTION

<CLIENT> (hereon referred to as <CLIENT>) has embarked on a robust Asset Management initiative to safeguard information assets collected and generated during the normal course of its business operations. As a company that delivers cybersecurity services, <CLIENT>; maintains and uses valuable assets. As such, a robust and comprehensive Asset Management program is required to ensure that the assets maintained and operated by <CLIENT>; are secured and protected throughout the lifecycle.

<CLIENT>; is responsible for identifying assets and how they are used within the company; therefore, it shall set policies, processes, and standard operating procedures for handling assets, implement appropriate technical controls, and educate users about current threats to the assets that they work with and observe best practices for asset protection.

<CLIENT>; employees are expected to understand and comply with this Policy and ultimately be responsible for protecting all Information Assets from unauthorized access. Compliance with this Policy is highly important to safeguard the organization's assets and reputation. Any Policy violation may invite appropriate disciplinary action per the corporate policies, applicable laws and regulations in the United Arab Emirates.",,,,,,
T1.1.1__clientname-IS-POL-00-Asset Management Policy 6_passage_4,golden+prediction+retrieval,T1.1.1,T1,Asset Management Policy,The entity shall establish an asset management policy.,9,"a,b,c,d,e,f,g,h,i","a: The asset management policy shall:
b: be appropriate to the complexity of the entity and to the assets managed by the entity
c: include statement of the management commitment, purpose, objective and scope of the policy
d: outline the roles and responsibilities
e: provide the framework for managing the entity’s assets, including assignment of owners
f: provide the framework for managing Bring Your Own Device (BYOD) arrangements
g: be documented and communicated to all users
h: be read and acknowledged formally by all users
i: be maintained, reviewed and updated at planned intervals or if significant changes occur",clientname-IS-POL-00-Asset Management Policy 6_passage_4,2 PURPOSE,"2 PURPOSE

This Asset Management Policy (""Policy"") aims to ensure appropriate classification and protection of <CLIENT>'s information and assets.

Further, the Policy establishes a commitment to comply with applicable sections of the federal and global laws and regulations, including but not limited to UAE Information Assurance Regulation, Federal Decree Law No. 45 of 2021 regarding the Protection of Personal Data, ISO 27001, ISO 27701, ISO 20000, ISO 22301 and UAE National Cyber Risk Management Framework (NCRMF).

The following are the key objectives of this Policy:

1. **Establish asset register:** Development and maintenance of an asset register.
2. **Handling of information:** Correct and consistent handling of information assets in accordance with the organization’s information classification scheme.
3. **Management of media:** Correct and consistent management of the asset's lifecycle.
2 PURPOSE

This Asset Management Policy (""Policy"") aims to ensure appropriate classification and protection of <CLIENT>'s information and assets.

Further, the Policy establishes a commitment to comply with applicable sections of the federal and global laws and regulations, including but not limited to UAE Information Assurance Regulation, Federal Decree Law No. 45 of 2021 regarding the Protection of Personal Data, ISO 27001, ISO 27701, ISO 20000, ISO 22301 and UAE National Cyber Risk Management Framework (NCRMF).

The following are the key objectives of this Policy:

1. **Establish asset register:** Development and maintenance of an asset register.
2. **Handling of information:** Correct and consistent handling of information assets in accordance with the organization’s information classification scheme.
3. **Management of media:** Correct and consistent management of the asset's lifecycle.",,,,,,Not Addressed
M1.2.1__clientname-IS-POL-00-Asset Management Policy 6_passage_4,retrieval,M1.2.1,M1,Information,The entity’s top management shall establish a policy for information security in the entity.,3,"a,b,c","a: The information security policy shall:
b: be appropriate to the purpose of the entity
c: provide the framework for setting information security objectives and/or include information security objectives (refer to",clientname-IS-POL-00-Asset Management Policy 6_passage_4,2 PURPOSE,"2 PURPOSE

This Asset Management Policy (""Policy"") aims to ensure appropriate classification and protection of <CLIENT>'s information and assets.

Further, the Policy establishes a commitment to comply with applicable sections of the federal and global laws and regulations, including but not limited to UAE Information Assurance Regulation, Federal Decree Law No. 45 of 2021 regarding the Protection of Personal Data, ISO 27001, ISO 27701, ISO 20000, ISO 22301 and UAE National Cyber Risk Management Framework (NCRMF).

The following are the key objectives of this Policy:

1. **Establish asset register:** Development and maintenance of an asset register.
2. **Handling of information:** Correct and consistent handling of information assets in accordance with the organization’s information classification scheme.
3. **Management of media:** Correct and consistent management of the asset's lifecycle.
2 PURPOSE

This Asset Management Policy (""Policy"") aims to ensure appropriate classification and protection of <CLIENT>'s information and assets.

Further, the Policy establishes a commitment to comply with applicable sections of the federal and global laws and regulations, including but not limited to UAE Information Assurance Regulation, Federal Decree Law No. 45 of 2021 regarding the Protection of Personal Data, ISO 27001, ISO 27701, ISO 20000, ISO 22301 and UAE National Cyber Risk Management Framework (NCRMF).

The following are the key objectives of this Policy:

1. **Establish asset register:** Development and maintenance of an asset register.
2. **Handling of information:** Correct and consistent handling of information assets in accordance with the organization’s information classification scheme.
3. **Management of media:** Correct and consistent management of the asset's lifecycle.",,,,,,
M6.2.2__clientname-IS-POL-00-Asset Management Policy 6_passage_4,retrieval,M6.2.2,M6,Internal Audits,The entity shall plan and conduct internal audits of the information security in place.,12,"a,b,c,d,e,f,g,h,i,j,k,l","a: The entity shall:
b: define the audit criteria, scope and audit plan for each audit
c: select auditors and conduct audits to ensure objectivity and the impartiality of the audit process
d: ensure that the results of the audits are reported to relevant management
e: document the audit program and the audit results
f: ensure that the internal audit is effectively implemented and maintained The internal audits shall:
g: be planned, established, implemented and maintained, including the frequency, methods, responsibilities, planning requirements, and reporting of the internal audits
h: take account of the importance of the processes concerned and the results of previous audits
i: ensure that entity’s information security conforms to:
j: the entity’s own requirements for information security
k: the requirements of this Regulation
l: any applicable requirements from the entity’s sector, national or regulatory environment",clientname-IS-POL-00-Asset Management Policy 6_passage_4,2 PURPOSE,"2 PURPOSE

This Asset Management Policy (""Policy"") aims to ensure appropriate classification and protection of <CLIENT>'s information and assets.

Further, the Policy establishes a commitment to comply with applicable sections of the federal and global laws and regulations, including but not limited to UAE Information Assurance Regulation, Federal Decree Law No. 45 of 2021 regarding the Protection of Personal Data, ISO 27001, ISO 27701, ISO 20000, ISO 22301 and UAE National Cyber Risk Management Framework (NCRMF).

The following are the key objectives of this Policy:

1. **Establish asset register:** Development and maintenance of an asset register.
2. **Handling of information:** Correct and consistent handling of information assets in accordance with the organization’s information classification scheme.
3. **Management of media:** Correct and consistent management of the asset's lifecycle.
2 PURPOSE

This Asset Management Policy (""Policy"") aims to ensure appropriate classification and protection of <CLIENT>'s information and assets.

Further, the Policy establishes a commitment to comply with applicable sections of the federal and global laws and regulations, including but not limited to UAE Information Assurance Regulation, Federal Decree Law No. 45 of 2021 regarding the Protection of Personal Data, ISO 27001, ISO 27701, ISO 20000, ISO 22301 and UAE National Cyber Risk Management Framework (NCRMF).

The following are the key objectives of this Policy:

1. **Establish asset register:** Development and maintenance of an asset register.
2. **Handling of information:** Correct and consistent handling of information assets in accordance with the organization’s information classification scheme.
3. **Management of media:** Correct and consistent management of the asset's lifecycle.",,,,,,
T1.3.2__clientname-IS-POL-00-Asset Management Policy 6_passage_4,retrieval,T1.3.2,T1,Labeling of Information,The entity shall label information in accordance with the classification scheme adopted by the entity.,3,"a,b,c","a: The entity shall:
b: establish a procedure for labeling of information and its related assets in physical or electronic formats to reflect their attributed classification
c: apply the appropriate label on information",clientname-IS-POL-00-Asset Management Policy 6_passage_4,2 PURPOSE,"2 PURPOSE

This Asset Management Policy (""Policy"") aims to ensure appropriate classification and protection of <CLIENT>'s information and assets.

Further, the Policy establishes a commitment to comply with applicable sections of the federal and global laws and regulations, including but not limited to UAE Information Assurance Regulation, Federal Decree Law No. 45 of 2021 regarding the Protection of Personal Data, ISO 27001, ISO 27701, ISO 20000, ISO 22301 and UAE National Cyber Risk Management Framework (NCRMF).

The following are the key objectives of this Policy:

1. **Establish asset register:** Development and maintenance of an asset register.
2. **Handling of information:** Correct and consistent handling of information assets in accordance with the organization’s information classification scheme.
3. **Management of media:** Correct and consistent management of the asset's lifecycle.
2 PURPOSE

This Asset Management Policy (""Policy"") aims to ensure appropriate classification and protection of <CLIENT>'s information and assets.

Further, the Policy establishes a commitment to comply with applicable sections of the federal and global laws and regulations, including but not limited to UAE Information Assurance Regulation, Federal Decree Law No. 45 of 2021 regarding the Protection of Personal Data, ISO 27001, ISO 27701, ISO 20000, ISO 22301 and UAE National Cyber Risk Management Framework (NCRMF).

The following are the key objectives of this Policy:

1. **Establish asset register:** Development and maintenance of an asset register.
2. **Handling of information:** Correct and consistent handling of information assets in accordance with the organization’s information classification scheme.
3. **Management of media:** Correct and consistent management of the asset's lifecycle.",,,,,,
T1.3.3__clientname-IS-POL-00-Asset Management Policy 6_passage_4,retrieval,T1.3.3,T1,Handling of Information,The entity shall handle assets in accordance with the information classification scheme adopted by the entity.,3,"a,b,c","a: The entity shall:
b: develop handling procedures for processing, storing and communicating information consistent with its classification and its attached label
c: safeguard the information in accordance with the established procedures",clientname-IS-POL-00-Asset Management Policy 6_passage_4,2 PURPOSE,"2 PURPOSE

This Asset Management Policy (""Policy"") aims to ensure appropriate classification and protection of <CLIENT>'s information and assets.

Further, the Policy establishes a commitment to comply with applicable sections of the federal and global laws and regulations, including but not limited to UAE Information Assurance Regulation, Federal Decree Law No. 45 of 2021 regarding the Protection of Personal Data, ISO 27001, ISO 27701, ISO 20000, ISO 22301 and UAE National Cyber Risk Management Framework (NCRMF).

The following are the key objectives of this Policy:

1. **Establish asset register:** Development and maintenance of an asset register.
2. **Handling of information:** Correct and consistent handling of information assets in accordance with the organization’s information classification scheme.
3. **Management of media:** Correct and consistent management of the asset's lifecycle.
2 PURPOSE

This Asset Management Policy (""Policy"") aims to ensure appropriate classification and protection of <CLIENT>'s information and assets.

Further, the Policy establishes a commitment to comply with applicable sections of the federal and global laws and regulations, including but not limited to UAE Information Assurance Regulation, Federal Decree Law No. 45 of 2021 regarding the Protection of Personal Data, ISO 27001, ISO 27701, ISO 20000, ISO 22301 and UAE National Cyber Risk Management Framework (NCRMF).

The following are the key objectives of this Policy:

1. **Establish asset register:** Development and maintenance of an asset register.
2. **Handling of information:** Correct and consistent handling of information assets in accordance with the organization’s information classification scheme.
3. **Management of media:** Correct and consistent management of the asset's lifecycle.",,,,,,
T1.4.1__clientname-IS-POL-00-Asset Management Policy 6_passage_4,retrieval,T1.4.1,T1,Management of,The entity shall manage the removable media in accordance with the classification scheme adopted by the entity.,5,"a,b,d,e,f","a: The entity shall:
b: establish media management procedures along its lifecycle (setup, distribution, utilization and disposa
d: identify the needed protection levels in accordance with the classification scheme
e: inhibit the use of removable media in those information systems that do not require it
f: control users of removable media",clientname-IS-POL-00-Asset Management Policy 6_passage_4,2 PURPOSE,"2 PURPOSE

This Asset Management Policy (""Policy"") aims to ensure appropriate classification and protection of <CLIENT>'s information and assets.

Further, the Policy establishes a commitment to comply with applicable sections of the federal and global laws and regulations, including but not limited to UAE Information Assurance Regulation, Federal Decree Law No. 45 of 2021 regarding the Protection of Personal Data, ISO 27001, ISO 27701, ISO 20000, ISO 22301 and UAE National Cyber Risk Management Framework (NCRMF).

The following are the key objectives of this Policy:

1. **Establish asset register:** Development and maintenance of an asset register.
2. **Handling of information:** Correct and consistent handling of information assets in accordance with the organization’s information classification scheme.
3. **Management of media:** Correct and consistent management of the asset's lifecycle.
2 PURPOSE

This Asset Management Policy (""Policy"") aims to ensure appropriate classification and protection of <CLIENT>'s information and assets.

Further, the Policy establishes a commitment to comply with applicable sections of the federal and global laws and regulations, including but not limited to UAE Information Assurance Regulation, Federal Decree Law No. 45 of 2021 regarding the Protection of Personal Data, ISO 27001, ISO 27701, ISO 20000, ISO 22301 and UAE National Cyber Risk Management Framework (NCRMF).

The following are the key objectives of this Policy:

1. **Establish asset register:** Development and maintenance of an asset register.
2. **Handling of information:** Correct and consistent handling of information assets in accordance with the organization’s information classification scheme.
3. **Management of media:** Correct and consistent management of the asset's lifecycle.",,,,,,
T2.1.1__clientname-IS-POL-00-Asset Management Policy 6_passage_4,retrieval,T2.1.1,T2,Physical and Environmental,The entity shall develop and maintain a physical and environmental security policy to ensure appropriate physical protection of assets.,8,"a,b,c,d,e,g,h,i","a: The physical and environmental security policy shall:
b: be appropriate to the purpose of the entity
c: include statement of the management commitment, purpose, objective and scope of the policy
d: outline the roles and responsibilities for the physical and environmental security
e: consider the Information Assets classification and their physical location (storage, processing, transfe
g: be documented and communicated to all users
h: be read and acknowledged formally by all users
i: be maintained, reviewed and updated at planned intervals or if significant changes occur",clientname-IS-POL-00-Asset Management Policy 6_passage_4,2 PURPOSE,"2 PURPOSE

This Asset Management Policy (""Policy"") aims to ensure appropriate classification and protection of <CLIENT>'s information and assets.

Further, the Policy establishes a commitment to comply with applicable sections of the federal and global laws and regulations, including but not limited to UAE Information Assurance Regulation, Federal Decree Law No. 45 of 2021 regarding the Protection of Personal Data, ISO 27001, ISO 27701, ISO 20000, ISO 22301 and UAE National Cyber Risk Management Framework (NCRMF).

The following are the key objectives of this Policy:

1. **Establish asset register:** Development and maintenance of an asset register.
2. **Handling of information:** Correct and consistent handling of information assets in accordance with the organization’s information classification scheme.
3. **Management of media:** Correct and consistent management of the asset's lifecycle.
2 PURPOSE

This Asset Management Policy (""Policy"") aims to ensure appropriate classification and protection of <CLIENT>'s information and assets.

Further, the Policy establishes a commitment to comply with applicable sections of the federal and global laws and regulations, including but not limited to UAE Information Assurance Regulation, Federal Decree Law No. 45 of 2021 regarding the Protection of Personal Data, ISO 27001, ISO 27701, ISO 20000, ISO 22301 and UAE National Cyber Risk Management Framework (NCRMF).

The following are the key objectives of this Policy:

1. **Establish asset register:** Development and maintenance of an asset register.
2. **Handling of information:** Correct and consistent handling of information assets in accordance with the organization’s information classification scheme.
3. **Management of media:** Correct and consistent management of the asset's lifecycle.",,,,,,
T3.1.1__clientname-IS-POL-00-Asset Management Policy 6_passage_4,retrieval,T3.1.1,T3,Operations Management,The entity shall establish an operations management policy.,3,"a,b,c","a: The Operations Management Policy shall:
b: be appropriate to the purpose of the entity
c: provide the framework for managing the operations of systems, processes, and controls related to information security",clientname-IS-POL-00-Asset Management Policy 6_passage_4,2 PURPOSE,"2 PURPOSE

This Asset Management Policy (""Policy"") aims to ensure appropriate classification and protection of <CLIENT>'s information and assets.

Further, the Policy establishes a commitment to comply with applicable sections of the federal and global laws and regulations, including but not limited to UAE Information Assurance Regulation, Federal Decree Law No. 45 of 2021 regarding the Protection of Personal Data, ISO 27001, ISO 27701, ISO 20000, ISO 22301 and UAE National Cyber Risk Management Framework (NCRMF).

The following are the key objectives of this Policy:

1. **Establish asset register:** Development and maintenance of an asset register.
2. **Handling of information:** Correct and consistent handling of information assets in accordance with the organization’s information classification scheme.
3. **Management of media:** Correct and consistent management of the asset's lifecycle.
2 PURPOSE

This Asset Management Policy (""Policy"") aims to ensure appropriate classification and protection of <CLIENT>'s information and assets.

Further, the Policy establishes a commitment to comply with applicable sections of the federal and global laws and regulations, including but not limited to UAE Information Assurance Regulation, Federal Decree Law No. 45 of 2021 regarding the Protection of Personal Data, ISO 27001, ISO 27701, ISO 20000, ISO 22301 and UAE National Cyber Risk Management Framework (NCRMF).

The following are the key objectives of this Policy:

1. **Establish asset register:** Development and maintenance of an asset register.
2. **Handling of information:** Correct and consistent handling of information assets in accordance with the organization’s information classification scheme.
3. **Management of media:** Correct and consistent management of the asset's lifecycle.",,,,,,
T4.1.1__clientname-IS-POL-00-Asset Management Policy 6_passage_4,retrieval,T4.1.1,T4,Communications Policy,The entity shall establish a communications policy to guide the protection of information in transit.,8,"a,b,c,d,e,f,g,h","a: The communications policy shall:
b: be appropriate to the purpose of the entity
c: include statement of the management commitment, purpose, objective and scope of the policy
d: outline the roles and responsibilities
e: provide the framework to protect information in transit from interception, copying, modification, mis-routing, destruction, and other unauthorized activities
f: be documented and communicated to all users
g: be read and acknowledged formally by all users
h: be maintained, reviewed and updated at planned intervals or if significant changes occur",clientname-IS-POL-00-Asset Management Policy 6_passage_4,2 PURPOSE,"2 PURPOSE

This Asset Management Policy (""Policy"") aims to ensure appropriate classification and protection of <CLIENT>'s information and assets.

Further, the Policy establishes a commitment to comply with applicable sections of the federal and global laws and regulations, including but not limited to UAE Information Assurance Regulation, Federal Decree Law No. 45 of 2021 regarding the Protection of Personal Data, ISO 27001, ISO 27701, ISO 20000, ISO 22301 and UAE National Cyber Risk Management Framework (NCRMF).

The following are the key objectives of this Policy:

1. **Establish asset register:** Development and maintenance of an asset register.
2. **Handling of information:** Correct and consistent handling of information assets in accordance with the organization’s information classification scheme.
3. **Management of media:** Correct and consistent management of the asset's lifecycle.
2 PURPOSE

This Asset Management Policy (""Policy"") aims to ensure appropriate classification and protection of <CLIENT>'s information and assets.

Further, the Policy establishes a commitment to comply with applicable sections of the federal and global laws and regulations, including but not limited to UAE Information Assurance Regulation, Federal Decree Law No. 45 of 2021 regarding the Protection of Personal Data, ISO 27001, ISO 27701, ISO 20000, ISO 22301 and UAE National Cyber Risk Management Framework (NCRMF).

The following are the key objectives of this Policy:

1. **Establish asset register:** Development and maintenance of an asset register.
2. **Handling of information:** Correct and consistent handling of information assets in accordance with the organization’s information classification scheme.
3. **Management of media:** Correct and consistent management of the asset's lifecycle.",,,,,,
T7.1.1__clientname-IS-POL-00-Asset Management Policy 6_passage_4,retrieval,T7.1.1,T7,"Information Systems Acquisition,","The entity shall establish an information systems acquisition, development, and maintenance policy.",8,"a,b,c,d,e,f,g,h","a: The information systems acquisition, development, and maintenance policy shall:
b: be appropriate to the relationship of the entity and all internal and external parties involved in the process
c: include statement of the management commitment, purpose, objective and scope of the policy
d: outline the roles and responsibilities
e: provide the framework for setting information security objectives and/or include information security objectives to be used when engaging in the process
f: be documented and communicated to all users
g: be read and acknowledged formally by all users
h: be maintained, reviewed and updated at planned intervals or if significant changes occur",clientname-IS-POL-00-Asset Management Policy 6_passage_4,2 PURPOSE,"2 PURPOSE

This Asset Management Policy (""Policy"") aims to ensure appropriate classification and protection of <CLIENT>'s information and assets.

Further, the Policy establishes a commitment to comply with applicable sections of the federal and global laws and regulations, including but not limited to UAE Information Assurance Regulation, Federal Decree Law No. 45 of 2021 regarding the Protection of Personal Data, ISO 27001, ISO 27701, ISO 20000, ISO 22301 and UAE National Cyber Risk Management Framework (NCRMF).

The following are the key objectives of this Policy:

1. **Establish asset register:** Development and maintenance of an asset register.
2. **Handling of information:** Correct and consistent handling of information assets in accordance with the organization’s information classification scheme.
3. **Management of media:** Correct and consistent management of the asset's lifecycle.
2 PURPOSE

This Asset Management Policy (""Policy"") aims to ensure appropriate classification and protection of <CLIENT>'s information and assets.

Further, the Policy establishes a commitment to comply with applicable sections of the federal and global laws and regulations, including but not limited to UAE Information Assurance Regulation, Federal Decree Law No. 45 of 2021 regarding the Protection of Personal Data, ISO 27001, ISO 27701, ISO 20000, ISO 22301 and UAE National Cyber Risk Management Framework (NCRMF).

The following are the key objectives of this Policy:

1. **Establish asset register:** Development and maintenance of an asset register.
2. **Handling of information:** Correct and consistent handling of information assets in accordance with the organization’s information classification scheme.
3. **Management of media:** Correct and consistent management of the asset's lifecycle.",,,,,,
T8.1.1__clientname-IS-POL-00-Asset Management Policy 6_passage_4,retrieval,T8.1.1,T8,Information Security Incident,The entity shall establish a policy to manage and guide the response to information security incidents.,9,"a,b,c,d,e,f,g,h,i","a: The incident management policy shall:
b: be appropriate to the purpose of the entity
c: include statement of the management commitment, purpose, objective and scope of the policy
d: outline roles and responsibilities
e: provide the framework for managing incidents
f: address sector and national level requirements for handling and reporting incidents
g: be documented and communicated to all users
h: be read and acknowledged formally by all users
i: be maintained, reviewed, exercised and updated at planned intervals or if significant changes occur",clientname-IS-POL-00-Asset Management Policy 6_passage_4,2 PURPOSE,"2 PURPOSE

This Asset Management Policy (""Policy"") aims to ensure appropriate classification and protection of <CLIENT>'s information and assets.

Further, the Policy establishes a commitment to comply with applicable sections of the federal and global laws and regulations, including but not limited to UAE Information Assurance Regulation, Federal Decree Law No. 45 of 2021 regarding the Protection of Personal Data, ISO 27001, ISO 27701, ISO 20000, ISO 22301 and UAE National Cyber Risk Management Framework (NCRMF).

The following are the key objectives of this Policy:

1. **Establish asset register:** Development and maintenance of an asset register.
2. **Handling of information:** Correct and consistent handling of information assets in accordance with the organization’s information classification scheme.
3. **Management of media:** Correct and consistent management of the asset's lifecycle.
2 PURPOSE

This Asset Management Policy (""Policy"") aims to ensure appropriate classification and protection of <CLIENT>'s information and assets.

Further, the Policy establishes a commitment to comply with applicable sections of the federal and global laws and regulations, including but not limited to UAE Information Assurance Regulation, Federal Decree Law No. 45 of 2021 regarding the Protection of Personal Data, ISO 27001, ISO 27701, ISO 20000, ISO 22301 and UAE National Cyber Risk Management Framework (NCRMF).

The following are the key objectives of this Policy:

1. **Establish asset register:** Development and maintenance of an asset register.
2. **Handling of information:** Correct and consistent handling of information assets in accordance with the organization’s information classification scheme.
3. **Management of media:** Correct and consistent management of the asset's lifecycle.",,,,,,
T9.1.1__clientname-IS-POL-00-Asset Management Policy 6_passage_4,retrieval,T9.1.1,T9,Information Systems,The entity shall establish an information systems continuity planning policy.,8,"a,b,c,d,e,f,g,h","a: The information systems continuity planning policy shall:
b: be appropriate to the purpose of the entity
c: include statement of the management commitment, purpose, objective and scope of the policy
d: outline roles and responsibilities
e: provide the framework for continuity of information in adverse situations in accordance with the entity overall business continuity and / or disaster recovery planning
f: be documented and communicated to all users
g: be read and acknowledged formally by all users
h: be maintained, reviewed, tested and updated at planned intervals or if significant changes occur",clientname-IS-POL-00-Asset Management Policy 6_passage_4,2 PURPOSE,"2 PURPOSE

This Asset Management Policy (""Policy"") aims to ensure appropriate classification and protection of <CLIENT>'s information and assets.

Further, the Policy establishes a commitment to comply with applicable sections of the federal and global laws and regulations, including but not limited to UAE Information Assurance Regulation, Federal Decree Law No. 45 of 2021 regarding the Protection of Personal Data, ISO 27001, ISO 27701, ISO 20000, ISO 22301 and UAE National Cyber Risk Management Framework (NCRMF).

The following are the key objectives of this Policy:

1. **Establish asset register:** Development and maintenance of an asset register.
2. **Handling of information:** Correct and consistent handling of information assets in accordance with the organization’s information classification scheme.
3. **Management of media:** Correct and consistent management of the asset's lifecycle.
2 PURPOSE

This Asset Management Policy (""Policy"") aims to ensure appropriate classification and protection of <CLIENT>'s information and assets.

Further, the Policy establishes a commitment to comply with applicable sections of the federal and global laws and regulations, including but not limited to UAE Information Assurance Regulation, Federal Decree Law No. 45 of 2021 regarding the Protection of Personal Data, ISO 27001, ISO 27701, ISO 20000, ISO 22301 and UAE National Cyber Risk Management Framework (NCRMF).

The following are the key objectives of this Policy:

1. **Establish asset register:** Development and maintenance of an asset register.
2. **Handling of information:** Correct and consistent handling of information assets in accordance with the organization’s information classification scheme.
3. **Management of media:** Correct and consistent management of the asset's lifecycle.",,,,,,
M2.4.1__clientname-IS-POL-00-Asset Management Policy 6_passage_4,neg_sample,M2.4.1,M2,Information Security Risk,The entity shall plan and document the process for the review and update of the risk assessment and treatment; this shall include planned reviews and updates as well as ad hoc updates if significant changes occur.,11,"b,c,d,e,f,g,h,i,j,k,l","b: The entity’s monitoring and review processes shall encompass all aspects of the risk management process and shall take account of changes in:
c: the entity itself
d: technology used
e: business objectives and processes
f: risk criteria and the risk assessment process
g: assets and consequences of losses of confidentiality, integrity or availability
h: identified threats;
i: identified vulnerabilities
j: effectiveness of the implemented controls
k: external events, such as changes to the legal or regulatory environment, changed contractual obligations, and changes in social climate
l: the entity shall monitor security incidents (see",clientname-IS-POL-00-Asset Management Policy 6_passage_4,2 PURPOSE,"2 PURPOSE

This Asset Management Policy (""Policy"") aims to ensure appropriate classification and protection of <CLIENT>'s information and assets.

Further, the Policy establishes a commitment to comply with applicable sections of the federal and global laws and regulations, including but not limited to UAE Information Assurance Regulation, Federal Decree Law No. 45 of 2021 regarding the Protection of Personal Data, ISO 27001, ISO 27701, ISO 20000, ISO 22301 and UAE National Cyber Risk Management Framework (NCRMF).

The following are the key objectives of this Policy:

1. **Establish asset register:** Development and maintenance of an asset register.
2. **Handling of information:** Correct and consistent handling of information assets in accordance with the organization’s information classification scheme.
3. **Management of media:** Correct and consistent management of the asset's lifecycle.
2 PURPOSE

This Asset Management Policy (""Policy"") aims to ensure appropriate classification and protection of <CLIENT>'s information and assets.

Further, the Policy establishes a commitment to comply with applicable sections of the federal and global laws and regulations, including but not limited to UAE Information Assurance Regulation, Federal Decree Law No. 45 of 2021 regarding the Protection of Personal Data, ISO 27001, ISO 27701, ISO 20000, ISO 22301 and UAE National Cyber Risk Management Framework (NCRMF).

The following are the key objectives of this Policy:

1. **Establish asset register:** Development and maintenance of an asset register.
2. **Handling of information:** Correct and consistent handling of information assets in accordance with the organization’s information classification scheme.
3. **Management of media:** Correct and consistent management of the asset's lifecycle.",,,,,,
T3.3.1__clientname-IS-POL-00-Asset Management Policy 6_passage_4,neg_sample,T3.3.1,T3,Capacity Management,The entity shall manage the required capacity.,4,"a,b,c,d","a: The entity shall:
b: have the ability to measure capacity of current systems and estimate capacity requirements of planned systems
c: integrate capacity management controls into relevant demand management and software / system development lifecycle processes
d: make necessary adjustments to capacity to maintain required system performance",clientname-IS-POL-00-Asset Management Policy 6_passage_4,2 PURPOSE,"2 PURPOSE

This Asset Management Policy (""Policy"") aims to ensure appropriate classification and protection of <CLIENT>'s information and assets.

Further, the Policy establishes a commitment to comply with applicable sections of the federal and global laws and regulations, including but not limited to UAE Information Assurance Regulation, Federal Decree Law No. 45 of 2021 regarding the Protection of Personal Data, ISO 27001, ISO 27701, ISO 20000, ISO 22301 and UAE National Cyber Risk Management Framework (NCRMF).

The following are the key objectives of this Policy:

1. **Establish asset register:** Development and maintenance of an asset register.
2. **Handling of information:** Correct and consistent handling of information assets in accordance with the organization’s information classification scheme.
3. **Management of media:** Correct and consistent management of the asset's lifecycle.
2 PURPOSE

This Asset Management Policy (""Policy"") aims to ensure appropriate classification and protection of <CLIENT>'s information and assets.

Further, the Policy establishes a commitment to comply with applicable sections of the federal and global laws and regulations, including but not limited to UAE Information Assurance Regulation, Federal Decree Law No. 45 of 2021 regarding the Protection of Personal Data, ISO 27001, ISO 27701, ISO 20000, ISO 22301 and UAE National Cyber Risk Management Framework (NCRMF).

The following are the key objectives of this Policy:

1. **Establish asset register:** Development and maintenance of an asset register.
2. **Handling of information:** Correct and consistent handling of information assets in accordance with the organization’s information classification scheme.
3. **Management of media:** Correct and consistent management of the asset's lifecycle.",,,,,,
T8.2.2__clientname-IS-POL-00-Asset Management Policy 6_passage_5,prediction,T8.2.2,T8,Computer Security Incident,The entity shall establish a Computer Security Incident Response Team (CSIRT) in charge of the incident management and response plan.,11,"a,b,c,d,e,f,g,h,i,j,k","a: The entity shall establish a CSIRT as follows:
b: Identify stakeholders and participants
c: Secure funding for CSIRT operations
d: Decide on the range and level of services the CSIRT will offer
e: Determine the CSIRT reporting structure, authority, and organizational model
f: Identify required resources such as staff, equipment, and infrastructure
g: Define interactions and interfaces
h: Define roles, responsibilities, and the corresponding authority
i: Document the workflow
j: Develop policies and corresponding procedures
k: Announce the CSIRT when it becomes operational to create the appropriate level of awareness",clientname-IS-POL-00-Asset Management Policy 6_passage_5,3 SCOPE,"3 SCOPE

This Policy applies to all employees and critical third parties who access or manage information and information assets or use the organization’s information and communications technology (ICT) systems.

**Any exceptions on the applicability of this Policy should be formally requested through the ‘Policy Exception Management procedure’.**
3 SCOPE

This Policy applies to all employees and critical third parties who access or manage information and information assets or use the organization’s information and communications technology (ICT) systems.

**Any exceptions on the applicability of this Policy should be formally requested through the ‘Policy Exception Management procedure’.**",,,,,,
M1.3.5__clientname-IS-POL-00-Asset Management Policy 6_passage_5,retrieval,M1.3.5,M1,Identification of Risks,The entity shall identify and properly manage the risks related to its information and information systems from business processes involving external parties,5,"a,b,c,d,e","a: The entity shall:
b: identify risks to its information and information systems and implement the appropriate controls before granting access to any external party
c: define an external party access policy
d: identify and adopt proper controls to limit physical and logical access to information assets and entity information systems
e: monitor external party access to entity information and entity information systems",clientname-IS-POL-00-Asset Management Policy 6_passage_5,3 SCOPE,"3 SCOPE

This Policy applies to all employees and critical third parties who access or manage information and information assets or use the organization’s information and communications technology (ICT) systems.

**Any exceptions on the applicability of this Policy should be formally requested through the ‘Policy Exception Management procedure’.**
3 SCOPE

This Policy applies to all employees and critical third parties who access or manage information and information assets or use the organization’s information and communications technology (ICT) systems.

**Any exceptions on the applicability of this Policy should be formally requested through the ‘Policy Exception Management procedure’.**",,,,,,
M1.3.6__clientname-IS-POL-00-Asset Management Policy 6_passage_5,retrieval,M1.3.6,M1,Addressing Security When,The entity shall address all identified security requirements before giving customers access to the entity’s information or assets.,3,"a,b,c","a: The entity shall:
b: make sure that any customer accessing entity information and information systems are compliant with the entity’s information security policy and security requirements
c: monitor any customer access and verify compliance to agreed access control policy",clientname-IS-POL-00-Asset Management Policy 6_passage_5,3 SCOPE,"3 SCOPE

This Policy applies to all employees and critical third parties who access or manage information and information assets or use the organization’s information and communications technology (ICT) systems.

**Any exceptions on the applicability of this Policy should be formally requested through the ‘Policy Exception Management procedure’.**
3 SCOPE

This Policy applies to all employees and critical third parties who access or manage information and information assets or use the organization’s information and communications technology (ICT) systems.

**Any exceptions on the applicability of this Policy should be formally requested through the ‘Policy Exception Management procedure’.**",,,,,,
M4.2.2__clientname-IS-POL-00-Asset Management Policy 6_passage_5,retrieval,M4.2.2,M4,Terms and Conditions of,"The entity shall ensure that employees, contractors and third party user understand, agree and sign the terms and conditions of their employment contract, which should state their and the entity’s responsibilities for",6,"a,b,c,d,e,f","a: information security, as part of their contractual obligatio
b: The entity shall:
c: define standard information security terms and conditions for employees, third parties and contractors
d: include information security terms and conditions in any contract
e: ensure that their employees, contractors, and third parties fully understand their relevant terms and conditions
f: review and eventually amend any existing contract with employees, contractors and third parties",clientname-IS-POL-00-Asset Management Policy 6_passage_5,3 SCOPE,"3 SCOPE

This Policy applies to all employees and critical third parties who access or manage information and information assets or use the organization’s information and communications technology (ICT) systems.

**Any exceptions on the applicability of this Policy should be formally requested through the ‘Policy Exception Management procedure’.**
3 SCOPE

This Policy applies to all employees and critical third parties who access or manage information and information assets or use the organization’s information and communications technology (ICT) systems.

**Any exceptions on the applicability of this Policy should be formally requested through the ‘Policy Exception Management procedure’.**",,,,,,
M4.3.1__clientname-IS-POL-00-Asset Management Policy 6_passage_5,retrieval,M4.3.1,M4,Management,"The entity’s management shall require employees, contractors and third party users to apply security in accordance with established policies and procedures of the entity.",4,"a,b,c,d","a: The entity shall:
b: include in human resources security policy that employees, contractors and third party users have to comply with entity security policies and procedures
c: inform all employees, contractors and third parties of the security policies they are required to be compliant with
d: present, on first access, relevant security policy/guidelines for users to read and accept",clientname-IS-POL-00-Asset Management Policy 6_passage_5,3 SCOPE,"3 SCOPE

This Policy applies to all employees and critical third parties who access or manage information and information assets or use the organization’s information and communications technology (ICT) systems.

**Any exceptions on the applicability of this Policy should be formally requested through the ‘Policy Exception Management procedure’.**
3 SCOPE

This Policy applies to all employees and critical third parties who access or manage information and information assets or use the organization’s information and communications technology (ICT) systems.

**Any exceptions on the applicability of this Policy should be formally requested through the ‘Policy Exception Management procedure’.**",,,,,,
M4.4.2__clientname-IS-POL-00-Asset Management Policy 6_passage_5,retrieval,M4.4.2,M4,Return of Assets,"The entity shall ensure that all stakeholders should return all of the entity’s assets in their possession upon termination of their employment, contract or agreement.",2,"a,b","a: The entity shall:
b: include in employee termination policy that all employees, contractors and third parties should return of all assets upon termination of employment, contract or agreement",clientname-IS-POL-00-Asset Management Policy 6_passage_5,3 SCOPE,"3 SCOPE

This Policy applies to all employees and critical third parties who access or manage information and information assets or use the organization’s information and communications technology (ICT) systems.

**Any exceptions on the applicability of this Policy should be formally requested through the ‘Policy Exception Management procedure’.**
3 SCOPE

This Policy applies to all employees and critical third parties who access or manage information and information assets or use the organization’s information and communications technology (ICT) systems.

**Any exceptions on the applicability of this Policy should be formally requested through the ‘Policy Exception Management procedure’.**",,,,,,
T1.1.1__clientname-IS-POL-00-Asset Management Policy 6_passage_5,retrieval,T1.1.1,T1,Asset Management Policy,The entity shall establish an asset management policy.,9,"a,b,c,d,e,f,g,h,i","a: The asset management policy shall:
b: be appropriate to the complexity of the entity and to the assets managed by the entity
c: include statement of the management commitment, purpose, objective and scope of the policy
d: outline the roles and responsibilities
e: provide the framework for managing the entity’s assets, including assignment of owners
f: provide the framework for managing Bring Your Own Device (BYOD) arrangements
g: be documented and communicated to all users
h: be read and acknowledged formally by all users
i: be maintained, reviewed and updated at planned intervals or if significant changes occur",clientname-IS-POL-00-Asset Management Policy 6_passage_5,3 SCOPE,"3 SCOPE

This Policy applies to all employees and critical third parties who access or manage information and information assets or use the organization’s information and communications technology (ICT) systems.

**Any exceptions on the applicability of this Policy should be formally requested through the ‘Policy Exception Management procedure’.**
3 SCOPE

This Policy applies to all employees and critical third parties who access or manage information and information assets or use the organization’s information and communications technology (ICT) systems.

**Any exceptions on the applicability of this Policy should be formally requested through the ‘Policy Exception Management procedure’.**",,,,,,
T2.1.1__clientname-IS-POL-00-Asset Management Policy 6_passage_5,retrieval,T2.1.1,T2,Physical and Environmental,The entity shall develop and maintain a physical and environmental security policy to ensure appropriate physical protection of assets.,8,"a,b,c,d,e,g,h,i","a: The physical and environmental security policy shall:
b: be appropriate to the purpose of the entity
c: include statement of the management commitment, purpose, objective and scope of the policy
d: outline the roles and responsibilities for the physical and environmental security
e: consider the Information Assets classification and their physical location (storage, processing, transfe
g: be documented and communicated to all users
h: be read and acknowledged formally by all users
i: be maintained, reviewed and updated at planned intervals or if significant changes occur",clientname-IS-POL-00-Asset Management Policy 6_passage_5,3 SCOPE,"3 SCOPE

This Policy applies to all employees and critical third parties who access or manage information and information assets or use the organization’s information and communications technology (ICT) systems.

**Any exceptions on the applicability of this Policy should be formally requested through the ‘Policy Exception Management procedure’.**
3 SCOPE

This Policy applies to all employees and critical third parties who access or manage information and information assets or use the organization’s information and communications technology (ICT) systems.

**Any exceptions on the applicability of this Policy should be formally requested through the ‘Policy Exception Management procedure’.**",,,,,,
T4.1.1__clientname-IS-POL-00-Asset Management Policy 6_passage_5,retrieval,T4.1.1,T4,Communications Policy,The entity shall establish a communications policy to guide the protection of information in transit.,8,"a,b,c,d,e,f,g,h","a: The communications policy shall:
b: be appropriate to the purpose of the entity
c: include statement of the management commitment, purpose, objective and scope of the policy
d: outline the roles and responsibilities
e: provide the framework to protect information in transit from interception, copying, modification, mis-routing, destruction, and other unauthorized activities
f: be documented and communicated to all users
g: be read and acknowledged formally by all users
h: be maintained, reviewed and updated at planned intervals or if significant changes occur",clientname-IS-POL-00-Asset Management Policy 6_passage_5,3 SCOPE,"3 SCOPE

This Policy applies to all employees and critical third parties who access or manage information and information assets or use the organization’s information and communications technology (ICT) systems.

**Any exceptions on the applicability of this Policy should be formally requested through the ‘Policy Exception Management procedure’.**
3 SCOPE

This Policy applies to all employees and critical third parties who access or manage information and information assets or use the organization’s information and communications technology (ICT) systems.

**Any exceptions on the applicability of this Policy should be formally requested through the ‘Policy Exception Management procedure’.**",,,,,,
T6.1.1__clientname-IS-POL-00-Asset Management Policy 6_passage_5,retrieval,T6.1.1,T6,Third Party,The entity shall establish a third party security policy to facilitate the implementation of the associated controls.,8,"a,b,c,d,e,f,g,h","a: The third party security policy shall:
b: be appropriate to the relationship of the entity and the third party
c: include statement of the management commitment, purpose, objective and scope of the policy
d: outline the roles and responsibilities for managing third parties
e: provide the framework for setting information security objectives and/or include information security objectives to be used when engaging third parties
f: be documented and communicated to the third party
g: be read and acknowledged formally by the third party
h: be maintained, reviewed and updated at planned intervals or if significant changes occur",clientname-IS-POL-00-Asset Management Policy 6_passage_5,3 SCOPE,"3 SCOPE

This Policy applies to all employees and critical third parties who access or manage information and information assets or use the organization’s information and communications technology (ICT) systems.

**Any exceptions on the applicability of this Policy should be formally requested through the ‘Policy Exception Management procedure’.**
3 SCOPE

This Policy applies to all employees and critical third parties who access or manage information and information assets or use the organization’s information and communications technology (ICT) systems.

**Any exceptions on the applicability of this Policy should be formally requested through the ‘Policy Exception Management procedure’.**",,,,,,
T7.1.1__clientname-IS-POL-00-Asset Management Policy 6_passage_5,retrieval,T7.1.1,T7,"Information Systems Acquisition,","The entity shall establish an information systems acquisition, development, and maintenance policy.",8,"a,b,c,d,e,f,g,h","a: The information systems acquisition, development, and maintenance policy shall:
b: be appropriate to the relationship of the entity and all internal and external parties involved in the process
c: include statement of the management commitment, purpose, objective and scope of the policy
d: outline the roles and responsibilities
e: provide the framework for setting information security objectives and/or include information security objectives to be used when engaging in the process
f: be documented and communicated to all users
g: be read and acknowledged formally by all users
h: be maintained, reviewed and updated at planned intervals or if significant changes occur",clientname-IS-POL-00-Asset Management Policy 6_passage_5,3 SCOPE,"3 SCOPE

This Policy applies to all employees and critical third parties who access or manage information and information assets or use the organization’s information and communications technology (ICT) systems.

**Any exceptions on the applicability of this Policy should be formally requested through the ‘Policy Exception Management procedure’.**
3 SCOPE

This Policy applies to all employees and critical third parties who access or manage information and information assets or use the organization’s information and communications technology (ICT) systems.

**Any exceptions on the applicability of this Policy should be formally requested through the ‘Policy Exception Management procedure’.**",,,,,,
T8.1.1__clientname-IS-POL-00-Asset Management Policy 6_passage_5,retrieval,T8.1.1,T8,Information Security Incident,The entity shall establish a policy to manage and guide the response to information security incidents.,9,"a,b,c,d,e,f,g,h,i","a: The incident management policy shall:
b: be appropriate to the purpose of the entity
c: include statement of the management commitment, purpose, objective and scope of the policy
d: outline roles and responsibilities
e: provide the framework for managing incidents
f: address sector and national level requirements for handling and reporting incidents
g: be documented and communicated to all users
h: be read and acknowledged formally by all users
i: be maintained, reviewed, exercised and updated at planned intervals or if significant changes occur",clientname-IS-POL-00-Asset Management Policy 6_passage_5,3 SCOPE,"3 SCOPE

This Policy applies to all employees and critical third parties who access or manage information and information assets or use the organization’s information and communications technology (ICT) systems.

**Any exceptions on the applicability of this Policy should be formally requested through the ‘Policy Exception Management procedure’.**
3 SCOPE

This Policy applies to all employees and critical third parties who access or manage information and information assets or use the organization’s information and communications technology (ICT) systems.

**Any exceptions on the applicability of this Policy should be formally requested through the ‘Policy Exception Management procedure’.**",,,,,,
T9.1.1__clientname-IS-POL-00-Asset Management Policy 6_passage_5,retrieval,T9.1.1,T9,Information Systems,The entity shall establish an information systems continuity planning policy.,8,"a,b,c,d,e,f,g,h","a: The information systems continuity planning policy shall:
b: be appropriate to the purpose of the entity
c: include statement of the management commitment, purpose, objective and scope of the policy
d: outline roles and responsibilities
e: provide the framework for continuity of information in adverse situations in accordance with the entity overall business continuity and / or disaster recovery planning
f: be documented and communicated to all users
g: be read and acknowledged formally by all users
h: be maintained, reviewed, tested and updated at planned intervals or if significant changes occur",clientname-IS-POL-00-Asset Management Policy 6_passage_5,3 SCOPE,"3 SCOPE

This Policy applies to all employees and critical third parties who access or manage information and information assets or use the organization’s information and communications technology (ICT) systems.

**Any exceptions on the applicability of this Policy should be formally requested through the ‘Policy Exception Management procedure’.**
3 SCOPE

This Policy applies to all employees and critical third parties who access or manage information and information assets or use the organization’s information and communications technology (ICT) systems.

**Any exceptions on the applicability of this Policy should be formally requested through the ‘Policy Exception Management procedure’.**",,,,,,
T2.3.4__clientname-IS-POL-00-Asset Management Policy 6_passage_5,neg_sample,T2.3.4,T2,Equipment Maintenance,The entity shall maintain its equipment. The entity shall:,3,"b,c,d","b: document suppliers recommendations for the maintenance of equipment and make them available to maintenance personnel
c: establish policies and procedures for decommissioning and commissioning of equipment to ensure protection of sensitive data
d: keep maintenance logs for all equipment",clientname-IS-POL-00-Asset Management Policy 6_passage_5,3 SCOPE,"3 SCOPE

This Policy applies to all employees and critical third parties who access or manage information and information assets or use the organization’s information and communications technology (ICT) systems.

**Any exceptions on the applicability of this Policy should be formally requested through the ‘Policy Exception Management procedure’.**
3 SCOPE

This Policy applies to all employees and critical third parties who access or manage information and information assets or use the organization’s information and communications technology (ICT) systems.

**Any exceptions on the applicability of this Policy should be formally requested through the ‘Policy Exception Management procedure’.**",,,,,,
T5.6.1__clientname-IS-POL-00-Asset Management Policy 6_passage_5,neg_sample,T5.6.1,T5,Information Access,The entity shall restrict access to information and application system functions in accordance with the access control policy.,5,"a,b,c,d,e","a: The entity shall:
b: ensure access to information and application system functions is restricted
c: ensure access restriction is based on user’s roles and responsibilities
d: assign the appropriate level of access rights to information and application functions
e: for each user and support personnel, adjust their access control based on specific business needs",clientname-IS-POL-00-Asset Management Policy 6_passage_5,3 SCOPE,"3 SCOPE

This Policy applies to all employees and critical third parties who access or manage information and information assets or use the organization’s information and communications technology (ICT) systems.

**Any exceptions on the applicability of this Policy should be formally requested through the ‘Policy Exception Management procedure’.**
3 SCOPE

This Policy applies to all employees and critical third parties who access or manage information and information assets or use the organization’s information and communications technology (ICT) systems.

**Any exceptions on the applicability of this Policy should be formally requested through the ‘Policy Exception Management procedure’.**",,,,,,
T8.2.4__clientname-IS-POL-00-Asset Management Policy 6_passage_5,neg_sample,T8.2.4,T8,Incident Response Training,The entity shall provide incident response training to information system users.,2,"a,b","a: The entity shall:
b: establish a training program for the cyber security incident response team (CSIRT), in line with the Awareness and Training Policy (refer to",clientname-IS-POL-00-Asset Management Policy 6_passage_5,3 SCOPE,"3 SCOPE

This Policy applies to all employees and critical third parties who access or manage information and information assets or use the organization’s information and communications technology (ICT) systems.

**Any exceptions on the applicability of this Policy should be formally requested through the ‘Policy Exception Management procedure’.**
3 SCOPE

This Policy applies to all employees and critical third parties who access or manage information and information assets or use the organization’s information and communications technology (ICT) systems.

**Any exceptions on the applicability of this Policy should be formally requested through the ‘Policy Exception Management procedure’.**",,,,,,
M1.1.3__clientname-IS-POL-00-Asset Management Policy 6_passage_6,prediction+retrieval,M1.1.3,M1,Roles and Responsibilities,The entity shall ensure that the responsibilities and authorities of roles for information security are assigned and communicated.,5,"a,b,c,d,e","a: Top management shall assign the responsibility and the authority for:
b: ensuring that the information security implemented in the entity conforms to the requirements of the
c: reporting on the performance of information security to top management Top management shall ensure that
d: an Information Security Manager is appointed to take overall responsibility for the establishment, implementation, maintenance and continual improvement of information security
e: an Information Security Committee is established that oversees and governs the establishment, implementation, maintenance and continual improvement of information security in the entity, and that integrates information security in the entity",clientname-IS-POL-00-Asset Management Policy 6_passage_6,4 POLICY STATEMENT,"4 POLICY STATEMENT

<CLIENT> shall ensure the security of assets by:

1. Identifying information assets.
2. Ensuring that a current and accurate inventory of assets is developed and maintained through an asset register to include responsibilities and classification based on Data Security Policy (<CLIENT>-ORG-IMS-POL-003).
4 POLICY STATEMENT

<CLIENT> shall ensure the security of assets by:

1. Identifying information assets.
2. Ensuring that a current and accurate inventory of assets is developed and maintained through an asset register to include responsibilities and classification based on Data Security Policy (<CLIENT>-ORG-IMS-POL-003).",,,,,,
T1.1.1__clientname-IS-POL-00-Asset Management Policy 6_passage_6,golden+retrieval,T1.1.1,T1,Asset Management Policy,The entity shall establish an asset management policy.,9,"a,b,c,d,e,f,g,h,i","a: The asset management policy shall:
b: be appropriate to the complexity of the entity and to the assets managed by the entity
c: include statement of the management commitment, purpose, objective and scope of the policy
d: outline the roles and responsibilities
e: provide the framework for managing the entity’s assets, including assignment of owners
f: provide the framework for managing Bring Your Own Device (BYOD) arrangements
g: be documented and communicated to all users
h: be read and acknowledged formally by all users
i: be maintained, reviewed and updated at planned intervals or if significant changes occur",clientname-IS-POL-00-Asset Management Policy 6_passage_6,4 POLICY STATEMENT,"4 POLICY STATEMENT

<CLIENT> shall ensure the security of assets by:

1. Identifying information assets.
2. Ensuring that a current and accurate inventory of assets is developed and maintained through an asset register to include responsibilities and classification based on Data Security Policy (<CLIENT>-ORG-IMS-POL-003).
4 POLICY STATEMENT

<CLIENT> shall ensure the security of assets by:

1. Identifying information assets.
2. Ensuring that a current and accurate inventory of assets is developed and maintained through an asset register to include responsibilities and classification based on Data Security Policy (<CLIENT>-ORG-IMS-POL-003).",,,,,,Not Addressed
T1.2.1__clientname-IS-POL-00-Asset Management Policy 6_passage_6,prediction+retrieval,T1.2.1,T1,Inventory of Assets,The entity shall maintain an inventory list of all its information assets.,4,"a,b,c,d","a: The entity shall:
b: identify an inventory of information assets within the entity
c: maintain an up-to-date list of assets
d: ensure accuracy and consistency with other inventories",clientname-IS-POL-00-Asset Management Policy 6_passage_6,4 POLICY STATEMENT,"4 POLICY STATEMENT

<CLIENT> shall ensure the security of assets by:

1. Identifying information assets.
2. Ensuring that a current and accurate inventory of assets is developed and maintained through an asset register to include responsibilities and classification based on Data Security Policy (<CLIENT>-ORG-IMS-POL-003).
4 POLICY STATEMENT

<CLIENT> shall ensure the security of assets by:

1. Identifying information assets.
2. Ensuring that a current and accurate inventory of assets is developed and maintained through an asset register to include responsibilities and classification based on Data Security Policy (<CLIENT>-ORG-IMS-POL-003).",,,,,,
T3.4.1__clientname-IS-POL-00-Asset Management Policy 6_passage_6,prediction,T3.4.1,T3,Controls Against Malware,The entity shall protect its information assets from malware.,9,"a,b,c,d,e,f,g,h,j","a: The entity shall:
b: employ anti-malware protection mechanisms for the network as well as servers, workstations, laptops and other devices connected to it
c: ensure that all anti-malware protection are up-to-date
d: periodically scan all information systems files as well as files downloaded from public networks
e: scan all email attachments before reaching user’s inbox
f: scan removable media for malware every time they are connected to the information systems
g: configure servers, workstations, laptops so that they don’t “auto-run” contents from removable media
h: monitor anti-malware protection tools for malware detection events that should be logged and a notification should be sent to the administrators (refer to T.3.6.
j: ensure that users are aware of malware risks, behaviors and preventative actions (refer to M.3.2.1)",clientname-IS-POL-00-Asset Management Policy 6_passage_6,4 POLICY STATEMENT,"4 POLICY STATEMENT

<CLIENT> shall ensure the security of assets by:

1. Identifying information assets.
2. Ensuring that a current and accurate inventory of assets is developed and maintained through an asset register to include responsibilities and classification based on Data Security Policy (<CLIENT>-ORG-IMS-POL-003).
4 POLICY STATEMENT

<CLIENT> shall ensure the security of assets by:

1. Identifying information assets.
2. Ensuring that a current and accurate inventory of assets is developed and maintained through an asset register to include responsibilities and classification based on Data Security Policy (<CLIENT>-ORG-IMS-POL-003).",,,,,,
M4.4.2__clientname-IS-POL-00-Asset Management Policy 6_passage_6,retrieval,M4.4.2,M4,Return of Assets,"The entity shall ensure that all stakeholders should return all of the entity’s assets in their possession upon termination of their employment, contract or agreement.",2,"a,b","a: The entity shall:
b: include in employee termination policy that all employees, contractors and third parties should return of all assets upon termination of employment, contract or agreement",clientname-IS-POL-00-Asset Management Policy 6_passage_6,4 POLICY STATEMENT,"4 POLICY STATEMENT

<CLIENT> shall ensure the security of assets by:

1. Identifying information assets.
2. Ensuring that a current and accurate inventory of assets is developed and maintained through an asset register to include responsibilities and classification based on Data Security Policy (<CLIENT>-ORG-IMS-POL-003).
4 POLICY STATEMENT

<CLIENT> shall ensure the security of assets by:

1. Identifying information assets.
2. Ensuring that a current and accurate inventory of assets is developed and maintained through an asset register to include responsibilities and classification based on Data Security Policy (<CLIENT>-ORG-IMS-POL-003).",,,,,,
T1.3.2__clientname-IS-POL-00-Asset Management Policy 6_passage_6,retrieval,T1.3.2,T1,Labeling of Information,The entity shall label information in accordance with the classification scheme adopted by the entity.,3,"a,b,c","a: The entity shall:
b: establish a procedure for labeling of information and its related assets in physical or electronic formats to reflect their attributed classification
c: apply the appropriate label on information",clientname-IS-POL-00-Asset Management Policy 6_passage_6,4 POLICY STATEMENT,"4 POLICY STATEMENT

<CLIENT> shall ensure the security of assets by:

1. Identifying information assets.
2. Ensuring that a current and accurate inventory of assets is developed and maintained through an asset register to include responsibilities and classification based on Data Security Policy (<CLIENT>-ORG-IMS-POL-003).
4 POLICY STATEMENT

<CLIENT> shall ensure the security of assets by:

1. Identifying information assets.
2. Ensuring that a current and accurate inventory of assets is developed and maintained through an asset register to include responsibilities and classification based on Data Security Policy (<CLIENT>-ORG-IMS-POL-003).",,,,,,
T2.1.1__clientname-IS-POL-00-Asset Management Policy 6_passage_6,retrieval,T2.1.1,T2,Physical and Environmental,The entity shall develop and maintain a physical and environmental security policy to ensure appropriate physical protection of assets.,8,"a,b,c,d,e,g,h,i","a: The physical and environmental security policy shall:
b: be appropriate to the purpose of the entity
c: include statement of the management commitment, purpose, objective and scope of the policy
d: outline the roles and responsibilities for the physical and environmental security
e: consider the Information Assets classification and their physical location (storage, processing, transfe
g: be documented and communicated to all users
h: be read and acknowledged formally by all users
i: be maintained, reviewed and updated at planned intervals or if significant changes occur",clientname-IS-POL-00-Asset Management Policy 6_passage_6,4 POLICY STATEMENT,"4 POLICY STATEMENT

<CLIENT> shall ensure the security of assets by:

1. Identifying information assets.
2. Ensuring that a current and accurate inventory of assets is developed and maintained through an asset register to include responsibilities and classification based on Data Security Policy (<CLIENT>-ORG-IMS-POL-003).
4 POLICY STATEMENT

<CLIENT> shall ensure the security of assets by:

1. Identifying information assets.
2. Ensuring that a current and accurate inventory of assets is developed and maintained through an asset register to include responsibilities and classification based on Data Security Policy (<CLIENT>-ORG-IMS-POL-003).",,,,,,
T4.1.1__clientname-IS-POL-00-Asset Management Policy 6_passage_6,retrieval,T4.1.1,T4,Communications Policy,The entity shall establish a communications policy to guide the protection of information in transit.,8,"a,b,c,d,e,f,g,h","a: The communications policy shall:
b: be appropriate to the purpose of the entity
c: include statement of the management commitment, purpose, objective and scope of the policy
d: outline the roles and responsibilities
e: provide the framework to protect information in transit from interception, copying, modification, mis-routing, destruction, and other unauthorized activities
f: be documented and communicated to all users
g: be read and acknowledged formally by all users
h: be maintained, reviewed and updated at planned intervals or if significant changes occur",clientname-IS-POL-00-Asset Management Policy 6_passage_6,4 POLICY STATEMENT,"4 POLICY STATEMENT

<CLIENT> shall ensure the security of assets by:

1. Identifying information assets.
2. Ensuring that a current and accurate inventory of assets is developed and maintained through an asset register to include responsibilities and classification based on Data Security Policy (<CLIENT>-ORG-IMS-POL-003).
4 POLICY STATEMENT

<CLIENT> shall ensure the security of assets by:

1. Identifying information assets.
2. Ensuring that a current and accurate inventory of assets is developed and maintained through an asset register to include responsibilities and classification based on Data Security Policy (<CLIENT>-ORG-IMS-POL-003).",,,,,,
T5.2.3__clientname-IS-POL-00-Asset Management Policy 6_passage_6,retrieval,T5.2.3,T5,User Security Credentials,The entity shall control the allocation of user security credentials.,8,"a,b,c,e,f,g,h,i","a: The entity shall:
b: establish a user security credential management policy for users and administrators that is appropriate to the purpose of the entity
c: ensure that the policy includes a secure process to provide users with security credentials; policy should also include credential revocation procedure and credential re-allocatio
e: in case of use of security credentials (i.
f: password
g: change default security credentials of all systems and applications
h: in case of credentials, always store them in a well-hashed (including “salting”) or encrypted format
i: for accessing critical resources/assets, implement credential systems based on multi-factor authentication",clientname-IS-POL-00-Asset Management Policy 6_passage_6,4 POLICY STATEMENT,"4 POLICY STATEMENT

<CLIENT> shall ensure the security of assets by:

1. Identifying information assets.
2. Ensuring that a current and accurate inventory of assets is developed and maintained through an asset register to include responsibilities and classification based on Data Security Policy (<CLIENT>-ORG-IMS-POL-003).
4 POLICY STATEMENT

<CLIENT> shall ensure the security of assets by:

1. Identifying information assets.
2. Ensuring that a current and accurate inventory of assets is developed and maintained through an asset register to include responsibilities and classification based on Data Security Policy (<CLIENT>-ORG-IMS-POL-003).",,,,,,
T6.1.1__clientname-IS-POL-00-Asset Management Policy 6_passage_6,retrieval,T6.1.1,T6,Third Party,The entity shall establish a third party security policy to facilitate the implementation of the associated controls.,8,"a,b,c,d,e,f,g,h","a: The third party security policy shall:
b: be appropriate to the relationship of the entity and the third party
c: include statement of the management commitment, purpose, objective and scope of the policy
d: outline the roles and responsibilities for managing third parties
e: provide the framework for setting information security objectives and/or include information security objectives to be used when engaging third parties
f: be documented and communicated to the third party
g: be read and acknowledged formally by the third party
h: be maintained, reviewed and updated at planned intervals or if significant changes occur",clientname-IS-POL-00-Asset Management Policy 6_passage_6,4 POLICY STATEMENT,"4 POLICY STATEMENT

<CLIENT> shall ensure the security of assets by:

1. Identifying information assets.
2. Ensuring that a current and accurate inventory of assets is developed and maintained through an asset register to include responsibilities and classification based on Data Security Policy (<CLIENT>-ORG-IMS-POL-003).
4 POLICY STATEMENT

<CLIENT> shall ensure the security of assets by:

1. Identifying information assets.
2. Ensuring that a current and accurate inventory of assets is developed and maintained through an asset register to include responsibilities and classification based on Data Security Policy (<CLIENT>-ORG-IMS-POL-003).",,,,,,
T7.1.1__clientname-IS-POL-00-Asset Management Policy 6_passage_6,retrieval,T7.1.1,T7,"Information Systems Acquisition,","The entity shall establish an information systems acquisition, development, and maintenance policy.",8,"a,b,c,d,e,f,g,h","a: The information systems acquisition, development, and maintenance policy shall:
b: be appropriate to the relationship of the entity and all internal and external parties involved in the process
c: include statement of the management commitment, purpose, objective and scope of the policy
d: outline the roles and responsibilities
e: provide the framework for setting information security objectives and/or include information security objectives to be used when engaging in the process
f: be documented and communicated to all users
g: be read and acknowledged formally by all users
h: be maintained, reviewed and updated at planned intervals or if significant changes occur",clientname-IS-POL-00-Asset Management Policy 6_passage_6,4 POLICY STATEMENT,"4 POLICY STATEMENT

<CLIENT> shall ensure the security of assets by:

1. Identifying information assets.
2. Ensuring that a current and accurate inventory of assets is developed and maintained through an asset register to include responsibilities and classification based on Data Security Policy (<CLIENT>-ORG-IMS-POL-003).
4 POLICY STATEMENT

<CLIENT> shall ensure the security of assets by:

1. Identifying information assets.
2. Ensuring that a current and accurate inventory of assets is developed and maintained through an asset register to include responsibilities and classification based on Data Security Policy (<CLIENT>-ORG-IMS-POL-003).",,,,,,
T8.1.1__clientname-IS-POL-00-Asset Management Policy 6_passage_6,retrieval,T8.1.1,T8,Information Security Incident,The entity shall establish a policy to manage and guide the response to information security incidents.,9,"a,b,c,d,e,f,g,h,i","a: The incident management policy shall:
b: be appropriate to the purpose of the entity
c: include statement of the management commitment, purpose, objective and scope of the policy
d: outline roles and responsibilities
e: provide the framework for managing incidents
f: address sector and national level requirements for handling and reporting incidents
g: be documented and communicated to all users
h: be read and acknowledged formally by all users
i: be maintained, reviewed, exercised and updated at planned intervals or if significant changes occur",clientname-IS-POL-00-Asset Management Policy 6_passage_6,4 POLICY STATEMENT,"4 POLICY STATEMENT

<CLIENT> shall ensure the security of assets by:

1. Identifying information assets.
2. Ensuring that a current and accurate inventory of assets is developed and maintained through an asset register to include responsibilities and classification based on Data Security Policy (<CLIENT>-ORG-IMS-POL-003).
4 POLICY STATEMENT

<CLIENT> shall ensure the security of assets by:

1. Identifying information assets.
2. Ensuring that a current and accurate inventory of assets is developed and maintained through an asset register to include responsibilities and classification based on Data Security Policy (<CLIENT>-ORG-IMS-POL-003).",,,,,,
T9.1.1__clientname-IS-POL-00-Asset Management Policy 6_passage_6,retrieval,T9.1.1,T9,Information Systems,The entity shall establish an information systems continuity planning policy.,8,"a,b,c,d,e,f,g,h","a: The information systems continuity planning policy shall:
b: be appropriate to the purpose of the entity
c: include statement of the management commitment, purpose, objective and scope of the policy
d: outline roles and responsibilities
e: provide the framework for continuity of information in adverse situations in accordance with the entity overall business continuity and / or disaster recovery planning
f: be documented and communicated to all users
g: be read and acknowledged formally by all users
h: be maintained, reviewed, tested and updated at planned intervals or if significant changes occur",clientname-IS-POL-00-Asset Management Policy 6_passage_6,4 POLICY STATEMENT,"4 POLICY STATEMENT

<CLIENT> shall ensure the security of assets by:

1. Identifying information assets.
2. Ensuring that a current and accurate inventory of assets is developed and maintained through an asset register to include responsibilities and classification based on Data Security Policy (<CLIENT>-ORG-IMS-POL-003).
4 POLICY STATEMENT

<CLIENT> shall ensure the security of assets by:

1. Identifying information assets.
2. Ensuring that a current and accurate inventory of assets is developed and maintained through an asset register to include responsibilities and classification based on Data Security Policy (<CLIENT>-ORG-IMS-POL-003).",,,,,,
M1.4.2__clientname-IS-POL-00-Asset Management Policy 6_passage_6,neg_sample,M1.4.2,M1,Internal and External,The entity shall determine the plan and mechanism for internal and external communications in support of its information security.,8,"b,c,d,e,f,g,h,i","b: The entity shall determine:
c: on what to communicate
d: when to communicate
e: with whom to communicate
f: who shall communicate
g: the processes by which communication shall be effected
h: The entity shall ensure that adequate communication can be maintained with the designated UAE Government entities
i: The entity shall document the communication plan.",clientname-IS-POL-00-Asset Management Policy 6_passage_6,4 POLICY STATEMENT,"4 POLICY STATEMENT

<CLIENT> shall ensure the security of assets by:

1. Identifying information assets.
2. Ensuring that a current and accurate inventory of assets is developed and maintained through an asset register to include responsibilities and classification based on Data Security Policy (<CLIENT>-ORG-IMS-POL-003).
4 POLICY STATEMENT

<CLIENT> shall ensure the security of assets by:

1. Identifying information assets.
2. Ensuring that a current and accurate inventory of assets is developed and maintained through an asset register to include responsibilities and classification based on Data Security Policy (<CLIENT>-ORG-IMS-POL-003).",,,,,,
M3.4.1__clientname-IS-POL-00-Asset Management Policy 6_passage_6,neg_sample,M3.4.1,M3,Awareness Campaign,The entity shall plan and conduct a security awareness campaign.,6,"a,b,c,d,e,f","a: The entity shall:
b: define the scope of the awareness campaign in terms of targets and content based on security risks relevant to users’ activities
c: provide a timeline for deploying specific awareness campaigns to meet the program objectives
d: ensure that information security campaigns proceed according to the defined program timeline
e: identify alternative information security awareness campaigns if problems with the program timeline arise
f: ensure the updated information security awareness campaign satisfies all of the program objectives and needs identified",clientname-IS-POL-00-Asset Management Policy 6_passage_6,4 POLICY STATEMENT,"4 POLICY STATEMENT

<CLIENT> shall ensure the security of assets by:

1. Identifying information assets.
2. Ensuring that a current and accurate inventory of assets is developed and maintained through an asset register to include responsibilities and classification based on Data Security Policy (<CLIENT>-ORG-IMS-POL-003).
4 POLICY STATEMENT

<CLIENT> shall ensure the security of assets by:

1. Identifying information assets.
2. Ensuring that a current and accurate inventory of assets is developed and maintained through an asset register to include responsibilities and classification based on Data Security Policy (<CLIENT>-ORG-IMS-POL-003).",,,,,,
M6.1.1__clientname-IS-POL-00-Asset Management Policy 6_passage_6,neg_sample,M6.1.1,M6,Performance Evaluation,The entity shall have a policy for performance evaluation that sets the framework for all performance evaluations that take place in the entity.,5,"a,b,c,d,f","a: The entity shall develop and implement a performance evaluation policy that determines:
b: the overall framework for performance evaluation
c: the methods of reporting the performance evaluation results to management
d: how to integrate the detailed performance measurements for controls with higher level performance measurements for information security objectives, risk management, et
f: how to integrate incident reports in the overall picture of performance monitoring",clientname-IS-POL-00-Asset Management Policy 6_passage_6,4 POLICY STATEMENT,"4 POLICY STATEMENT

<CLIENT> shall ensure the security of assets by:

1. Identifying information assets.
2. Ensuring that a current and accurate inventory of assets is developed and maintained through an asset register to include responsibilities and classification based on Data Security Policy (<CLIENT>-ORG-IMS-POL-003).
4 POLICY STATEMENT

<CLIENT> shall ensure the security of assets by:

1. Identifying information assets.
2. Ensuring that a current and accurate inventory of assets is developed and maintained through an asset register to include responsibilities and classification based on Data Security Policy (<CLIENT>-ORG-IMS-POL-003).",,,,,,
M1.1.1__clientname-IS-POL-00-Asset Management Policy 6_passage_7,prediction,M1.1.1,M1,Understanding the Entity and its NONE NONE NONE NONE Context,,0,,(no sub-controls — judge on description),clientname-IS-POL-00-Asset Management Policy 6_passage_7,5.1 Asset Inventory,"5.1 Asset Inventory

<CLIENT>; shall:
5.1.1. Identify assets relevant in the information lifecycle (creation, processing, storage, transmission, deletion, destruction, and protection) and document their importance.
5.1.2. Ensure that all organizational assets are considered for the asset management process using a centralized and efficient approach.
5.1.3. Ensure that documentation is done in dedicated asset inventories as appropriate. The asset inventory at a minimum shall contain:
5.1.3.1. Type of asset.
5.1.3.2. Asset ownership.
5.1.3.3. Location.
5.1.3.4. Backup information.
5.1.3.5. Related licenses.
5.1.3.6. Asset importance/criticality.",,,,,,
M1.4.1__clientname-IS-POL-00-Asset Management Policy 6_passage_7,prediction,M1.4.1,M1,Resources,The entity shall determine and provide the appropriate resources needed for the entity’s information security continual improvement,8,"a,b,c,d,e,f,g,h","a: The entity shall ensure for the establishment, implementation, maintenance and continual improvement of its information security that:
b: The amount of human and financial resources provided shall be adequate for the work to be carried out for information security
c: The allocated human resources shall be sufficiently competent for their information security roles and responsibilities; the entity shall:
d: determine the necessary competence of person(
e: doing work under its control that affects its information security performance;
f: ensure that these persons are competent on the basis of appropriate education, training, or experience;
g: where applicable, take actions to acquire the necessary competence, and evaluate the effectiveness of the actions taken; and
h: retain appropriate documented information as evidence of competence",clientname-IS-POL-00-Asset Management Policy 6_passage_7,5.1 Asset Inventory,"5.1 Asset Inventory

<CLIENT>; shall:
5.1.1. Identify assets relevant in the information lifecycle (creation, processing, storage, transmission, deletion, destruction, and protection) and document their importance.
5.1.2. Ensure that all organizational assets are considered for the asset management process using a centralized and efficient approach.
5.1.3. Ensure that documentation is done in dedicated asset inventories as appropriate. The asset inventory at a minimum shall contain:
5.1.3.1. Type of asset.
5.1.3.2. Asset ownership.
5.1.3.3. Location.
5.1.3.4. Backup information.
5.1.3.5. Related licenses.
5.1.3.6. Asset importance/criticality.",,,,,,
T1.1.1__clientname-IS-POL-00-Asset Management Policy 6_passage_7,prediction+retrieval,T1.1.1,T1,Asset Management Policy,The entity shall establish an asset management policy.,9,"a,b,c,d,e,f,g,h,i","a: The asset management policy shall:
b: be appropriate to the complexity of the entity and to the assets managed by the entity
c: include statement of the management commitment, purpose, objective and scope of the policy
d: outline the roles and responsibilities
e: provide the framework for managing the entity’s assets, including assignment of owners
f: provide the framework for managing Bring Your Own Device (BYOD) arrangements
g: be documented and communicated to all users
h: be read and acknowledged formally by all users
i: be maintained, reviewed and updated at planned intervals or if significant changes occur",clientname-IS-POL-00-Asset Management Policy 6_passage_7,5.1 Asset Inventory,"5.1 Asset Inventory

<CLIENT>; shall:
5.1.1. Identify assets relevant in the information lifecycle (creation, processing, storage, transmission, deletion, destruction, and protection) and document their importance.
5.1.2. Ensure that all organizational assets are considered for the asset management process using a centralized and efficient approach.
5.1.3. Ensure that documentation is done in dedicated asset inventories as appropriate. The asset inventory at a minimum shall contain:
5.1.3.1. Type of asset.
5.1.3.2. Asset ownership.
5.1.3.3. Location.
5.1.3.4. Backup information.
5.1.3.5. Related licenses.
5.1.3.6. Asset importance/criticality.",,,,,,
T1.2.1__clientname-IS-POL-00-Asset Management Policy 6_passage_7,golden+prediction,T1.2.1,T1,Inventory of Assets,The entity shall maintain an inventory list of all its information assets.,4,"a,b,c,d","a: The entity shall:
b: identify an inventory of information assets within the entity
c: maintain an up-to-date list of assets
d: ensure accuracy and consistency with other inventories",clientname-IS-POL-00-Asset Management Policy 6_passage_7,5.1 Asset Inventory,"5.1 Asset Inventory

<CLIENT>; shall:
5.1.1. Identify assets relevant in the information lifecycle (creation, processing, storage, transmission, deletion, destruction, and protection) and document their importance.
5.1.2. Ensure that all organizational assets are considered for the asset management process using a centralized and efficient approach.
5.1.3. Ensure that documentation is done in dedicated asset inventories as appropriate. The asset inventory at a minimum shall contain:
5.1.3.1. Type of asset.
5.1.3.2. Asset ownership.
5.1.3.3. Location.
5.1.3.4. Backup information.
5.1.3.5. Related licenses.
5.1.3.6. Asset importance/criticality.",,,,,,Partially Addressed
T1.2.2__clientname-IS-POL-00-Asset Management Policy 6_passage_7,prediction,T1.2.2,T1,Unknown,,0,,(no sub-controls — judge on description),clientname-IS-POL-00-Asset Management Policy 6_passage_7,5.1 Asset Inventory,"5.1 Asset Inventory

<CLIENT>; shall:
5.1.1. Identify assets relevant in the information lifecycle (creation, processing, storage, transmission, deletion, destruction, and protection) and document their importance.
5.1.2. Ensure that all organizational assets are considered for the asset management process using a centralized and efficient approach.
5.1.3. Ensure that documentation is done in dedicated asset inventories as appropriate. The asset inventory at a minimum shall contain:
5.1.3.1. Type of asset.
5.1.3.2. Asset ownership.
5.1.3.3. Location.
5.1.3.4. Backup information.
5.1.3.5. Related licenses.
5.1.3.6. Asset importance/criticality.",,,,,,
T1.2.4__clientname-IS-POL-00-Asset Management Policy 6_passage_7,prediction,T1.2.4,T1,Acceptable Bring Your Own,The entity shall develop rules for the acceptable use of information assets associated with BYOD arrangements.,5,"a,b,c,d,e","a: The entity shall:
b: establish the rules for the acceptable use of personal assets that are used on the entity’s environment
c: adapt rules to the different roles (management, users, administrators, operators, contractors, etc.)
d: ensure circulation and acceptance of the rules by employees, contractors and third parties
e: measure compliance with these rules",clientname-IS-POL-00-Asset Management Policy 6_passage_7,5.1 Asset Inventory,"5.1 Asset Inventory

<CLIENT>; shall:
5.1.1. Identify assets relevant in the information lifecycle (creation, processing, storage, transmission, deletion, destruction, and protection) and document their importance.
5.1.2. Ensure that all organizational assets are considered for the asset management process using a centralized and efficient approach.
5.1.3. Ensure that documentation is done in dedicated asset inventories as appropriate. The asset inventory at a minimum shall contain:
5.1.3.1. Type of asset.
5.1.3.2. Asset ownership.
5.1.3.3. Location.
5.1.3.4. Backup information.
5.1.3.5. Related licenses.
5.1.3.6. Asset importance/criticality.",,,,,,
M1.3.5__clientname-IS-POL-00-Asset Management Policy 6_passage_7,retrieval,M1.3.5,M1,Identification of Risks,The entity shall identify and properly manage the risks related to its information and information systems from business processes involving external parties,5,"a,b,c,d,e","a: The entity shall:
b: identify risks to its information and information systems and implement the appropriate controls before granting access to any external party
c: define an external party access policy
d: identify and adopt proper controls to limit physical and logical access to information assets and entity information systems
e: monitor external party access to entity information and entity information systems",clientname-IS-POL-00-Asset Management Policy 6_passage_7,5.1 Asset Inventory,"5.1 Asset Inventory

<CLIENT>; shall:
5.1.1. Identify assets relevant in the information lifecycle (creation, processing, storage, transmission, deletion, destruction, and protection) and document their importance.
5.1.2. Ensure that all organizational assets are considered for the asset management process using a centralized and efficient approach.
5.1.3. Ensure that documentation is done in dedicated asset inventories as appropriate. The asset inventory at a minimum shall contain:
5.1.3.1. Type of asset.
5.1.3.2. Asset ownership.
5.1.3.3. Location.
5.1.3.4. Backup information.
5.1.3.5. Related licenses.
5.1.3.6. Asset importance/criticality.",,,,,,
M5.5.1__clientname-IS-POL-00-Asset Management Policy 6_passage_7,retrieval,M5.5.1,M5,Information Systems Audit,The entity shall ensure that audit requirements and activities involving checks on operational systems are carefully planned and agreed to minimize the risk of disruptions to business processes.,5,"a,b,c,d,e","a: The entity shall:
b: assign responsibilities for internal audits of information system controls to an appropriate authority
c: define audit requirements for information system controls
d: outline an audit plan to meet audit requirements for information system controls
e: highlight measures taken to ensure audit activities minimize the risk of disruptions to business processes",clientname-IS-POL-00-Asset Management Policy 6_passage_7,5.1 Asset Inventory,"5.1 Asset Inventory

<CLIENT>; shall:
5.1.1. Identify assets relevant in the information lifecycle (creation, processing, storage, transmission, deletion, destruction, and protection) and document their importance.
5.1.2. Ensure that all organizational assets are considered for the asset management process using a centralized and efficient approach.
5.1.3. Ensure that documentation is done in dedicated asset inventories as appropriate. The asset inventory at a minimum shall contain:
5.1.3.1. Type of asset.
5.1.3.2. Asset ownership.
5.1.3.3. Location.
5.1.3.4. Backup information.
5.1.3.5. Related licenses.
5.1.3.6. Asset importance/criticality.",,,,,,
M5.5.2__clientname-IS-POL-00-Asset Management Policy 6_passage_7,retrieval,M5.5.2,M5,Protection of Information,The entity shall protect access to information systems audit tools to prevent any possible misuse or compromise.,4,"a,b,c,d","a: The entity shall:
b: identify all information systems audit tools
c: identify the types and classification levels of information stored in information systems audit tools
d: define minimum security requirements for information systems audit tools commensurate to the classification levels of the information held",clientname-IS-POL-00-Asset Management Policy 6_passage_7,5.1 Asset Inventory,"5.1 Asset Inventory

<CLIENT>; shall:
5.1.1. Identify assets relevant in the information lifecycle (creation, processing, storage, transmission, deletion, destruction, and protection) and document their importance.
5.1.2. Ensure that all organizational assets are considered for the asset management process using a centralized and efficient approach.
5.1.3. Ensure that documentation is done in dedicated asset inventories as appropriate. The asset inventory at a minimum shall contain:
5.1.3.1. Type of asset.
5.1.3.2. Asset ownership.
5.1.3.3. Location.
5.1.3.4. Backup information.
5.1.3.5. Related licenses.
5.1.3.6. Asset importance/criticality.",,,,,,
T3.2.5__clientname-IS-POL-00-Asset Management Policy 6_passage_7,retrieval,T3.2.5,T3,"Separation of Development,","The entity shall separate development, test, and operational environment.",4,"a,b,c,d","a: The entity shall:
b: identify the appropriate level of separation between operational, test, and development environments
c: define the rules for transferring software and systems from one environment to another
d: ensure the rules are integrated into the system / software development lifecycle",clientname-IS-POL-00-Asset Management Policy 6_passage_7,5.1 Asset Inventory,"5.1 Asset Inventory

<CLIENT>; shall:
5.1.1. Identify assets relevant in the information lifecycle (creation, processing, storage, transmission, deletion, destruction, and protection) and document their importance.
5.1.2. Ensure that all organizational assets are considered for the asset management process using a centralized and efficient approach.
5.1.3. Ensure that documentation is done in dedicated asset inventories as appropriate. The asset inventory at a minimum shall contain:
5.1.3.1. Type of asset.
5.1.3.2. Asset ownership.
5.1.3.3. Location.
5.1.3.4. Backup information.
5.1.3.5. Related licenses.
5.1.3.6. Asset importance/criticality.",,,,,,
T3.5.1__clientname-IS-POL-00-Asset Management Policy 6_passage_7,retrieval,T3.5.1,T3,Information Backup,The entity shall backup copies of its information and software.,5,"a,b,c,d,e","a: The entity shall:
b: establish guidelines for determining what information and software requires backup and how often
c: establish and document clear backup procedures and system capabilities for all applicable backup requirements
d: ensure backed up information and software is routinely tested for reliability
e: ensure IT staff have the skills and qualification to conduct the backup procedures (refer to",clientname-IS-POL-00-Asset Management Policy 6_passage_7,5.1 Asset Inventory,"5.1 Asset Inventory

<CLIENT>; shall:
5.1.1. Identify assets relevant in the information lifecycle (creation, processing, storage, transmission, deletion, destruction, and protection) and document their importance.
5.1.2. Ensure that all organizational assets are considered for the asset management process using a centralized and efficient approach.
5.1.3. Ensure that documentation is done in dedicated asset inventories as appropriate. The asset inventory at a minimum shall contain:
5.1.3.1. Type of asset.
5.1.3.2. Asset ownership.
5.1.3.3. Location.
5.1.3.4. Backup information.
5.1.3.5. Related licenses.
5.1.3.6. Asset importance/criticality.",,,,,,
T4.2.5__clientname-IS-POL-00-Asset Management Policy 6_passage_7,retrieval,T4.2.5,T4,Business Information,The entity shall develop policies and procedures to protect information transferred across business information systems.,5,"a,b,c,d,e","a: The policies and procedures shall:
b: identify all points of interconnection between business information systems
c: identify the types of information to be protected regarding the identified interconnections
d: identify appropriate security measures to be taken to protect each type of information
e: be documented, maintained, reviewed and updated at planned intervals or if significant changes occur",clientname-IS-POL-00-Asset Management Policy 6_passage_7,5.1 Asset Inventory,"5.1 Asset Inventory

<CLIENT>; shall:
5.1.1. Identify assets relevant in the information lifecycle (creation, processing, storage, transmission, deletion, destruction, and protection) and document their importance.
5.1.2. Ensure that all organizational assets are considered for the asset management process using a centralized and efficient approach.
5.1.3. Ensure that documentation is done in dedicated asset inventories as appropriate. The asset inventory at a minimum shall contain:
5.1.3.1. Type of asset.
5.1.3.2. Asset ownership.
5.1.3.3. Location.
5.1.3.4. Backup information.
5.1.3.5. Related licenses.
5.1.3.6. Asset importance/criticality.",,,,,,
T4.5.1__clientname-IS-POL-00-Asset Management Policy 6_passage_7,retrieval,T4.5.1,T4,Network Controls,"The entity shall ensure that all networks are adequately managed, controlled, and protected.",6,"a,b,c,d,e,f","a: The entity shall:
b: identify all network components and interconnectivity between them
c: document and maintain network diagram that includes all network components as well as their connections
d: perform a risk assessment on individual network components and the network as a whole to identify vulnerabilities requiring action
e: identify and implement specific network controls needed to mitigate the vulnerabilities identified
f: continually monitor the in-place controls for efficiency and effectiveness",clientname-IS-POL-00-Asset Management Policy 6_passage_7,5.1 Asset Inventory,"5.1 Asset Inventory

<CLIENT>; shall:
5.1.1. Identify assets relevant in the information lifecycle (creation, processing, storage, transmission, deletion, destruction, and protection) and document their importance.
5.1.2. Ensure that all organizational assets are considered for the asset management process using a centralized and efficient approach.
5.1.3. Ensure that documentation is done in dedicated asset inventories as appropriate. The asset inventory at a minimum shall contain:
5.1.3.1. Type of asset.
5.1.3.2. Asset ownership.
5.1.3.3. Location.
5.1.3.4. Backup information.
5.1.3.5. Related licenses.
5.1.3.6. Asset importance/criticality.",,,,,,
T4.5.4__clientname-IS-POL-00-Asset Management Policy 6_passage_7,retrieval,T4.5.4,T4,Security of Wireless,The entity shall ensure that all wireless networks are adequately secured.,5,"a,b,c,d,e","a: The entity shall:
b: undertake and document a site survey to determine the optimal physical locations to avoid stray signal leaking too far outside of the entity’s physical perimeter
c: identify criteria for grouping information services, users, and information systems into different groups that facilitate segregation on wireless networks
d: for each wireless network, identify the security controls that should be in place based on the required protection level of the information services, users, and information systems it supports
e: periodically evaluate the effectiveness of implemented segregation strategies and identify areas for improvement",clientname-IS-POL-00-Asset Management Policy 6_passage_7,5.1 Asset Inventory,"5.1 Asset Inventory

<CLIENT>; shall:
5.1.1. Identify assets relevant in the information lifecycle (creation, processing, storage, transmission, deletion, destruction, and protection) and document their importance.
5.1.2. Ensure that all organizational assets are considered for the asset management process using a centralized and efficient approach.
5.1.3. Ensure that documentation is done in dedicated asset inventories as appropriate. The asset inventory at a minimum shall contain:
5.1.3.1. Type of asset.
5.1.3.2. Asset ownership.
5.1.3.3. Location.
5.1.3.4. Backup information.
5.1.3.5. Related licenses.
5.1.3.6. Asset importance/criticality.",,,,,,
T5.5.1__clientname-IS-POL-00-Asset Management Policy 6_passage_7,retrieval,T5.5.1,T5,Secure Log-On Procedures,The entity shall control access to systems and applications using a secure log-on and log-off procedure.,6,"a,b,c,d,e,f","a: The entity shall:
b: identify the systems, applications and services that require user authentication
c: classify the identified systems, application and services based on the level of protection needed
d: establish the appropriate log-on and log-off procedures to minimize the opportunity for unauthorized access
e: set a maximum session time for logged on users for sensitive systems and applications
f: terminate inactive sessions after a predefined period of inactivity",clientname-IS-POL-00-Asset Management Policy 6_passage_7,5.1 Asset Inventory,"5.1 Asset Inventory

<CLIENT>; shall:
5.1.1. Identify assets relevant in the information lifecycle (creation, processing, storage, transmission, deletion, destruction, and protection) and document their importance.
5.1.2. Ensure that all organizational assets are considered for the asset management process using a centralized and efficient approach.
5.1.3. Ensure that documentation is done in dedicated asset inventories as appropriate. The asset inventory at a minimum shall contain:
5.1.3.1. Type of asset.
5.1.3.2. Asset ownership.
5.1.3.3. Location.
5.1.3.4. Backup information.
5.1.3.5. Related licenses.
5.1.3.6. Asset importance/criticality.",,,,,,
T5.5.3__clientname-IS-POL-00-Asset Management Policy 6_passage_7,retrieval,T5.5.3,T5,User Credentials,The entity shall implement a system for managing user credentials (i.e. passwords).,4,"a,b,c,d","a: The user credential management system shall:
b: automate the user credential change procedure ensuring the authenticity of the associate user identity
c: validate that the changed credentials have sufficient strength for their intended use to ensure quality secret authentication
d: set a maximum lifetime and reuse conditions",clientname-IS-POL-00-Asset Management Policy 6_passage_7,5.1 Asset Inventory,"5.1 Asset Inventory

<CLIENT>; shall:
5.1.1. Identify assets relevant in the information lifecycle (creation, processing, storage, transmission, deletion, destruction, and protection) and document their importance.
5.1.2. Ensure that all organizational assets are considered for the asset management process using a centralized and efficient approach.
5.1.3. Ensure that documentation is done in dedicated asset inventories as appropriate. The asset inventory at a minimum shall contain:
5.1.3.1. Type of asset.
5.1.3.2. Asset ownership.
5.1.3.3. Location.
5.1.3.4. Backup information.
5.1.3.5. Related licenses.
5.1.3.6. Asset importance/criticality.",,,,,,
T7.5.3__clientname-IS-POL-00-Asset Management Policy 6_passage_7,retrieval,T7.5.3,T7,Access,to Program,4,"a,b,c,d","a: The entity shall:
b: define an access control policy to source code
c: define and periodically review permissions
d: keep an audit log of all accesses",clientname-IS-POL-00-Asset Management Policy 6_passage_7,5.1 Asset Inventory,"5.1 Asset Inventory

<CLIENT>; shall:
5.1.1. Identify assets relevant in the information lifecycle (creation, processing, storage, transmission, deletion, destruction, and protection) and document their importance.
5.1.2. Ensure that all organizational assets are considered for the asset management process using a centralized and efficient approach.
5.1.3. Ensure that documentation is done in dedicated asset inventories as appropriate. The asset inventory at a minimum shall contain:
5.1.3.1. Type of asset.
5.1.3.2. Asset ownership.
5.1.3.3. Location.
5.1.3.4. Backup information.
5.1.3.5. Related licenses.
5.1.3.6. Asset importance/criticality.",,,,,,
M4.1.1__clientname-IS-POL-00-Asset Management Policy 6_passage_7,neg_sample,M4.1.1,M4,Human Resources Security,The entity shall develop and maintain a human resources security policy and associated security controls.,3,"a,b,d","a: The entity shall:
b: establish and maintain a human resources security policy that outlines roles and responsibilities of different stakeholders, and procedures to facilitate the implementation of the associated control
d: identify and implement associated controls",clientname-IS-POL-00-Asset Management Policy 6_passage_7,5.1 Asset Inventory,"5.1 Asset Inventory

<CLIENT>; shall:
5.1.1. Identify assets relevant in the information lifecycle (creation, processing, storage, transmission, deletion, destruction, and protection) and document their importance.
5.1.2. Ensure that all organizational assets are considered for the asset management process using a centralized and efficient approach.
5.1.3. Ensure that documentation is done in dedicated asset inventories as appropriate. The asset inventory at a minimum shall contain:
5.1.3.1. Type of asset.
5.1.3.2. Asset ownership.
5.1.3.3. Location.
5.1.3.4. Backup information.
5.1.3.5. Related licenses.
5.1.3.6. Asset importance/criticality.",,,,,,
T9.2.2__clientname-IS-POL-00-Asset Management Policy 6_passage_7,neg_sample,T9.2.2,T9,Unknown,"logs when a user attempts to access resources without the appropriate privileges. To evaluate whether such logging is in place, an entity should periodically scan through its logs and compare them with the asset inventory in order to ensure that each managed item actively connected to the network is periodically generating logs. Analytical programs such as SIM/SEM solutions for reviewing logs can provide value, but the capabilities employed to analyze audit logs are quite extensive, including, importantly, even just a cursory examination by a person. Actual correlation tools can make audit logs far more useful for subsequent manual inspection. Such tools can be quite helpful in identifying subtle attacks. However, these tools are neither a panacea nor a replacement for skilled information security personnel and system administrators. Even with automated log analysis tools, human expertise and intuition are often required to identify and understand attacks. Relevant Threats and • Unauthorized access Vulnerabilities • Tempering with information systems • Backdoor or command and control",0,,(no sub-controls — judge on description),clientname-IS-POL-00-Asset Management Policy 6_passage_7,5.1 Asset Inventory,"5.1 Asset Inventory

<CLIENT>; shall:
5.1.1. Identify assets relevant in the information lifecycle (creation, processing, storage, transmission, deletion, destruction, and protection) and document their importance.
5.1.2. Ensure that all organizational assets are considered for the asset management process using a centralized and efficient approach.
5.1.3. Ensure that documentation is done in dedicated asset inventories as appropriate. The asset inventory at a minimum shall contain:
5.1.3.1. Type of asset.
5.1.3.2. Asset ownership.
5.1.3.3. Location.
5.1.3.4. Backup information.
5.1.3.5. Related licenses.
5.1.3.6. Asset importance/criticality.",,,,,,
M1.3.7__clientname-IS-POL-00-Asset Management Policy 6_passage_8,prediction,M1.3.7,M1,Unknown,,0,,(no sub-controls — judge on description),clientname-IS-POL-00-Asset Management Policy 6_passage_8,5.2 Asset Ownership,"<CLIENT> shall:
            5.2.1 Establish and implement a process to ensure timely assignment of asset ownership.
            5.2.2 Assign/reassign ownership when assets are created or transferred.
            5.2.3 Assign ownership to individuals having approved management responsibility across the asset lifecycle. Asset owners shall have the following responsibilities at a minimum:
                a) Perform inventory of the applicable assets.
                b) Classify and protect the assets.
                c) Define and periodically review access restrictions and classifications to important assets, considering applicable access control policies in accordance with <CLIENT> Access Control Policy (<CLIENT>-ORG-IMS-POL-017).",,,,,,
M4.2.2__clientname-IS-POL-00-Asset Management Policy 6_passage_8,prediction,M4.2.2,M4,Terms and Conditions of,"The entity shall ensure that employees, contractors and third party user understand, agree and sign the terms and conditions of their employment contract, which should state their and the entity’s responsibilities for",6,"a,b,c,d,e,f","a: information security, as part of their contractual obligatio
b: The entity shall:
c: define standard information security terms and conditions for employees, third parties and contractors
d: include information security terms and conditions in any contract
e: ensure that their employees, contractors, and third parties fully understand their relevant terms and conditions
f: review and eventually amend any existing contract with employees, contractors and third parties",clientname-IS-POL-00-Asset Management Policy 6_passage_8,5.2 Asset Ownership,"<CLIENT> shall:
            5.2.1 Establish and implement a process to ensure timely assignment of asset ownership.
            5.2.2 Assign/reassign ownership when assets are created or transferred.
            5.2.3 Assign ownership to individuals having approved management responsibility across the asset lifecycle. Asset owners shall have the following responsibilities at a minimum:
                a) Perform inventory of the applicable assets.
                b) Classify and protect the assets.
                c) Define and periodically review access restrictions and classifications to important assets, considering applicable access control policies in accordance with <CLIENT> Access Control Policy (<CLIENT>-ORG-IMS-POL-017).",,,,,,
M4.4.1__clientname-IS-POL-00-Asset Management Policy 6_passage_8,prediction,M4.4.1,M4,Termination Responsibilities M4.4.2 Return of Assets,,0,,(no sub-controls — judge on description),clientname-IS-POL-00-Asset Management Policy 6_passage_8,5.2 Asset Ownership,"<CLIENT> shall:
            5.2.1 Establish and implement a process to ensure timely assignment of asset ownership.
            5.2.2 Assign/reassign ownership when assets are created or transferred.
            5.2.3 Assign ownership to individuals having approved management responsibility across the asset lifecycle. Asset owners shall have the following responsibilities at a minimum:
                a) Perform inventory of the applicable assets.
                b) Classify and protect the assets.
                c) Define and periodically review access restrictions and classifications to important assets, considering applicable access control policies in accordance with <CLIENT> Access Control Policy (<CLIENT>-ORG-IMS-POL-017).",,,,,,
M4.4.2__clientname-IS-POL-00-Asset Management Policy 6_passage_8,prediction,M4.4.2,M4,Return of Assets,"The entity shall ensure that all stakeholders should return all of the entity’s assets in their possession upon termination of their employment, contract or agreement.",2,"a,b","a: The entity shall:
b: include in employee termination policy that all employees, contractors and third parties should return of all assets upon termination of employment, contract or agreement",clientname-IS-POL-00-Asset Management Policy 6_passage_8,5.2 Asset Ownership,"<CLIENT> shall:
            5.2.1 Establish and implement a process to ensure timely assignment of asset ownership.
            5.2.2 Assign/reassign ownership when assets are created or transferred.
            5.2.3 Assign ownership to individuals having approved management responsibility across the asset lifecycle. Asset owners shall have the following responsibilities at a minimum:
                a) Perform inventory of the applicable assets.
                b) Classify and protect the assets.
                c) Define and periodically review access restrictions and classifications to important assets, considering applicable access control policies in accordance with <CLIENT> Access Control Policy (<CLIENT>-ORG-IMS-POL-017).",,,,,,
M5.1.1__clientname-IS-POL-00-Asset Management Policy 6_passage_8,prediction,M5.1.1,M5,Compliance Policy,"The entity shall develop and maintain a compliance policy with which the entity must be compliant at the entity, sector, and national levels.",5,"a,b,c,d,e","a: The compliance policy shall:
b: be appropriate to the purpose of the entity
c: outline the roles and responsibilities for establishing compliance requirements
d: outline the approach for establishing compliance requirements
e: outline the approach the entity will follow to ensure compliance with the identified requirements at the entity, sector, and national levels",clientname-IS-POL-00-Asset Management Policy 6_passage_8,5.2 Asset Ownership,"<CLIENT> shall:
            5.2.1 Establish and implement a process to ensure timely assignment of asset ownership.
            5.2.2 Assign/reassign ownership when assets are created or transferred.
            5.2.3 Assign ownership to individuals having approved management responsibility across the asset lifecycle. Asset owners shall have the following responsibilities at a minimum:
                a) Perform inventory of the applicable assets.
                b) Classify and protect the assets.
                c) Define and periodically review access restrictions and classifications to important assets, considering applicable access control policies in accordance with <CLIENT> Access Control Policy (<CLIENT>-ORG-IMS-POL-017).",,,,,,
T1.1.1__clientname-IS-POL-00-Asset Management Policy 6_passage_8,prediction+retrieval,T1.1.1,T1,Asset Management Policy,The entity shall establish an asset management policy.,9,"a,b,c,d,e,f,g,h,i","a: The asset management policy shall:
b: be appropriate to the complexity of the entity and to the assets managed by the entity
c: include statement of the management commitment, purpose, objective and scope of the policy
d: outline the roles and responsibilities
e: provide the framework for managing the entity’s assets, including assignment of owners
f: provide the framework for managing Bring Your Own Device (BYOD) arrangements
g: be documented and communicated to all users
h: be read and acknowledged formally by all users
i: be maintained, reviewed and updated at planned intervals or if significant changes occur",clientname-IS-POL-00-Asset Management Policy 6_passage_8,5.2 Asset Ownership,"<CLIENT> shall:
            5.2.1 Establish and implement a process to ensure timely assignment of asset ownership.
            5.2.2 Assign/reassign ownership when assets are created or transferred.
            5.2.3 Assign ownership to individuals having approved management responsibility across the asset lifecycle. Asset owners shall have the following responsibilities at a minimum:
                a) Perform inventory of the applicable assets.
                b) Classify and protect the assets.
                c) Define and periodically review access restrictions and classifications to important assets, considering applicable access control policies in accordance with <CLIENT> Access Control Policy (<CLIENT>-ORG-IMS-POL-017).",,,,,,
T1.2.1__clientname-IS-POL-00-Asset Management Policy 6_passage_8,prediction+retrieval,T1.2.1,T1,Inventory of Assets,The entity shall maintain an inventory list of all its information assets.,4,"a,b,c,d","a: The entity shall:
b: identify an inventory of information assets within the entity
c: maintain an up-to-date list of assets
d: ensure accuracy and consistency with other inventories",clientname-IS-POL-00-Asset Management Policy 6_passage_8,5.2 Asset Ownership,"<CLIENT> shall:
            5.2.1 Establish and implement a process to ensure timely assignment of asset ownership.
            5.2.2 Assign/reassign ownership when assets are created or transferred.
            5.2.3 Assign ownership to individuals having approved management responsibility across the asset lifecycle. Asset owners shall have the following responsibilities at a minimum:
                a) Perform inventory of the applicable assets.
                b) Classify and protect the assets.
                c) Define and periodically review access restrictions and classifications to important assets, considering applicable access control policies in accordance with <CLIENT> Access Control Policy (<CLIENT>-ORG-IMS-POL-017).",,,,,,
T1.2.2__clientname-IS-POL-00-Asset Management Policy 6_passage_8,golden+prediction,T1.2.2,T1,Unknown,,0,,(no sub-controls — judge on description),clientname-IS-POL-00-Asset Management Policy 6_passage_8,5.2 Asset Ownership,"<CLIENT> shall:
            5.2.1 Establish and implement a process to ensure timely assignment of asset ownership.
            5.2.2 Assign/reassign ownership when assets are created or transferred.
            5.2.3 Assign ownership to individuals having approved management responsibility across the asset lifecycle. Asset owners shall have the following responsibilities at a minimum:
                a) Perform inventory of the applicable assets.
                b) Classify and protect the assets.
                c) Define and periodically review access restrictions and classifications to important assets, considering applicable access control policies in accordance with <CLIENT> Access Control Policy (<CLIENT>-ORG-IMS-POL-017).",,,,,,Fully Addressed
M1.3.5__clientname-IS-POL-00-Asset Management Policy 6_passage_8,retrieval,M1.3.5,M1,Identification of Risks,The entity shall identify and properly manage the risks related to its information and information systems from business processes involving external parties,5,"a,b,c,d,e","a: The entity shall:
b: identify risks to its information and information systems and implement the appropriate controls before granting access to any external party
c: define an external party access policy
d: identify and adopt proper controls to limit physical and logical access to information assets and entity information systems
e: monitor external party access to entity information and entity information systems",clientname-IS-POL-00-Asset Management Policy 6_passage_8,5.2 Asset Ownership,"<CLIENT> shall:
            5.2.1 Establish and implement a process to ensure timely assignment of asset ownership.
            5.2.2 Assign/reassign ownership when assets are created or transferred.
            5.2.3 Assign ownership to individuals having approved management responsibility across the asset lifecycle. Asset owners shall have the following responsibilities at a minimum:
                a) Perform inventory of the applicable assets.
                b) Classify and protect the assets.
                c) Define and periodically review access restrictions and classifications to important assets, considering applicable access control policies in accordance with <CLIENT> Access Control Policy (<CLIENT>-ORG-IMS-POL-017).",,,,,,
M1.3.6__clientname-IS-POL-00-Asset Management Policy 6_passage_8,retrieval,M1.3.6,M1,Addressing Security When,The entity shall address all identified security requirements before giving customers access to the entity’s information or assets.,3,"a,b,c","a: The entity shall:
b: make sure that any customer accessing entity information and information systems are compliant with the entity’s information security policy and security requirements
c: monitor any customer access and verify compliance to agreed access control policy",clientname-IS-POL-00-Asset Management Policy 6_passage_8,5.2 Asset Ownership,"<CLIENT> shall:
            5.2.1 Establish and implement a process to ensure timely assignment of asset ownership.
            5.2.2 Assign/reassign ownership when assets are created or transferred.
            5.2.3 Assign ownership to individuals having approved management responsibility across the asset lifecycle. Asset owners shall have the following responsibilities at a minimum:
                a) Perform inventory of the applicable assets.
                b) Classify and protect the assets.
                c) Define and periodically review access restrictions and classifications to important assets, considering applicable access control policies in accordance with <CLIENT> Access Control Policy (<CLIENT>-ORG-IMS-POL-017).",,,,,,
M5.2.3__clientname-IS-POL-00-Asset Management Policy 6_passage_8,retrieval,M5.2.3,M5,Protection of,"The entity shall protect important records from loss, destruction, and falsification, in accordance with statutory, regulatory, contractual, and business requirements.",5,"a,b,c,d,e","a: The entity shall:
b: define a process for identifying records with specific compliance requirements regarding loss, destruction, falsification, or other applicable characteristics
c: determine specific system requirements resulting from the identified requirements
d: define specific controls to ensure all record protection requirements are met
e: periodically review requirements and associated controls for completeness",clientname-IS-POL-00-Asset Management Policy 6_passage_8,5.2 Asset Ownership,"<CLIENT> shall:
            5.2.1 Establish and implement a process to ensure timely assignment of asset ownership.
            5.2.2 Assign/reassign ownership when assets are created or transferred.
            5.2.3 Assign ownership to individuals having approved management responsibility across the asset lifecycle. Asset owners shall have the following responsibilities at a minimum:
                a) Perform inventory of the applicable assets.
                b) Classify and protect the assets.
                c) Define and periodically review access restrictions and classifications to important assets, considering applicable access control policies in accordance with <CLIENT> Access Control Policy (<CLIENT>-ORG-IMS-POL-017).",,,,,,
M5.5.2__clientname-IS-POL-00-Asset Management Policy 6_passage_8,retrieval,M5.5.2,M5,Protection of Information,The entity shall protect access to information systems audit tools to prevent any possible misuse or compromise.,4,"a,b,c,d","a: The entity shall:
b: identify all information systems audit tools
c: identify the types and classification levels of information stored in information systems audit tools
d: define minimum security requirements for information systems audit tools commensurate to the classification levels of the information held",clientname-IS-POL-00-Asset Management Policy 6_passage_8,5.2 Asset Ownership,"<CLIENT> shall:
            5.2.1 Establish and implement a process to ensure timely assignment of asset ownership.
            5.2.2 Assign/reassign ownership when assets are created or transferred.
            5.2.3 Assign ownership to individuals having approved management responsibility across the asset lifecycle. Asset owners shall have the following responsibilities at a minimum:
                a) Perform inventory of the applicable assets.
                b) Classify and protect the assets.
                c) Define and periodically review access restrictions and classifications to important assets, considering applicable access control policies in accordance with <CLIENT> Access Control Policy (<CLIENT>-ORG-IMS-POL-017).",,,,,,
T4.2.5__clientname-IS-POL-00-Asset Management Policy 6_passage_8,retrieval,T4.2.5,T4,Business Information,The entity shall develop policies and procedures to protect information transferred across business information systems.,5,"a,b,c,d,e","a: The policies and procedures shall:
b: identify all points of interconnection between business information systems
c: identify the types of information to be protected regarding the identified interconnections
d: identify appropriate security measures to be taken to protect each type of information
e: be documented, maintained, reviewed and updated at planned intervals or if significant changes occur",clientname-IS-POL-00-Asset Management Policy 6_passage_8,5.2 Asset Ownership,"<CLIENT> shall:
            5.2.1 Establish and implement a process to ensure timely assignment of asset ownership.
            5.2.2 Assign/reassign ownership when assets are created or transferred.
            5.2.3 Assign ownership to individuals having approved management responsibility across the asset lifecycle. Asset owners shall have the following responsibilities at a minimum:
                a) Perform inventory of the applicable assets.
                b) Classify and protect the assets.
                c) Define and periodically review access restrictions and classifications to important assets, considering applicable access control policies in accordance with <CLIENT> Access Control Policy (<CLIENT>-ORG-IMS-POL-017).",,,,,,
T5.2.1__clientname-IS-POL-00-Asset Management Policy 6_passage_8,retrieval,T5.2.1,T5,User Registration,The entity shall implement a formal user registration and de-registration procedure.,5,"a,b,c,d,e","a: The entity shall:
b: establish and formalize procedures for the registration and de- registration of users
c: ensure that a separate account is created for each person requiring access, and prohibit sharing of same accounts across multiple users
d: immediately revoke access from users who have changed roles or jobs or left the entity following the established procedure
e: periodically check and revoke access related to temporary and inactive accounts",clientname-IS-POL-00-Asset Management Policy 6_passage_8,5.2 Asset Ownership,"<CLIENT> shall:
            5.2.1 Establish and implement a process to ensure timely assignment of asset ownership.
            5.2.2 Assign/reassign ownership when assets are created or transferred.
            5.2.3 Assign ownership to individuals having approved management responsibility across the asset lifecycle. Asset owners shall have the following responsibilities at a minimum:
                a) Perform inventory of the applicable assets.
                b) Classify and protect the assets.
                c) Define and periodically review access restrictions and classifications to important assets, considering applicable access control policies in accordance with <CLIENT> Access Control Policy (<CLIENT>-ORG-IMS-POL-017).",,,,,,
T5.2.4__clientname-IS-POL-00-Asset Management Policy 6_passage_8,retrieval,T5.2.4,T5,Review of User Access,The entity shall review users’ access rights.,4,"a,b,c,d","a: The entity shall:
b: maintain access right records for all assets, and identify any granted special access
c: establish a access right review procedure to ensure access rights are reviewed periodically or on any changes in users’ status
d: periodically check the granted special access to ensure their validity",clientname-IS-POL-00-Asset Management Policy 6_passage_8,5.2 Asset Ownership,"<CLIENT> shall:
            5.2.1 Establish and implement a process to ensure timely assignment of asset ownership.
            5.2.2 Assign/reassign ownership when assets are created or transferred.
            5.2.3 Assign ownership to individuals having approved management responsibility across the asset lifecycle. Asset owners shall have the following responsibilities at a minimum:
                a) Perform inventory of the applicable assets.
                b) Classify and protect the assets.
                c) Define and periodically review access restrictions and classifications to important assets, considering applicable access control policies in accordance with <CLIENT> Access Control Policy (<CLIENT>-ORG-IMS-POL-017).",,,,,,
T5.5.1__clientname-IS-POL-00-Asset Management Policy 6_passage_8,retrieval,T5.5.1,T5,Secure Log-On Procedures,The entity shall control access to systems and applications using a secure log-on and log-off procedure.,6,"a,b,c,d,e,f","a: The entity shall:
b: identify the systems, applications and services that require user authentication
c: classify the identified systems, application and services based on the level of protection needed
d: establish the appropriate log-on and log-off procedures to minimize the opportunity for unauthorized access
e: set a maximum session time for logged on users for sensitive systems and applications
f: terminate inactive sessions after a predefined period of inactivity",clientname-IS-POL-00-Asset Management Policy 6_passage_8,5.2 Asset Ownership,"<CLIENT> shall:
            5.2.1 Establish and implement a process to ensure timely assignment of asset ownership.
            5.2.2 Assign/reassign ownership when assets are created or transferred.
            5.2.3 Assign ownership to individuals having approved management responsibility across the asset lifecycle. Asset owners shall have the following responsibilities at a minimum:
                a) Perform inventory of the applicable assets.
                b) Classify and protect the assets.
                c) Define and periodically review access restrictions and classifications to important assets, considering applicable access control policies in accordance with <CLIENT> Access Control Policy (<CLIENT>-ORG-IMS-POL-017).",,,,,,
T5.6.1__clientname-IS-POL-00-Asset Management Policy 6_passage_8,retrieval,T5.6.1,T5,Information Access,The entity shall restrict access to information and application system functions in accordance with the access control policy.,5,"a,b,c,d,e","a: The entity shall:
b: ensure access to information and application system functions is restricted
c: ensure access restriction is based on user’s roles and responsibilities
d: assign the appropriate level of access rights to information and application functions
e: for each user and support personnel, adjust their access control based on specific business needs",clientname-IS-POL-00-Asset Management Policy 6_passage_8,5.2 Asset Ownership,"<CLIENT> shall:
            5.2.1 Establish and implement a process to ensure timely assignment of asset ownership.
            5.2.2 Assign/reassign ownership when assets are created or transferred.
            5.2.3 Assign ownership to individuals having approved management responsibility across the asset lifecycle. Asset owners shall have the following responsibilities at a minimum:
                a) Perform inventory of the applicable assets.
                b) Classify and protect the assets.
                c) Define and periodically review access restrictions and classifications to important assets, considering applicable access control policies in accordance with <CLIENT> Access Control Policy (<CLIENT>-ORG-IMS-POL-017).",,,,,,
T7.5.3__clientname-IS-POL-00-Asset Management Policy 6_passage_8,retrieval,T7.5.3,T7,Access,to Program,4,"a,b,c,d","a: The entity shall:
b: define an access control policy to source code
c: define and periodically review permissions
d: keep an audit log of all accesses",clientname-IS-POL-00-Asset Management Policy 6_passage_8,5.2 Asset Ownership,"<CLIENT> shall:
            5.2.1 Establish and implement a process to ensure timely assignment of asset ownership.
            5.2.2 Assign/reassign ownership when assets are created or transferred.
            5.2.3 Assign ownership to individuals having approved management responsibility across the asset lifecycle. Asset owners shall have the following responsibilities at a minimum:
                a) Perform inventory of the applicable assets.
                b) Classify and protect the assets.
                c) Define and periodically review access restrictions and classifications to important assets, considering applicable access control policies in accordance with <CLIENT> Access Control Policy (<CLIENT>-ORG-IMS-POL-017).",,,,,,
T4.2.3__clientname-IS-POL-00-Asset Management Policy 6_passage_8,neg_sample,T4.2.3,T4,Physical Media in Transit,The entity shall protect physical media containing information during transportation.,6,"a,b,c,d,e,f","a: The entity shall:
b: identify physical media carrying sensitive information
c: define labeling requirements for physical media carrying sensitive information
d: ensure physical media in transit carrying sensitive information is tracked sufficiently in accordance with the sensitivity of the information it contains
e: define measures to be taken in the event of loss of physical media in transit carrying sensitive information
f: keep a log of all transitions",clientname-IS-POL-00-Asset Management Policy 6_passage_8,5.2 Asset Ownership,"<CLIENT> shall:
            5.2.1 Establish and implement a process to ensure timely assignment of asset ownership.
            5.2.2 Assign/reassign ownership when assets are created or transferred.
            5.2.3 Assign ownership to individuals having approved management responsibility across the asset lifecycle. Asset owners shall have the following responsibilities at a minimum:
                a) Perform inventory of the applicable assets.
                b) Classify and protect the assets.
                c) Define and periodically review access restrictions and classifications to important assets, considering applicable access control policies in accordance with <CLIENT> Access Control Policy (<CLIENT>-ORG-IMS-POL-017).",,,,,,
T5.2.3__clientname-IS-POL-00-Asset Management Policy 6_passage_8,neg_sample,T5.2.3,T5,User Security Credentials,The entity shall control the allocation of user security credentials.,8,"a,b,c,e,f,g,h,i","a: The entity shall:
b: establish a user security credential management policy for users and administrators that is appropriate to the purpose of the entity
c: ensure that the policy includes a secure process to provide users with security credentials; policy should also include credential revocation procedure and credential re-allocatio
e: in case of use of security credentials (i.
f: password
g: change default security credentials of all systems and applications
h: in case of credentials, always store them in a well-hashed (including “salting”) or encrypted format
i: for accessing critical resources/assets, implement credential systems based on multi-factor authentication",clientname-IS-POL-00-Asset Management Policy 6_passage_8,5.2 Asset Ownership,"<CLIENT> shall:
            5.2.1 Establish and implement a process to ensure timely assignment of asset ownership.
            5.2.2 Assign/reassign ownership when assets are created or transferred.
            5.2.3 Assign ownership to individuals having approved management responsibility across the asset lifecycle. Asset owners shall have the following responsibilities at a minimum:
                a) Perform inventory of the applicable assets.
                b) Classify and protect the assets.
                c) Define and periodically review access restrictions and classifications to important assets, considering applicable access control policies in accordance with <CLIENT> Access Control Policy (<CLIENT>-ORG-IMS-POL-017).",,,,,,
T5.3.1__clientname-IS-POL-00-Asset Management Policy 6_passage_8,neg_sample,T5.3.1,T5,Use of Security Credentials,The entity shall require users to use security credentials in line with the entity’s security practices.,3,"a,b,c","a: The entity shall:
b: develop a good practice for use of security credentials
c: share and educate users on the developed good practices through awareness and training sessions (refer to",clientname-IS-POL-00-Asset Management Policy 6_passage_8,5.2 Asset Ownership,"<CLIENT> shall:
            5.2.1 Establish and implement a process to ensure timely assignment of asset ownership.
            5.2.2 Assign/reassign ownership when assets are created or transferred.
            5.2.3 Assign ownership to individuals having approved management responsibility across the asset lifecycle. Asset owners shall have the following responsibilities at a minimum:
                a) Perform inventory of the applicable assets.
                b) Classify and protect the assets.
                c) Define and periodically review access restrictions and classifications to important assets, considering applicable access control policies in accordance with <CLIENT> Access Control Policy (<CLIENT>-ORG-IMS-POL-017).",,,,,,
T7.4.2__clientname-IS-POL-00-Asset Management Policy 6_passage_8,neg_sample,T7.4.2,T7,Key Management,The entity shall establish key management to support the entity’s use of cryptographic techniques.,6,"a,b,c,d,e,f","a: The entity shall:
b: develop a key management policy and process to control the generation of keys taking into account TRA’s issuances with regard to key management
c: define key storing standards
d: define procedures to revoke/block keys and to repair damage or corrupted keys
e: protect all cryptographic keys against modification and loss
f: protect secret and private keys against unauthorized use and disclosure",clientname-IS-POL-00-Asset Management Policy 6_passage_8,5.2 Asset Ownership,"<CLIENT> shall:
            5.2.1 Establish and implement a process to ensure timely assignment of asset ownership.
            5.2.2 Assign/reassign ownership when assets are created or transferred.
            5.2.3 Assign ownership to individuals having approved management responsibility across the asset lifecycle. Asset owners shall have the following responsibilities at a minimum:
                a) Perform inventory of the applicable assets.
                b) Classify and protect the assets.
                c) Define and periodically review access restrictions and classifications to important assets, considering applicable access control policies in accordance with <CLIENT> Access Control Policy (<CLIENT>-ORG-IMS-POL-017).",,,,,,
T1.3.1__clientname-IS-POL-00-Asset Management Policy 6_passage_9,prediction,T1.3.1,T1,Classification of Information A.7.2.1 RA-2 7.2.1 AM.3,,0,,(no sub-controls — judge on description),clientname-IS-POL-00-Asset Management Policy 6_passage_9,5.3 Asset Labelling,"<CLIENT> shall:
            5.3.1 Label information assets in physical and electronic formats according to the established information classification scheme as per the <CLIENT> Data Security Policy (<CLIENT>-ORG-IMS-POL-003).
                a) Develop detailed procedures to give guidance on where and how labels are attached in consideration of how the information is accessed or the assets are handled depending on the types of media.
                b) Ensure that output from systems carry an appropriate classification label aligned to <CLIENT> Data Security Policy (<CLIENT>-ORG-IMS-POL-003).
                c) Ensure labels are easily recognizable and are included in emails, header, and footer of manually created or system-generated documents.    
            5.3.2 Ensure appropriate awareness is provided to employees and third-party users regarding information labelling procedures.",,,,,,
T1.3.2__clientname-IS-POL-00-Asset Management Policy 6_passage_9,golden+prediction+retrieval,T1.3.2,T1,Labeling of Information,The entity shall label information in accordance with the classification scheme adopted by the entity.,3,"a,b,c","a: The entity shall:
b: establish a procedure for labeling of information and its related assets in physical or electronic formats to reflect their attributed classification
c: apply the appropriate label on information",clientname-IS-POL-00-Asset Management Policy 6_passage_9,5.3 Asset Labelling,"<CLIENT> shall:
            5.3.1 Label information assets in physical and electronic formats according to the established information classification scheme as per the <CLIENT> Data Security Policy (<CLIENT>-ORG-IMS-POL-003).
                a) Develop detailed procedures to give guidance on where and how labels are attached in consideration of how the information is accessed or the assets are handled depending on the types of media.
                b) Ensure that output from systems carry an appropriate classification label aligned to <CLIENT> Data Security Policy (<CLIENT>-ORG-IMS-POL-003).
                c) Ensure labels are easily recognizable and are included in emails, header, and footer of manually created or system-generated documents.    
            5.3.2 Ensure appropriate awareness is provided to employees and third-party users regarding information labelling procedures.",,,,,,Not Addressed
T1.3.3__clientname-IS-POL-00-Asset Management Policy 6_passage_9,golden+prediction+retrieval,T1.3.3,T1,Handling of Information,The entity shall handle assets in accordance with the information classification scheme adopted by the entity.,3,"a,b,c","a: The entity shall:
b: develop handling procedures for processing, storing and communicating information consistent with its classification and its attached label
c: safeguard the information in accordance with the established procedures",clientname-IS-POL-00-Asset Management Policy 6_passage_9,5.3 Asset Labelling,"<CLIENT> shall:
            5.3.1 Label information assets in physical and electronic formats according to the established information classification scheme as per the <CLIENT> Data Security Policy (<CLIENT>-ORG-IMS-POL-003).
                a) Develop detailed procedures to give guidance on where and how labels are attached in consideration of how the information is accessed or the assets are handled depending on the types of media.
                b) Ensure that output from systems carry an appropriate classification label aligned to <CLIENT> Data Security Policy (<CLIENT>-ORG-IMS-POL-003).
                c) Ensure labels are easily recognizable and are included in emails, header, and footer of manually created or system-generated documents.    
            5.3.2 Ensure appropriate awareness is provided to employees and third-party users regarding information labelling procedures.",,,,,,Fully Addressed
T3.6.4__clientname-IS-POL-00-Asset Management Policy 6_passage_9,prediction,T3.6.4,T3,Protection of Log,The entity shall protect log information against tampering and unauthorized access.,3,"a,b,c","a: The entity shall:
b: identify the log information across all information systems that shall be protected
c: ensure log information are protected commensurate to the sensitivity of the content of the logs",clientname-IS-POL-00-Asset Management Policy 6_passage_9,5.3 Asset Labelling,"<CLIENT> shall:
            5.3.1 Label information assets in physical and electronic formats according to the established information classification scheme as per the <CLIENT> Data Security Policy (<CLIENT>-ORG-IMS-POL-003).
                a) Develop detailed procedures to give guidance on where and how labels are attached in consideration of how the information is accessed or the assets are handled depending on the types of media.
                b) Ensure that output from systems carry an appropriate classification label aligned to <CLIENT> Data Security Policy (<CLIENT>-ORG-IMS-POL-003).
                c) Ensure labels are easily recognizable and are included in emails, header, and footer of manually created or system-generated documents.    
            5.3.2 Ensure appropriate awareness is provided to employees and third-party users regarding information labelling procedures.",,,,,,
M1.1.3__clientname-IS-POL-00-Asset Management Policy 6_passage_9,retrieval,M1.1.3,M1,Roles and Responsibilities,The entity shall ensure that the responsibilities and authorities of roles for information security are assigned and communicated.,5,"a,b,c,d,e","a: Top management shall assign the responsibility and the authority for:
b: ensuring that the information security implemented in the entity conforms to the requirements of the
c: reporting on the performance of information security to top management Top management shall ensure that
d: an Information Security Manager is appointed to take overall responsibility for the establishment, implementation, maintenance and continual improvement of information security
e: an Information Security Committee is established that oversees and governs the establishment, implementation, maintenance and continual improvement of information security in the entity, and that integrates information security in the entity",clientname-IS-POL-00-Asset Management Policy 6_passage_9,5.3 Asset Labelling,"<CLIENT> shall:
            5.3.1 Label information assets in physical and electronic formats according to the established information classification scheme as per the <CLIENT> Data Security Policy (<CLIENT>-ORG-IMS-POL-003).
                a) Develop detailed procedures to give guidance on where and how labels are attached in consideration of how the information is accessed or the assets are handled depending on the types of media.
                b) Ensure that output from systems carry an appropriate classification label aligned to <CLIENT> Data Security Policy (<CLIENT>-ORG-IMS-POL-003).
                c) Ensure labels are easily recognizable and are included in emails, header, and footer of manually created or system-generated documents.    
            5.3.2 Ensure appropriate awareness is provided to employees and third-party users regarding information labelling procedures.",,,,,,
M1.3.5__clientname-IS-POL-00-Asset Management Policy 6_passage_9,retrieval,M1.3.5,M1,Identification of Risks,The entity shall identify and properly manage the risks related to its information and information systems from business processes involving external parties,5,"a,b,c,d,e","a: The entity shall:
b: identify risks to its information and information systems and implement the appropriate controls before granting access to any external party
c: define an external party access policy
d: identify and adopt proper controls to limit physical and logical access to information assets and entity information systems
e: monitor external party access to entity information and entity information systems",clientname-IS-POL-00-Asset Management Policy 6_passage_9,5.3 Asset Labelling,"<CLIENT> shall:
            5.3.1 Label information assets in physical and electronic formats according to the established information classification scheme as per the <CLIENT> Data Security Policy (<CLIENT>-ORG-IMS-POL-003).
                a) Develop detailed procedures to give guidance on where and how labels are attached in consideration of how the information is accessed or the assets are handled depending on the types of media.
                b) Ensure that output from systems carry an appropriate classification label aligned to <CLIENT> Data Security Policy (<CLIENT>-ORG-IMS-POL-003).
                c) Ensure labels are easily recognizable and are included in emails, header, and footer of manually created or system-generated documents.    
            5.3.2 Ensure appropriate awareness is provided to employees and third-party users regarding information labelling procedures.",,,,,,
M1.4.3__clientname-IS-POL-00-Asset Management Policy 6_passage_9,retrieval,M1.4.3,M1,Documentation,"The entity shall maintain, protect and control documentation of its information security controls and their implementation.",12,"a,b,c,d,e,f,g,h,i,j,k,l","a: The entity shall ensure that
b: documents are approved prior to issue
c: documents are reviewed and updated as necessary
d: changes and the current revision status of documents are identified
e: documents remain legible and readily identifiable
f: documents are available to those who need them, are transferred, and stored in accordance with the procedures applicable to their classification
g: documents are disposed of in accordance with the procedures applicable to their classification
h: documents of external origin are identified
i: the distribution of documents is controlled
j: the unintended use of obsolete documents is prevented, and that up to date versions are available
k: suitable identification is applied to documents if they are retained for any purpose The entity shall document the compliance with the “mandatory” controls in a way that allows unique reference to the requirements of this Regulatio
l: (Sample Compliance Template may be provided by TRA in this regard).",clientname-IS-POL-00-Asset Management Policy 6_passage_9,5.3 Asset Labelling,"<CLIENT> shall:
            5.3.1 Label information assets in physical and electronic formats according to the established information classification scheme as per the <CLIENT> Data Security Policy (<CLIENT>-ORG-IMS-POL-003).
                a) Develop detailed procedures to give guidance on where and how labels are attached in consideration of how the information is accessed or the assets are handled depending on the types of media.
                b) Ensure that output from systems carry an appropriate classification label aligned to <CLIENT> Data Security Policy (<CLIENT>-ORG-IMS-POL-003).
                c) Ensure labels are easily recognizable and are included in emails, header, and footer of manually created or system-generated documents.    
            5.3.2 Ensure appropriate awareness is provided to employees and third-party users regarding information labelling procedures.",,,,,,
M4.3.1__clientname-IS-POL-00-Asset Management Policy 6_passage_9,retrieval,M4.3.1,M4,Management,"The entity’s management shall require employees, contractors and third party users to apply security in accordance with established policies and procedures of the entity.",4,"a,b,c,d","a: The entity shall:
b: include in human resources security policy that employees, contractors and third party users have to comply with entity security policies and procedures
c: inform all employees, contractors and third parties of the security policies they are required to be compliant with
d: present, on first access, relevant security policy/guidelines for users to read and accept",clientname-IS-POL-00-Asset Management Policy 6_passage_9,5.3 Asset Labelling,"<CLIENT> shall:
            5.3.1 Label information assets in physical and electronic formats according to the established information classification scheme as per the <CLIENT> Data Security Policy (<CLIENT>-ORG-IMS-POL-003).
                a) Develop detailed procedures to give guidance on where and how labels are attached in consideration of how the information is accessed or the assets are handled depending on the types of media.
                b) Ensure that output from systems carry an appropriate classification label aligned to <CLIENT> Data Security Policy (<CLIENT>-ORG-IMS-POL-003).
                c) Ensure labels are easily recognizable and are included in emails, header, and footer of manually created or system-generated documents.    
            5.3.2 Ensure appropriate awareness is provided to employees and third-party users regarding information labelling procedures.",,,,,,
M5.5.2__clientname-IS-POL-00-Asset Management Policy 6_passage_9,retrieval,M5.5.2,M5,Protection of Information,The entity shall protect access to information systems audit tools to prevent any possible misuse or compromise.,4,"a,b,c,d","a: The entity shall:
b: identify all information systems audit tools
c: identify the types and classification levels of information stored in information systems audit tools
d: define minimum security requirements for information systems audit tools commensurate to the classification levels of the information held",clientname-IS-POL-00-Asset Management Policy 6_passage_9,5.3 Asset Labelling,"<CLIENT> shall:
            5.3.1 Label information assets in physical and electronic formats according to the established information classification scheme as per the <CLIENT> Data Security Policy (<CLIENT>-ORG-IMS-POL-003).
                a) Develop detailed procedures to give guidance on where and how labels are attached in consideration of how the information is accessed or the assets are handled depending on the types of media.
                b) Ensure that output from systems carry an appropriate classification label aligned to <CLIENT> Data Security Policy (<CLIENT>-ORG-IMS-POL-003).
                c) Ensure labels are easily recognizable and are included in emails, header, and footer of manually created or system-generated documents.    
            5.3.2 Ensure appropriate awareness is provided to employees and third-party users regarding information labelling procedures.",,,,,,
T2.1.1__clientname-IS-POL-00-Asset Management Policy 6_passage_9,retrieval,T2.1.1,T2,Physical and Environmental,The entity shall develop and maintain a physical and environmental security policy to ensure appropriate physical protection of assets.,8,"a,b,c,d,e,g,h,i","a: The physical and environmental security policy shall:
b: be appropriate to the purpose of the entity
c: include statement of the management commitment, purpose, objective and scope of the policy
d: outline the roles and responsibilities for the physical and environmental security
e: consider the Information Assets classification and their physical location (storage, processing, transfe
g: be documented and communicated to all users
h: be read and acknowledged formally by all users
i: be maintained, reviewed and updated at planned intervals or if significant changes occur",clientname-IS-POL-00-Asset Management Policy 6_passage_9,5.3 Asset Labelling,"<CLIENT> shall:
            5.3.1 Label information assets in physical and electronic formats according to the established information classification scheme as per the <CLIENT> Data Security Policy (<CLIENT>-ORG-IMS-POL-003).
                a) Develop detailed procedures to give guidance on where and how labels are attached in consideration of how the information is accessed or the assets are handled depending on the types of media.
                b) Ensure that output from systems carry an appropriate classification label aligned to <CLIENT> Data Security Policy (<CLIENT>-ORG-IMS-POL-003).
                c) Ensure labels are easily recognizable and are included in emails, header, and footer of manually created or system-generated documents.    
            5.3.2 Ensure appropriate awareness is provided to employees and third-party users regarding information labelling procedures.",,,,,,
T2.2.1__clientname-IS-POL-00-Asset Management Policy 6_passage_9,retrieval,T2.2.1,T2,Physical Security Perimeter,"The entity shall use security perimeters (barriers such as walls, card controlled entry gates or manned reception desks) to protect areas that contain information and information systems.",4,"a,b,c,d","a: The entity shall:
b: identify and classify security areas based on the assets and information they process or contain
c: define security perimeters for every classified security level to ensure the right level of protection is applied
d: ensure the right security countermeasures are adopted to protect areas that contain information and information systems",clientname-IS-POL-00-Asset Management Policy 6_passage_9,5.3 Asset Labelling,"<CLIENT> shall:
            5.3.1 Label information assets in physical and electronic formats according to the established information classification scheme as per the <CLIENT> Data Security Policy (<CLIENT>-ORG-IMS-POL-003).
                a) Develop detailed procedures to give guidance on where and how labels are attached in consideration of how the information is accessed or the assets are handled depending on the types of media.
                b) Ensure that output from systems carry an appropriate classification label aligned to <CLIENT> Data Security Policy (<CLIENT>-ORG-IMS-POL-003).
                c) Ensure labels are easily recognizable and are included in emails, header, and footer of manually created or system-generated documents.    
            5.3.2 Ensure appropriate awareness is provided to employees and third-party users regarding information labelling procedures.",,,,,,
T4.2.5__clientname-IS-POL-00-Asset Management Policy 6_passage_9,retrieval,T4.2.5,T4,Business Information,The entity shall develop policies and procedures to protect information transferred across business information systems.,5,"a,b,c,d,e","a: The policies and procedures shall:
b: identify all points of interconnection between business information systems
c: identify the types of information to be protected regarding the identified interconnections
d: identify appropriate security measures to be taken to protect each type of information
e: be documented, maintained, reviewed and updated at planned intervals or if significant changes occur",clientname-IS-POL-00-Asset Management Policy 6_passage_9,5.3 Asset Labelling,"<CLIENT> shall:
            5.3.1 Label information assets in physical and electronic formats according to the established information classification scheme as per the <CLIENT> Data Security Policy (<CLIENT>-ORG-IMS-POL-003).
                a) Develop detailed procedures to give guidance on where and how labels are attached in consideration of how the information is accessed or the assets are handled depending on the types of media.
                b) Ensure that output from systems carry an appropriate classification label aligned to <CLIENT> Data Security Policy (<CLIENT>-ORG-IMS-POL-003).
                c) Ensure labels are easily recognizable and are included in emails, header, and footer of manually created or system-generated documents.    
            5.3.2 Ensure appropriate awareness is provided to employees and third-party users regarding information labelling procedures.",,,,,,
T7.3.1__clientname-IS-POL-00-Asset Management Policy 6_passage_9,retrieval,T7.3.1,T7,Input Data Validation,The entity shall validate data input to applications to ensure that this data is correct and appropriate.,4,"a,b,c,d","a: The entity shall:
b: define a set of guidelines or parameters to be used to validate data input into applications
c: define a set of values for each guideline or parameter to identify acceptable and unacceptable values
d: provide guidance on how to validate each guideline or parameter",clientname-IS-POL-00-Asset Management Policy 6_passage_9,5.3 Asset Labelling,"<CLIENT> shall:
            5.3.1 Label information assets in physical and electronic formats according to the established information classification scheme as per the <CLIENT> Data Security Policy (<CLIENT>-ORG-IMS-POL-003).
                a) Develop detailed procedures to give guidance on where and how labels are attached in consideration of how the information is accessed or the assets are handled depending on the types of media.
                b) Ensure that output from systems carry an appropriate classification label aligned to <CLIENT> Data Security Policy (<CLIENT>-ORG-IMS-POL-003).
                c) Ensure labels are easily recognizable and are included in emails, header, and footer of manually created or system-generated documents.    
            5.3.2 Ensure appropriate awareness is provided to employees and third-party users regarding information labelling procedures.",,,,,,
T7.3.4__clientname-IS-POL-00-Asset Management Policy 6_passage_9,retrieval,T7.3.4,T7,Output Data Validation,The entity shall validate data output from an application,2,"a,b","a: The entity shall:
b: define output validation procedures to ensure that the processing of stored information is correct and appropriate to the circumstances",clientname-IS-POL-00-Asset Management Policy 6_passage_9,5.3 Asset Labelling,"<CLIENT> shall:
            5.3.1 Label information assets in physical and electronic formats according to the established information classification scheme as per the <CLIENT> Data Security Policy (<CLIENT>-ORG-IMS-POL-003).
                a) Develop detailed procedures to give guidance on where and how labels are attached in consideration of how the information is accessed or the assets are handled depending on the types of media.
                b) Ensure that output from systems carry an appropriate classification label aligned to <CLIENT> Data Security Policy (<CLIENT>-ORG-IMS-POL-003).
                c) Ensure labels are easily recognizable and are included in emails, header, and footer of manually created or system-generated documents.    
            5.3.2 Ensure appropriate awareness is provided to employees and third-party users regarding information labelling procedures.",,,,,,
M5.2.5__clientname-IS-POL-00-Asset Management Policy 6_passage_9,neg_sample,M5.2.5,M5,"Prevention of Misuse of Information A.15.1.5 AC-8, AU-6, PL-4, PS- 11.5.1 NONE Systems 6, PS-8, SA-7",,0,,(no sub-controls — judge on description),clientname-IS-POL-00-Asset Management Policy 6_passage_9,5.3 Asset Labelling,"<CLIENT> shall:
            5.3.1 Label information assets in physical and electronic formats according to the established information classification scheme as per the <CLIENT> Data Security Policy (<CLIENT>-ORG-IMS-POL-003).
                a) Develop detailed procedures to give guidance on where and how labels are attached in consideration of how the information is accessed or the assets are handled depending on the types of media.
                b) Ensure that output from systems carry an appropriate classification label aligned to <CLIENT> Data Security Policy (<CLIENT>-ORG-IMS-POL-003).
                c) Ensure labels are easily recognizable and are included in emails, header, and footer of manually created or system-generated documents.    
            5.3.2 Ensure appropriate awareness is provided to employees and third-party users regarding information labelling procedures.",,,,,,
T7.4.1__clientname-IS-POL-00-Asset Management Policy 6_passage_9,neg_sample,T7.4.1,T7,"Policy on the Use of Cryptographic A.12.3.1 Multiple controls 12.3.1 IS.5 Controls address cryptography (e.g., IA-7, SC-8, SC-9, SC-12, SC-13)",,0,,(no sub-controls — judge on description),clientname-IS-POL-00-Asset Management Policy 6_passage_9,5.3 Asset Labelling,"<CLIENT> shall:
            5.3.1 Label information assets in physical and electronic formats according to the established information classification scheme as per the <CLIENT> Data Security Policy (<CLIENT>-ORG-IMS-POL-003).
                a) Develop detailed procedures to give guidance on where and how labels are attached in consideration of how the information is accessed or the assets are handled depending on the types of media.
                b) Ensure that output from systems carry an appropriate classification label aligned to <CLIENT> Data Security Policy (<CLIENT>-ORG-IMS-POL-003).
                c) Ensure labels are easily recognizable and are included in emails, header, and footer of manually created or system-generated documents.    
            5.3.2 Ensure appropriate awareness is provided to employees and third-party users regarding information labelling procedures.",,,,,,
